G190	G618	1
G190	G1494	1
G190	G1060	1
G190	G271	1
G190	G534	1
G190	G871	1
G190	G269	1
G190	G143	1
G190	G1488	1
G190	G1014	1
G190	G16	1
G190	G54	1
G190	G274	1
G190	G805	1
G190	G1398	1
G190	G146	1
G190	G1203	1
G190	G607	1
G609	G674	1
G609	G1251	1
G609	G580	1
G609	G134	1
G609	G643	1
G609	G1222	1
G609	G1494	1
G609	G373	1
G609	G37	1
G609	G1060	1
G609	G574	1
G609	G207	1
G609	G523	1
G609	G388	1
G609	G1312	1
G609	G319	1
G609	G871	1
G609	G492	1
G609	G380	1
G609	G269	1
G609	G765	1
G609	G483	1
G609	G333	1
G609	G1005	1
G609	G218	1
G609	G612	1
G609	G263	1
G609	G1488	1
G609	G1325	1
G609	G12	1
G609	G1126	1
G609	G577	1
G609	G189	1
G609	G317	1
G609	G538	1
G609	G774	1
G609	G383	1
G609	G270	1
G609	G413	1
G609	G197	1
G609	G1602	1
G609	G255	1
G609	G1322	1
G609	G357	1
G609	G578	1
G609	G1203	1
G609	G1213	1
G609	G607	1
G609	G0	1
G609	G1313	1
G609	G407	1
G609	G33	1
G609	G502	1
G391	G991	1
G391	G1273	1
G391	G1487	1
G391	G1611	1
G391	G1171	1
G391	G1031	1
G391	G775	1
G391	G1408	1
G391	G818	1
G391	G967	1
G391	G316	1
G391	G1068	1
G391	G480	1
G391	G1186	1
G391	G1332	1
G391	G930	1
G391	G796	1
G391	G290	1
G391	G807	1
G391	G467	1
G391	G494	1
G391	G1369	1
G391	G1093	1
G391	G580	1
G391	G986	1
G391	G1432	1
G391	G1453	1
G391	G1112	1
G391	G134	1
G391	G283	1
G391	G1009	1
G391	G1341	1
G391	G525	1
G391	G1377	1
G391	G895	1
G391	G609	1
G391	G473	1
G391	G643	1
G391	G1067	1
G391	G1451	1
G391	G1616	1
G391	G1297	1
G391	G1326	1
G391	G395	1
G391	G1095	1
G391	G322	1
G391	G352	1
G391	G1206	1
G391	G1384	1
G391	G1505	1
G391	G1416	1
G391	G1018	1
G391	G1486	1
G391	G488	1
G391	G585	1
G391	G161	1
G391	G620	1
G391	G1549	1
G391	G984	1
G391	G622	1
G391	G1494	1
G391	G576	1
G391	G1056	1
G391	G844	1
G391	G850	1
G391	G1436	1
G391	G133	1
G391	G382	1
G391	G574	1
G391	G1560	1
G391	G1407	1
G391	G1461	1
G391	G335	1
G391	G207	1
G391	G523	1
G391	G1521	1
G391	G751	1
G391	G305	1
G391	G695	1
G391	G654	1
G391	G582	1
G391	G89	1
G391	G150	1
G391	G946	1
G391	G534	1
G391	G1055	1
G391	G1224	1
G391	G375	1
G391	G911	1
G391	G462	1
G391	G524	1
G391	G97	1
G391	G17	1
G391	G1593	1
G391	G1168	1
G391	G1142	1
G391	G1312	1
G391	G681	1
G391	G1614	1
G391	G764	1
G391	G484	1
G391	G1205	1
G391	G858	1
G391	G1133	1
G391	G505	1
G391	G188	1
G391	G209	1
G391	G6	1
G391	G203	1
G391	G319	1
G391	G1438	1
G391	G950	1
G391	G1427	1
G391	G645	1
G391	G931	1
G391	G492	1
G391	G380	1
G391	G269	1
G391	G169	1
G391	G648	1
G391	G892	1
G391	G1015	1
G391	G470	1
G391	G90	1
G391	G1329	1
G391	G1473	1
G391	G1216	1
G391	G155	1
G391	G1387	1
G391	G789	1
G391	G961	1
G391	G1000	1
G391	G706	1
G391	G428	1
G391	G1285	1
G391	G149	1
G391	G1379	1
G391	G590	1
G391	G722	1
G391	G1005	1
G391	G734	1
G391	G347	1
G391	G218	1
G391	G1073	1
G391	G329	1
G391	G1007	1
G391	G102	1
G391	G612	1
G391	G263	1
G391	G1318	1
G391	G1435	1
G391	G1514	1
G391	G403	1
G391	G864	1
G391	G410	1
G391	G1114	1
G391	G234	1
G391	G1014	1
G391	G1366	1
G391	G1445	1
G391	G1075	1
G391	G1165	1
G391	G1448	1
G391	G869	1
G391	G1089	1
G391	G1551	1
G391	G746	1
G391	G688	1
G391	G1180	1
G391	G754	1
G391	G786	1
G391	G1567	1
G391	G577	1
G391	G773	1
G391	G1299	1
G391	G1546	1
G391	G1391	1
G391	G1084	1
G391	G313	1
G391	G1215	1
G391	G1531	1
G391	G558	1
G391	G189	1
G391	G739	1
G391	G1257	1
G391	G1232	1
G391	G779	1
G391	G703	1
G391	G1181	1
G391	G538	1
G391	G774	1
G391	G475	1
G391	G1011	1
G391	G1333	1
G391	G745	1
G391	G928	1
G391	G185	1
G391	G52	1
G391	G1077	1
G391	G199	1
G391	G229	1
G391	G220	1
G391	G181	1
G391	G306	1
G391	G412	1
G391	G954	1
G391	G935	1
G391	G800	1
G391	G429	1
G391	G508	1
G391	G568	1
G391	G196	1
G391	G1265	1
G391	G781	1
G391	G436	1
G391	G176	1
G391	G270	1
G391	G291	1
G391	G321	1
G391	G184	1
G391	G1166	1
G391	G772	1
G391	G997	1
G391	G945	1
G391	G740	1
G391	G1276	1
G391	G378	1
G391	G760	1
G391	G665	1
G391	G318	1
G391	G1212	1
G391	G1480	1
G391	G69	1
G391	G413	1
G391	G813	1
G391	G1177	1
G391	G289	1
G391	G1573	1
G391	G982	1
G391	G805	1
G391	G1564	1
G391	G341	1
G391	G55	1
G391	G1043	1
G391	G1374	1
G391	G1584	1
G391	G453	1
G391	G1485	1
G391	G39	1
G391	G1519	1
G391	G908	1
G391	G968	1
G391	G1245	1
G391	G1295	1
G391	G364	1
G391	G1139	1
G391	G58	1
G391	G255	1
G391	G450	1
G391	G1255	1
G391	G1322	1
G391	G1120	1
G391	G357	1
G391	G449	1
G391	G670	1
G391	G1534	1
G391	G1267	1
G391	G959	1
G391	G925	1
G391	G614	1
G391	G126	1
G391	G354	1
G391	G1042	1
G391	G973	1
G391	G485	1
G391	G578	1
G391	G1170	1
G391	G689	1
G391	G1063	1
G391	G1261	1
G391	G633	1
G391	G65	1
G391	G1484	1
G391	G607	1
G391	G460	1
G391	G231	1
G391	G1439	1
G391	G246	1
G391	G1202	1
G391	G1503	1
G391	G247	1
G391	G0	1
G391	G1119	1
G391	G442	1
G391	G1198	1
G391	G1555	1
G391	G1020	1
G391	G1130	1
G391	G559	1
G391	G1449	1
G391	G370	1
G391	G1465	1
G391	G423	1
G391	G359	1
G391	G1390	1
G391	G1404	1
G391	G407	1
G391	G1450	1
G391	G1467	1
G391	G885	1
G391	G1159	1
G391	G302	1
G391	G1169	1
G391	G1516	1
G391	G691	1
G391	G1293	1
G391	G794	1
G391	G211	1
G391	G897	1
G391	G1591	1
G391	G1105	1
G391	G325	1
G391	G448	1
G391	G216	1
G391	G33	1
G391	G137	1
G391	G482	1
G391	G34	1
G391	G1324	1
G391	G1596	1
G391	G845	1
G391	G105	1
G391	G518	1
G261	G991	1
G261	G1355	1
G261	G1487	1
G261	G190	1
G261	G775	1
G261	G543	1
G261	G967	1
G261	G316	1
G261	G819	1
G261	G650	1
G261	G1280	1
G261	G1348	1
G261	G1186	1
G261	G1411	1
G261	G1332	1
G261	G1035	1
G261	G796	1
G261	G1217	1
G261	G990	1
G261	G741	1
G261	G1137	1
G261	G986	1
G261	G1317	1
G261	G283	1
G261	G32	1
G261	G1158	1
G261	G963	1
G261	G1268	1
G261	G643	1
G261	G1406	1
G261	G1262	1
G261	G1086	1
G261	G352	1
G261	G1246	1
G261	G1128	1
G261	G1416	1
G261	G1600	1
G261	G1222	1
G261	G1132	1
G261	G23	1
G261	G899	1
G261	G161	1
G261	G1569	1
G261	G1056	1
G261	G373	1
G261	G1436	1
G261	G1396	1
G261	G459	1
G261	G1060	1
G261	G335	1
G261	G466	1
G261	G1344	1
G261	G751	1
G261	G1087	1
G261	G97	1
G261	G1168	1
G261	G1142	1
G261	G1614	1
G261	G203	1
G261	G1438	1
G261	G662	1
G261	G492	1
G261	G269	1
G261	G169	1
G261	G1197	1
G261	G1196	1
G261	G1015	1
G261	G90	1
G261	G1329	1
G261	G721	1
G261	G1314	1
G261	G706	1
G261	G1285	1
G261	G590	1
G261	G1443	1
G261	G102	1
G261	G612	1
G261	G1478	1
G261	G1318	1
G261	G1264	1
G261	G1548	1
G261	G91	1
G261	G403	1
G261	G864	1
G261	G338	1
G261	G1294	1
G261	G1114	1
G261	G1321	1
G261	G363	1
G261	G234	1
G261	G1014	1
G261	G1366	1
G261	G1445	1
G261	G1075	1
G261	G1165	1
G261	G1089	1
G261	G1431	1
G261	G1325	1
G261	G1402	1
G261	G1180	1
G261	G786	1
G261	G1315	1
G261	G577	1
G261	G843	1
G261	G773	1
G261	G833	1
G261	G1231	1
G261	G1210	1
G261	G1391	1
G261	G1084	1
G261	G1504	1
G261	G1215	1
G261	G888	1
G261	G739	1
G261	G1232	1
G261	G703	1
G261	G5	1
G261	G432	1
G261	G16	1
G261	G1011	1
G261	G1333	1
G261	G1319	1
G261	G52	1
G261	G303	1
G261	G99	1
G261	G882	1
G261	G232	1
G261	G608	1
G261	G935	1
G261	G429	1
G261	G1026	1
G261	G345	1
G261	G456	1
G261	G1117	1
G261	G176	1
G261	G1166	1
G261	G1004	1
G261	G772	1
G261	G1367	1
G261	G836	1
G261	G413	1
G261	G463	1
G261	G637	1
G261	G1403	1
G261	G1177	1
G261	G54	1
G261	G1167	1
G261	G1334	1
G261	G1146	1
G261	G507	1
G261	G55	1
G261	G1281	1
G261	G1374	1
G261	G275	1
G261	G39	1
G261	G1398	1
G261	G315	1
G261	G1131	1
G261	G1241	1
G261	G1002	1
G261	G1139	1
G261	G1052	1
G261	G1012	1
G261	G716	1
G261	G1121	1
G261	G1322	1
G261	G433	1
G261	G875	1
G261	G909	1
G261	G1340	1
G261	G960	1
G261	G978	1
G261	G866	1
G261	G689	1
G261	G1342	1
G261	G1458	1
G261	G1261	1
G261	G1174	1
G261	G147	1
G261	G460	1
G261	G1439	1
G261	G1518	1
G261	G1202	1
G261	G247	1
G261	G415	1
G261	G1555	1
G261	G1020	1
G261	G640	1
G261	G1096	1
G261	G1449	1
G261	G44	1
G261	G94	1
G261	G1404	1
G261	G1253	1
G261	G1450	1
G261	G1159	1
G261	G1169	1
G261	G532	1
G261	G794	1
G261	G101	1
G261	G216	1
G261	G546	1
G261	G502	1
G261	G251	1
G261	G1596	1
G261	G823	1
G586	G1273	1
G586	G1332	1
G586	G535	1
G586	G895	1
G586	G37	1
G586	G1060	1
G586	G335	1
G586	G1087	1
G586	G17	1
G586	G871	1
G586	G269	1
G586	G765	1
G586	G1005	1
G586	G218	1
G586	G403	1
G586	G1321	1
G586	G103	1
G586	G703	1
G586	G882	1
G586	G608	1
G586	G954	1
G586	G429	1
G586	G196	1
G586	G436	1
G586	G1601	1
G586	G270	1
G586	G1166	1
G586	G1276	1
G586	G413	1
G586	G982	1
G586	G39	1
G586	G866	1
G586	G633	1
G586	G65	1
G586	G1202	1
G586	G885	1
G586	G794	1
G586	G251	1
G458	G1060	1
G458	G271	1
G458	G871	1
G458	G11	1
G458	G451	1
G458	G1366	1
G458	G1165	1
G458	G1210	1
G458	G1391	1
G458	G1572	1
G458	G54	1
G458	G116	1
G458	G39	1
G458	G1213	1
G458	G1484	1
G458	G607	1
G458	G1127	1
G492	G991	1
G492	G1543	1
G492	G1565	1
G492	G1355	1
G492	G1487	1
G492	G1611	1
G492	G1171	1
G492	G1031	1
G492	G1483	1
G492	G1408	1
G492	G1577	1
G492	G543	1
G492	G818	1
G492	G316	1
G492	G947	1
G492	G1068	1
G492	G650	1
G492	G480	1
G492	G1280	1
G492	G1286	1
G492	G1348	1
G492	G567	1
G492	G1186	1
G492	G1049	1
G492	G979	1
G492	G1411	1
G492	G1332	1
G492	G1251	1
G492	G660	1
G492	G1035	1
G492	G796	1
G492	G526	1
G492	G290	1
G492	G1610	1
G492	G708	1
G492	G1217	1
G492	G328	1
G492	G109	1
G492	G1369	1
G492	G1515	1
G492	G741	1
G492	G690	1
G492	G240	1
G492	G1061	1
G492	G580	1
G492	G1453	1
G492	G134	1
G492	G535	1
G492	G1009	1
G492	G1341	1
G492	G1364	1
G492	G1377	1
G492	G895	1
G492	G1268	1
G492	G514	1
G492	G398	1
G492	G609	1
G492	G473	1
G492	G643	1
G492	G1406	1
G492	G1067	1
G492	G1451	1
G492	G943	1
G492	G886	1
G492	G1297	1
G492	G1326	1
G492	G351	1
G492	G1095	1
G492	G1249	1
G492	G295	1
G492	G322	1
G492	G352	1
G492	G1292	1
G492	G1247	1
G492	G1384	1
G492	G962	1
G492	G1529	1
G492	G1416	1
G492	G910	1
G492	G1600	1
G492	G1018	1
G492	G784	1
G492	G742	1
G492	G1222	1
G492	G1132	1
G492	G906	1
G492	G1256	1
G492	G488	1
G492	G23	1
G492	G585	1
G492	G899	1
G492	G1569	1
G492	G1549	1
G492	G1234	1
G492	G812	1
G492	G1517	1
G492	G1211	1
G492	G1304	1
G492	G622	1
G492	G1494	1
G492	G1056	1
G492	G844	1
G492	G1124	1
G492	G373	1
G492	G1578	1
G492	G459	1
G492	G382	1
G492	G37	1
G492	G1060	1
G492	G965	1
G492	G476	1
G492	G1560	1
G492	G573	1
G492	G1461	1
G492	G1238	1
G492	G1521	1
G492	G305	1
G492	G695	1
G492	G916	1
G492	G226	1
G492	G89	1
G492	G150	1
G492	G369	1
G492	G632	1
G492	G857	1
G492	G946	1
G492	G534	1
G492	G1055	1
G492	G1087	1
G492	G1224	1
G492	G389	1
G492	G793	1
G492	G1022	1
G492	G462	1
G492	G97	1
G492	G554	1
G492	G17	1
G492	G1593	1
G492	G1168	1
G492	G759	1
G492	G1244	1
G492	G1368	1
G492	G995	1
G492	G1142	1
G492	G957	1
G492	G1312	1
G492	G681	1
G492	G1614	1
G492	G764	1
G492	G484	1
G492	G1205	1
G492	G1447	1
G492	G858	1
G492	G1141	1
G492	G1133	1
G492	G188	1
G492	G209	1
G492	G458	1
G492	G1182	1
G492	G203	1
G492	G319	1
G492	G871	1
G492	G737	1
G492	G733	1
G492	G950	1
G492	G636	1
G492	G645	1
G492	G891	1
G492	G931	1
G492	G380	1
G492	G269	1
G492	G169	1
G492	G693	1
G492	G1495	1
G492	G723	1
G492	G648	1
G492	G892	1
G492	G1015	1
G492	G470	1
G492	G90	1
G492	G626	1
G492	G1329	1
G492	G1216	1
G492	G155	1
G492	G789	1
G492	G1285	1
G492	G1597	1
G492	G149	1
G492	G194	1
G492	G252	1
G492	G765	1
G492	G444	1
G492	G1379	1
G492	G48	1
G492	G483	1
G492	G722	1
G492	G1183	1
G492	G35	1
G492	G937	1
G492	G1069	1
G492	G795	1
G492	G1005	1
G492	G8	1
G492	G118	1
G492	G734	1
G492	G1073	1
G492	G870	1
G492	G329	1
G492	G1497	1
G492	G60	1
G492	G1007	1
G492	G1443	1
G492	G612	1
G492	G731	1
G492	G1025	1
G492	G1478	1
G492	G1318	1
G492	G1346	1
G492	G1548	1
G492	G1514	1
G492	G403	1
G492	G451	1
G492	G1013	1
G492	G664	1
G492	G338	1
G492	G1392	1
G492	G410	1
G492	G918	1
G492	G1294	1
G492	G1114	1
G492	G166	1
G492	G312	1
G492	G1321	1
G492	G1488	1
G492	G103	1
G492	G234	1
G492	G340	1
G492	G1366	1
G492	G1165	1
G492	G869	1
G492	G1089	1
G492	G746	1
G492	G1157	1
G492	G1431	1
G492	G688	1
G492	G754	1
G492	G786	1
G492	G1567	1
G492	G12	1
G492	G1126	1
G492	G577	1
G492	G1349	1
G492	G843	1
G492	G773	1
G492	G833	1
G492	G1299	1
G492	G1210	1
G492	G1391	1
G492	G390	1
G492	G1084	1
G492	G313	1
G492	G28	1
G492	G1504	1
G492	G168	1
G492	G1553	1
G492	G975	1
G492	G888	1
G492	G317	1
G492	G9	1
G492	G739	1
G492	G868	1
G492	G1533	1
G492	G297	1
G492	G1008	1
G492	G1232	1
G492	G1512	1
G492	G779	1
G492	G5	1
G492	G1181	1
G492	G1506	1
G492	G538	1
G492	G774	1
G492	G309	1
G492	G475	1
G492	G1011	1
G492	G1333	1
G492	G1051	1
G492	G745	1
G492	G1228	1
G492	G928	1
G492	G750	1
G492	G185	1
G492	G282	1
G492	G1077	1
G492	G199	1
G492	G303	1
G492	G99	1
G492	G421	1
G492	G882	1
G492	G1468	1
G492	G591	1
G492	G608	1
G492	G954	1
G492	G935	1
G492	G800	1
G492	G429	1
G492	G510	1
G492	G85	1
G492	G568	1
G492	G1265	1
G492	G926	1
G492	G1026	1
G492	G700	1
G492	G345	1
G492	G744	1
G492	G781	1
G492	G456	1
G492	G841	1
G492	G834	1
G492	G1050	1
G492	G1601	1
G492	G587	1
G492	G270	1
G492	G291	1
G492	G321	1
G492	G184	1
G492	G1166	1
G492	G1004	1
G492	G1310	1
G492	G772	1
G492	G701	1
G492	G1138	1
G492	G997	1
G492	G945	1
G492	G740	1
G492	G1367	1
G492	G1276	1
G492	G378	1
G492	G665	1
G492	G257	1
G492	G1617	1
G492	G1212	1
G492	G1480	1
G492	G69	1
G492	G921	1
G492	G813	1
G492	G1403	1
G492	G964	1
G492	G726	1
G492	G1192	1
G492	G1177	1
G492	G274	1
G492	G334	1
G492	G584	1
G492	G289	1
G492	G901	1
G492	G1167	1
G492	G1573	1
G492	G982	1
G492	G805	1
G492	G1080	1
G492	G1564	1
G492	G1602	1
G492	G801	1
G492	G603	1
G492	G55	1
G492	G1281	1
G492	G615	1
G492	G1043	1
G492	G1584	1
G492	G904	1
G492	G453	1
G492	G1135	1
G492	G210	1
G492	G83	1
G492	G771	1
G492	G1400	1
G492	G495	1
G492	G1485	1
G492	G39	1
G492	G1519	1
G492	G1398	1
G492	G908	1
G492	G1311	1
G492	G1295	1
G492	G1195	1
G492	G364	1
G492	G409	1
G492	G58	1
G492	G255	1
G492	G1071	1
G492	G1298	1
G492	G1083	1
G492	G1052	1
G492	G912	1
G492	G1255	1
G492	G716	1
G492	G1121	1
G492	G1322	1
G492	G1134	1
G492	G1446	1
G492	G1111	1
G492	G449	1
G492	G785	1
G492	G880	1
G492	G1510	1
G492	G670	1
G492	G1534	1
G492	G1340	1
G492	G915	1
G492	G1267	1
G492	G959	1
G492	G925	1
G492	G614	1
G492	G111	1
G492	G2	1
G492	G861	1
G492	G354	1
G492	G236	1
G492	G985	1
G492	G1042	1
G492	G994	1
G492	G998	1
G492	G816	1
G492	G146	1
G492	G285	1
G492	G485	1
G492	G119	1
G492	G578	1
G492	G978	1
G492	G205	1
G492	G1170	1
G492	G689	1
G492	G1342	1
G492	G1203	1
G492	G1335	1
G492	G1213	1
G492	G1063	1
G492	G1261	1
G492	G633	1
G492	G65	1
G492	G198	1
G492	G677	1
G492	G1147	1
G492	G1019	1
G492	G1484	1
G492	G147	1
G492	G684	1
G492	G607	1
G492	G460	1
G492	G231	1
G492	G1439	1
G492	G81	1
G492	G246	1
G492	G1469	1
G492	G1202	1
G492	G1503	1
G492	G247	1
G492	G0	1
G492	G1590	1
G492	G1119	1
G492	G1039	1
G492	G1260	1
G492	G1198	1
G492	G447	1
G492	G1555	1
G492	G1313	1
G492	G1020	1
G492	G1330	1
G492	G1130	1
G492	G1016	1
G492	G1474	1
G492	G728	1
G492	G1127	1
G492	G559	1
G492	G1449	1
G492	G519	1
G492	G359	1
G492	G1098	1
G492	G1390	1
G492	G1454	1
G492	G761	1
G492	G1606	1
G492	G302	1
G492	G1169	1
G492	G1516	1
G492	G1336	1
G492	G691	1
G492	G1293	1
G492	G794	1
G492	G1591	1
G492	G101	1
G492	G446	1
G492	G325	1
G492	G448	1
G492	G1595	1
G492	G33	1
G492	G546	1
G492	G137	1
G492	G45	1
G492	G251	1
G492	G34	1
G492	G1324	1
G492	G105	1
G492	G124	1
G492	G445	1
G27	G1543	1
G27	G1487	1
G27	G1031	1
G27	G775	1
G27	G1237	1
G27	G818	1
G27	G967	1
G27	G1038	1
G27	G697	1
G27	G947	1
G27	G1068	1
G27	G1348	1
G27	G567	1
G27	G1186	1
G27	G1049	1
G27	G979	1
G27	G1411	1
G27	G1332	1
G27	G1251	1
G27	G1035	1
G27	G46	1
G27	G290	1
G27	G1610	1
G27	G1217	1
G27	G807	1
G27	G1515	1
G27	G1093	1
G27	G240	1
G27	G1317	1
G27	G619	1
G27	G283	1
G27	G1341	1
G27	G426	1
G27	G437	1
G27	G520	1
G27	G763	1
G27	G895	1
G27	G963	1
G27	G1268	1
G27	G1179	1
G27	G1091	1
G27	G1406	1
G27	G1262	1
G27	G1451	1
G27	G30	1
G27	G1292	1
G27	G1416	1
G27	G1600	1
G27	G1132	1
G27	G488	1
G27	G788	1
G27	G86	1
G27	G1415	1
G27	G984	1
G27	G1494	1
G27	G576	1
G27	G1056	1
G27	G844	1
G27	G373	1
G27	G705	1
G27	G427	1
G27	G1339	1
G27	G382	1
G27	G1599	1
G27	G1414	1
G27	G574	1
G27	G1560	1
G27	G1407	1
G27	G1148	1
G27	G1461	1
G27	G1238	1
G27	G207	1
G27	G523	1
G27	G1521	1
G27	G631	1
G27	G1344	1
G27	G916	1
G27	G1388	1
G27	G226	1
G27	G89	1
G27	G150	1
G27	G391	1
G27	G1055	1
G27	G389	1
G27	G504	1
G27	G261	1
G27	G911	1
G27	G524	1
G27	G97	1
G27	G554	1
G27	G1168	1
G27	G957	1
G27	G1291	1
G27	G1614	1
G27	G1428	1
G27	G858	1
G27	G308	1
G27	G319	1
G27	G871	1
G27	G1099	1
G27	G879	1
G27	G419	1
G27	G1308	1
G27	G693	1
G27	G648	1
G27	G1176	1
G27	G1015	1
G27	G687	1
G27	G1216	1
G27	G1164	1
G27	G1387	1
G27	G1000	1
G27	G710	1
G27	G1597	1
G27	G1379	1
G27	G830	1
G27	G118	1
G27	G329	1
G27	G60	1
G27	G974	1
G27	G1007	1
G27	G263	1
G27	G1025	1
G27	G1478	1
G27	G1608	1
G27	G1318	1
G27	G403	1
G27	G1358	1
G27	G987	1
G27	G338	1
G27	G1392	1
G27	G410	1
G27	G103	1
G27	G342	1
G27	G353	1
G27	G1366	1
G27	G869	1
G27	G441	1
G27	G1431	1
G27	G1180	1
G27	G754	1
G27	G577	1
G27	G773	1
G27	G1299	1
G27	G1444	1
G27	G932	1
G27	G1084	1
G27	G1215	1
G27	G792	1
G27	G348	1
G27	G183	1
G27	G41	1
G27	G588	1
G27	G981	1
G27	G888	1
G27	G317	1
G27	G9	1
G27	G1030	1
G27	G1008	1
G27	G1232	1
G27	G1101	1
G27	G1512	1
G27	G779	1
G27	G829	1
G27	G672	1
G27	G774	1
G27	G19	1
G27	G565	1
G27	G474	1
G27	G16	1
G27	G1011	1
G27	G1333	1
G27	G185	1
G27	G533	1
G27	G52	1
G27	G1077	1
G27	G1028	1
G27	G303	1
G27	G162	1
G27	G346	1
G27	G99	1
G27	G412	1
G27	G954	1
G27	G800	1
G27	G429	1
G27	G158	1
G27	G196	1
G27	G744	1
G27	G993	1
G27	G456	1
G27	G513	1
G27	G270	1
G27	G291	1
G27	G184	1
G27	G1010	1
G27	G1004	1
G27	G701	1
G27	G1500	1
G27	G945	1
G27	G922	1
G27	G256	1
G27	G1212	1
G27	G463	1
G27	G921	1
G27	G835	1
G27	G1192	1
G27	G284	1
G27	G404	1
G27	G541	1
G27	G274	1
G27	G116	1
G27	G905	1
G27	G289	1
G27	G1092	1
G27	G197	1
G27	G1573	1
G27	G1150	1
G27	G93	1
G27	G114	1
G27	G801	1
G27	G1287	1
G27	G55	1
G27	G1043	1
G27	G1584	1
G27	G1048	1
G27	G1135	1
G27	G83	1
G27	G39	1
G27	G968	1
G27	G1241	1
G27	G1208	1
G27	G1380	1
G27	G1195	1
G27	G106	1
G27	G72	1
G27	G296	1
G27	G1071	1
G27	G1059	1
G27	G1032	1
G27	G1229	1
G27	G1255	1
G27	G1537	1
G27	G1322	1
G27	G1120	1
G27	G433	1
G27	G357	1
G27	G859	1
G27	G785	1
G27	G880	1
G27	G883	1
G27	G915	1
G27	G1499	1
G27	G959	1
G27	G298	1
G27	G557	1
G27	G985	1
G27	G814	1
G27	G1413	1
G27	G485	1
G27	G890	1
G27	G866	1
G27	G753	1
G27	G689	1
G27	G1203	1
G27	G1378	1
G27	G1458	1
G27	G633	1
G27	G65	1
G27	G153	1
G27	G186	1
G27	G684	1
G27	G460	1
G27	G231	1
G27	G26	1
G27	G81	1
G27	G1518	1
G27	G394	1
G27	G1202	1
G27	G1503	1
G27	G1590	1
G27	G447	1
G27	G907	1
G27	G1127	1
G27	G1115	1
G27	G173	1
G27	G559	1
G27	G1370	1
G27	G766	1
G27	G370	1
G27	G1465	1
G27	G519	1
G27	G361	1
G27	G53	1
G27	G464	1
G27	G976	1
G27	G826	1
G27	G1467	1
G27	G1082	1
G27	G727	1
G27	G1159	1
G27	G1169	1
G27	G532	1
G27	G1336	1
G27	G691	1
G27	G211	1
G27	G897	1
G27	G24	1
G27	G49	1
G27	G617	1
G27	G216	1
G27	G33	1
G27	G307	1
G27	G251	1
G27	G34	1
G27	G798	1
G27	G78	1
G27	G124	1
G27	G10	1
G27	G278	1
G27	G445	1
G363	G991	1
G363	G1355	1
G363	G362	1
G363	G1585	1
G363	G1487	1
G363	G1611	1
G363	G1171	1
G363	G190	1
G363	G775	1
G363	G1483	1
G363	G1408	1
G363	G543	1
G363	G967	1
G363	G1038	1
G363	G697	1
G363	G819	1
G363	G1068	1
G363	G650	1
G363	G480	1
G363	G1280	1
G363	G1286	1
G363	G1049	1
G363	G979	1
G363	G1411	1
G363	G1332	1
G363	G1251	1
G363	G1035	1
G363	G796	1
G363	G46	1
G363	G454	1
G363	G290	1
G363	G807	1
G363	G328	1
G363	G467	1
G363	G1369	1
G363	G741	1
G363	G240	1
G363	G1061	1
G363	G580	1
G363	G986	1
G363	G349	1
G363	G1236	1
G363	G1317	1
G363	G172	1
G363	G1453	1
G363	G1112	1
G363	G283	1
G363	G1341	1
G363	G1364	1
G363	G437	1
G363	G525	1
G363	G1377	1
G363	G895	1
G363	G1158	1
G363	G963	1
G363	G1268	1
G363	G514	1
G363	G398	1
G363	G609	1
G363	G643	1
G363	G1406	1
G363	G1262	1
G363	G1086	1
G363	G1067	1
G363	G1451	1
G363	G1034	1
G363	G839	1
G363	G886	1
G363	G673	1
G363	G395	1
G363	G351	1
G363	G1249	1
G363	G322	1
G363	G1292	1
G363	G1246	1
G363	G1247	1
G363	G1384	1
G363	G1128	1
G363	G108	1
G363	G486	1
G363	G1416	1
G363	G910	1
G363	G784	1
G363	G1486	1
G363	G906	1
G363	G488	1
G363	G23	1
G363	G652	1
G363	G788	1
G363	G899	1
G363	G1569	1
G363	G1234	1
G363	G1415	1
G363	G984	1
G363	G241	1
G363	G1211	1
G363	G1494	1
G363	G576	1
G363	G844	1
G363	G373	1
G363	G1436	1
G363	G1396	1
G363	G133	1
G363	G382	1
G363	G1599	1
G363	G1060	1
G363	G574	1
G363	G1278	1
G363	G476	1
G363	G1560	1
G363	G573	1
G363	G1472	1
G363	G1238	1
G363	G335	1
G363	G207	1
G363	G523	1
G363	G305	1
G363	G695	1
G363	G300	1
G363	G916	1
G363	G226	1
G363	G129	1
G363	G369	1
G363	G632	1
G363	G857	1
G363	G391	1
G363	G534	1
G363	G1055	1
G363	G1087	1
G363	G1373	1
G363	G261	1
G363	G97	1
G363	G554	1
G363	G599	1
G363	G17	1
G363	G1593	1
G363	G759	1
G363	G1244	1
G363	G1368	1
G363	G1142	1
G363	G669	1
G363	G1312	1
G363	G681	1
G363	G1614	1
G363	G764	1
G363	G484	1
G363	G824	1
G363	G1447	1
G363	G858	1
G363	G1133	1
G363	G505	1
G363	G188	1
G363	G1182	1
G363	G203	1
G363	G319	1
G363	G871	1
G363	G1099	1
G363	G662	1
G363	G950	1
G363	G636	1
G363	G891	1
G363	G931	1
G363	G380	1
G363	G269	1
G363	G169	1
G363	G693	1
G363	G1495	1
G363	G723	1
G363	G648	1
G363	G892	1
G363	G1197	1
G363	G1196	1
G363	G1015	1
G363	G90	1
G363	G1329	1
G363	G531	1
G363	G1473	1
G363	G1021	1
G363	G1216	1
G363	G847	1
G363	G1387	1
G363	G789	1
G363	G1000	1
G363	G706	1
G363	G11	1
G363	G1285	1
G363	G1597	1
G363	G149	1
G363	G194	1
G363	G252	1
G363	G444	1
G363	G1379	1
G363	G48	1
G363	G590	1
G363	G4	1
G363	G472	1
G363	G722	1
G363	G35	1
G363	G937	1
G363	G1069	1
G363	G333	1
G363	G1005	1
G363	G8	1
G363	G1036	1
G363	G31	1
G363	G734	1
G363	G347	1
G363	G870	1
G363	G570	1
G363	G329	1
G363	G1383	1
G363	G60	1
G363	G974	1
G363	G1007	1
G363	G1443	1
G363	G102	1
G363	G612	1
G363	G1478	1
G363	G1318	1
G363	G1346	1
G363	G1435	1
G363	G110	1
G363	G13	1
G363	G403	1
G363	G451	1
G363	G276	1
G363	G1013	1
G363	G1393	1
G363	G664	1
G363	G987	1
G363	G864	1
G363	G245	1
G363	G338	1
G363	G366	1
G363	G589	1
G363	G410	1
G363	G918	1
G363	G1294	1
G363	G1114	1
G363	G112	1
G363	G47	1
G363	G103	1
G363	G598	1
G363	G340	1
G363	G1014	1
G363	G1366	1
G363	G1445	1
G363	G1075	1
G363	G1165	1
G363	G1223	1
G363	G1089	1
G363	G1551	1
G363	G746	1
G363	G1375	1
G363	G1431	1
G363	G853	1
G363	G281	1
G363	G1325	1
G363	G1180	1
G363	G754	1
G363	G786	1
G363	G1567	1
G363	G1315	1
G363	G1126	1
G363	G1193	1
G363	G577	1
G363	G773	1
G363	G833	1
G363	G1299	1
G363	G1204	1
G363	G1546	1
G363	G932	1
G363	G1084	1
G363	G313	1
G363	G70	1
G363	G28	1
G363	G1504	1
G363	G1215	1
G363	G250	1
G363	G913	1
G363	G792	1
G363	G588	1
G363	G975	1
G363	G888	1
G363	G317	1
G363	G9	1
G363	G739	1
G363	G138	1
G363	G387	1
G363	G1008	1
G363	G1232	1
G363	G1101	1
G363	G779	1
G363	G703	1
G363	G5	1
G363	G672	1
G363	G565	1
G363	G432	1
G363	G411	1
G363	G309	1
G363	G1333	1
G363	G1051	1
G363	G1319	1
G363	G1228	1
G363	G928	1
G363	G750	1
G363	G185	1
G363	G282	1
G363	G52	1
G363	G1077	1
G363	G303	1
G363	G42	1
G363	G229	1
G363	G104	1
G363	G162	1
G363	G99	1
G363	G326	1
G363	G224	1
G363	G882	1
G363	G1468	1
G363	G306	1
G363	G608	1
G363	G954	1
G363	G383	1
G363	G429	1
G363	G85	1
G363	G500	1
G363	G440	1
G363	G196	1
G363	G926	1
G363	G136	1
G363	G1026	1
G363	G345	1
G363	G744	1
G363	G1572	1
G363	G456	1
G363	G834	1
G363	G1601	1
G363	G587	1
G363	G213	1
G363	G270	1
G363	G291	1
G363	G321	1
G363	G184	1
G363	G1166	1
G363	G1607	1
G363	G1004	1
G363	G1310	1
G363	G772	1
G363	G701	1
G363	G997	1
G363	G1500	1
G363	G945	1
G363	G740	1
G363	G511	1
G363	G1367	1
G363	G1276	1
G363	G378	1
G363	G227	1
G363	G256	1
G363	G760	1
G363	G836	1
G363	G1617	1
G363	G69	1
G363	G413	1
G363	G62	1
G363	G813	1
G363	G1403	1
G363	G726	1
G363	G1192	1
G363	G1520	1
G363	G1177	1
G363	G952	1
G363	G404	1
G363	G54	1
G363	G274	1
G363	G116	1
G363	G334	1
G363	G289	1
G363	G197	1
G363	G1573	1
G363	G228	1
G363	G982	1
G363	G805	1
G363	G1080	1
G363	G1334	1
G363	G1150	1
G363	G1146	1
G363	G1239	1
G363	G1602	1
G363	G114	1
G363	G341	1
G363	G801	1
G363	G507	1
G363	G55	1
G363	G1281	1
G363	G606	1
G363	G123	1
G363	G1584	1
G363	G904	1
G363	G1135	1
G363	G83	1
G363	G771	1
G363	G275	1
G363	G63	1
G363	G1519	1
G363	G1398	1
G363	G315	1
G363	G1131	1
G363	G3	1
G363	G217	1
G363	G265	1
G363	G908	1
G363	G1125	1
G363	G1241	1
G363	G1195	1
G363	G51	1
G363	G1139	1
G363	G58	1
G363	G296	1
G363	G255	1
G363	G1052	1
G363	G1255	1
G363	G1012	1
G363	G1102	1
G363	G716	1
G363	G1121	1
G363	G1151	1
G363	G1322	1
G363	G192	1
G363	G1296	1
G363	G1134	1
G363	G1111	1
G363	G357	1
G363	G449	1
G363	G859	1
G363	G785	1
G363	G880	1
G363	G883	1
G363	G1532	1
G363	G1576	1
G363	G670	1
G363	G1381	1
G363	G1464	1
G363	G909	1
G363	G1534	1
G363	G1272	1
G363	G1340	1
G363	G915	1
G363	G959	1
G363	G1613	1
G363	G298	1
G363	G64	1
G363	G2	1
G363	G861	1
G363	G126	1
G363	G354	1
G363	G236	1
G363	G985	1
G363	G1042	1
G363	G994	1
G363	G960	1
G363	G816	1
G363	G420	1
G363	G146	1
G363	G485	1
G363	G578	1
G363	G978	1
G363	G866	1
G363	G689	1
G363	G82	1
G363	G1203	1
G363	G434	1
G363	G206	1
G363	G1063	1
G363	G1261	1
G363	G633	1
G363	G65	1
G363	G1174	1
G363	G692	1
G363	G1147	1
G363	G1019	1
G363	G999	1
G363	G80	1
G363	G186	1
G363	G1484	1
G363	G147	1
G363	G607	1
G363	G460	1
G363	G231	1
G363	G164	1
G363	G246	1
G363	G1518	1
G363	G1469	1
G363	G247	1
G363	G415	1
G363	G0	1
G363	G1119	1
G363	G442	1
G363	G171	1
G363	G1198	1
G363	G447	1
G363	G1555	1
G363	G1313	1
G363	G1020	1
G363	G1016	1
G363	G1474	1
G363	G872	1
G363	G1127	1
G363	G173	1
G363	G559	1
G363	G1370	1
G363	G1271	1
G363	G1449	1
G363	G370	1
G363	G1465	1
G363	G519	1
G363	G359	1
G363	G976	1
G363	G826	1
G363	G1253	1
G363	G1371	1
G363	G1606	1
G363	G1159	1
G363	G1169	1
G363	G532	1
G363	G1336	1
G363	G691	1
G363	G1293	1
G363	G794	1
G363	G211	1
G363	G725	1
G363	G1153	1
G363	G1591	1
G363	G101	1
G363	G1105	1
G363	G446	1
G363	G49	1
G363	G325	1
G363	G617	1
G363	G214	1
G363	G225	1
G363	G127	1
G363	G120	1
G363	G332	1
G363	G38	1
G363	G216	1
G363	G33	1
G363	G502	1
G363	G137	1
G363	G7	1
G363	G238	1
G363	G45	1
G363	G307	1
G363	G1243	1
G363	G251	1
G363	G34	1
G363	G1324	1
G363	G1596	1
G363	G78	1
G363	G105	1
G363	G1535	1
G363	G518	1
G363	G124	1
G363	G823	1
G189	G1543	1
G189	G1487	1
G189	G1031	1
G189	G697	1
G189	G1348	1
G189	G970	1
G189	G454	1
G189	G618	1
G189	G128	1
G189	G240	1
G189	G535	1
G189	G895	1
G189	G963	1
G189	G473	1
G189	G643	1
G189	G1249	1
G189	G1247	1
G189	G1486	1
G189	G488	1
G189	G585	1
G189	G899	1
G189	G1549	1
G189	G844	1
G189	G373	1
G189	G1396	1
G189	G37	1
G189	G476	1
G189	G1238	1
G189	G916	1
G189	G857	1
G189	G534	1
G189	G462	1
G189	G17	1
G189	G1168	1
G189	G957	1
G189	G1312	1
G189	G484	1
G189	G1133	1
G189	G203	1
G189	G871	1
G189	G892	1
G189	G1015	1
G189	G1285	1
G189	G347	1
G189	G1007	1
G189	G1548	1
G189	G451	1
G189	G1013	1
G189	G864	1
G189	G245	1
G189	G1321	1
G189	G103	1
G189	G340	1
G189	G1014	1
G189	G1223	1
G189	G1089	1
G189	G773	1
G189	G833	1
G189	G1299	1
G189	G1391	1
G189	G932	1
G189	G122	1
G189	G360	1
G189	G317	1
G189	G5	1
G189	G411	1
G189	G1333	1
G189	G1051	1
G189	G745	1
G189	G1028	1
G189	G229	1
G189	G220	1
G189	G224	1
G189	G412	1
G189	G954	1
G189	G383	1
G189	G196	1
G189	G1265	1
G189	G436	1
G189	G291	1
G189	G1276	1
G189	G1212	1
G189	G413	1
G189	G726	1
G189	G54	1
G189	G116	1
G189	G334	1
G189	G197	1
G189	G1573	1
G189	G982	1
G189	G1564	1
G189	G507	1
G189	G275	1
G189	G255	1
G189	G716	1
G189	G575	1
G189	G732	1
G189	G1466	1
G189	G1340	1
G189	G111	1
G189	G960	1
G189	G578	1
G189	G866	1
G189	G633	1
G189	G65	1
G189	G1019	1
G189	G547	1
G189	G607	1
G189	G460	1
G189	G231	1
G189	G1518	1
G189	G1202	1
G189	G1503	1
G189	G1119	1
G189	G885	1
G189	G33	1
G189	G251	1
G189	G845	1
G5	G1382	1
G5	G1068	1
G5	G480	1
G5	G979	1
G5	G1411	1
G5	G1137	1
G5	G580	1
G5	G986	1
G5	G134	1
G5	G1009	1
G5	G1297	1
G5	G1326	1
G5	G1246	1
G5	G1486	1
G5	G488	1
G5	G1569	1
G5	G1494	1
G5	G576	1
G5	G373	1
G5	G459	1
G5	G1060	1
G5	G574	1
G5	G335	1
G5	G207	1
G5	G523	1
G5	G271	1
G5	G534	1
G5	G484	1
G5	G188	1
G5	G879	1
G5	G492	1
G5	G269	1
G5	G1015	1
G5	G626	1
G5	G1329	1
G5	G1489	1
G5	G11	1
G5	G852	1
G5	G624	1
G5	G795	1
G5	G218	1
G5	G1383	1
G5	G60	1
G5	G1007	1
G5	G102	1
G5	G612	1
G5	G263	1
G5	G403	1
G5	G1488	1
G5	G243	1
G5	G1014	1
G5	G1075	1
G5	G1089	1
G5	G1375	1
G5	G1431	1
G5	G1325	1
G5	G1180	1
G5	G1444	1
G5	G1553	1
G5	G1531	1
G5	G317	1
G5	G371	1
G5	G703	1
G5	G199	1
G5	G412	1
G5	G608	1
G5	G954	1
G5	G1026	1
G5	G270	1
G5	G291	1
G5	G321	1
G5	G701	1
G5	G945	1
G5	G463	1
G5	G813	1
G5	G274	1
G5	G116	1
G5	G334	1
G5	G1080	1
G5	G1564	1
G5	G507	1
G5	G1043	1
G5	G39	1
G5	G1255	1
G5	G1322	1
G5	G1466	1
G5	G628	1
G5	G998	1
G5	G1525	1
G5	G146	1
G5	G578	1
G5	G205	1
G5	G1170	1
G5	G1203	1
G5	G1213	1
G5	G65	1
G5	G556	1
G5	G607	1
G5	G460	1
G5	G231	1
G5	G1518	1
G5	G1020	1
G5	G1127	1
G5	G897	1
G5	G38	1
G16	G618	1
G16	G134	1
G16	G1268	1
G16	G488	1
G16	G1494	1
G16	G576	1
G16	G373	1
G16	G459	1
G16	G1060	1
G16	G273	1
G16	G253	1
G16	G1168	1
G16	G681	1
G16	G484	1
G16	G188	1
G16	G871	1
G16	G380	1
G16	G269	1
G16	G892	1
G16	G11	1
G16	G571	1
G16	G1383	1
G16	G1488	1
G16	G1366	1
G16	G1445	1
G16	G1165	1
G16	G1375	1
G16	G1431	1
G16	G12	1
G16	G1391	1
G16	G558	1
G16	G1228	1
G16	G345	1
G16	G436	1
G16	G291	1
G16	G1573	1
G16	G716	1
G16	G1111	1
G16	G628	1
G16	G1203	1
G16	G677	1
G16	G1484	1
G16	G607	1
G16	G460	1
G16	G247	1
G16	G1555	1
G16	G1313	1
G16	G625	1
G16	G225	1
G411	G1543	1
G411	G493	1
G411	G1031	1
G411	G674	1
G411	G775	1
G411	G543	1
G411	G967	1
G411	G316	1
G411	G947	1
G411	G650	1
G411	G979	1
G411	G290	1
G411	G128	1
G411	G455	1
G411	G580	1
G411	G986	1
G411	G349	1
G411	G1432	1
G411	G1453	1
G411	G535	1
G411	G1377	1
G411	G1158	1
G411	G963	1
G411	G1297	1
G411	G1095	1
G411	G1222	1
G411	G1396	1
G411	G382	1
G411	G1560	1
G411	G573	1
G411	G1461	1
G411	G207	1
G411	G523	1
G411	G305	1
G411	G226	1
G411	G272	1
G411	G946	1
G411	G534	1
G411	G1087	1
G411	G524	1
G411	G1593	1
G411	G1312	1
G411	G764	1
G411	G824	1
G411	G209	1
G411	G1438	1
G411	G662	1
G411	G879	1
G411	G492	1
G411	G169	1
G411	G1197	1
G411	G1015	1
G411	G1489	1
G411	G1023	1
G411	G789	1
G411	G333	1
G411	G60	1
G411	G1007	1
G411	G1076	1
G411	G1025	1
G411	G1548	1
G411	G1057	1
G411	G1097	1
G411	G664	1
G411	G410	1
G411	G1431	1
G411	G1180	1
G411	G754	1
G411	G786	1
G411	G1126	1
G411	G577	1
G411	G773	1
G411	G122	1
G411	G1084	1
G411	G250	1
G411	G888	1
G411	G317	1
G411	G297	1
G411	G1101	1
G411	G703	1
G411	G774	1
G411	G309	1
G411	G1228	1
G309	G1031	1
G411	G750	1
G309	G543	1
G309	G128	1
G309	G535	1
G309	G1505	1
G309	G844	1
G309	G1436	1
G309	G207	1
G309	G226	1
G309	G253	1
G411	G229	1
G309	G824	1
G309	G188	1
G309	G6	1
G309	G871	1
G309	G492	1
G309	G269	1
G309	G1495	1
G309	G428	1
G309	G1069	1
G309	G974	1
G309	G1524	1
G309	G1180	1
G309	G754	1
G309	G390	1
G411	G306	1
G309	G371	1
G309	G779	1
G309	G229	1
G309	G510	1
G309	G85	1
G309	G367	1
G309	G926	1
G411	G954	1
G411	G429	1
G411	G510	1
G411	G85	1
G309	G507	1
G411	G1265	1
G309	G364	1
G309	G1102	1
G309	G859	1
G309	G1267	1
G309	G1458	1
G309	G144	1
G309	G1518	1
G309	G1020	1
G309	G1127	1
G309	G727	1
G309	G1105	1
G411	G291	1
G411	G772	1
G411	G378	1
G411	G760	1
G411	G665	1
G411	G257	1
G411	G69	1
G411	G413	1
G411	G1177	1
G411	G982	1
G411	G1080	1
G411	G1564	1
G411	G1374	1
G411	G1398	1
G411	G1241	1
G411	G1071	1
G411	G1255	1
G411	G1102	1
G411	G1537	1
G411	G1322	1
G411	G1120	1
G411	G859	1
G411	G1267	1
G411	G1042	1
G411	G578	1
G411	G866	1
G411	G1378	1
G411	G206	1
G411	G1019	1
G411	G999	1
G411	G607	1
G411	G1202	1
G411	G415	1
G411	G0	1
G411	G442	1
G411	G171	1
G411	G1156	1
G411	G1242	1
G411	G1127	1
G411	G559	1
G411	G1465	1
G411	G1098	1
G411	G897	1
G411	G101	1
G411	G617	1
G411	G33	1
G411	G34	1
G411	G124	1
G411	G823	1
G185	G991	1
G185	G1355	1
G185	G362	1
G185	G1487	1
G185	G674	1
G185	G190	1
G185	G1408	1
G185	G543	1
G185	G1545	1
G185	G316	1
G185	G1038	1
G185	G650	1
G185	G480	1
G185	G1280	1
G185	G1348	1
G185	G1186	1
G185	G1049	1
G185	G1411	1
G185	G930	1
G185	G1035	1
G185	G796	1
G185	G618	1
G185	G1610	1
G185	G294	1
G185	G328	1
G185	G1137	1
G185	G240	1
G185	G986	1
G185	G619	1
G185	G134	1
G185	G283	1
G185	G1364	1
G185	G365	1
G185	G517	1
G185	G520	1
G185	G200	1
G185	G1377	1
G185	G895	1
G185	G1158	1
G185	G963	1
G185	G1268	1
G185	G514	1
G185	G473	1
G185	G1616	1
G185	G352	1
G185	G1246	1
G185	G1384	1
G185	G1505	1
G185	G1128	1
G185	G108	1
G185	G1416	1
G185	G910	1
G185	G784	1
G185	G742	1
G185	G1222	1
G185	G1132	1
G185	G1256	1
G185	G488	1
G185	G23	1
G185	G1569	1
G185	G620	1
G185	G1124	1
G185	G373	1
G185	G1578	1
G185	G1396	1
G185	G233	1
G185	G1599	1
G185	G1060	1
G185	G574	1
G185	G1560	1
G185	G573	1
G185	G1472	1
G185	G1461	1
G185	G1238	1
G185	G335	1
G185	G466	1
G185	G523	1
G185	G1521	1
G185	G305	1
G185	G654	1
G185	G89	1
G185	G369	1
G185	G391	1
G185	G504	1
G185	G261	1
G185	G97	1
G185	G554	1
G185	G1142	1
G185	G681	1
G185	G1614	1
G185	G764	1
G185	G858	1
G185	G1133	1
G185	G320	1
G185	G737	1
G185	G662	1
G185	G492	1
G185	G380	1
G185	G269	1
G185	G169	1
G185	G1308	1
G185	G723	1
G185	G648	1
G185	G1196	1
G185	G1015	1
G185	G470	1
G185	G90	1
G185	G626	1
G185	G531	1
G185	G889	1
G185	G721	1
G185	G1164	1
G185	G11	1
G185	G1285	1
G185	G1597	1
G185	G194	1
G185	G252	1
G185	G444	1
G185	G472	1
G185	G35	1
G185	G795	1
G185	G1072	1
G185	G1005	1
G185	G457	1
G185	G1073	1
G185	G329	1
G185	G1497	1
G185	G974	1
G185	G1354	1
G185	G1443	1
G185	G102	1
G185	G1076	1
G185	G731	1
G185	G1478	1
G185	G1608	1
G185	G1346	1
G185	G1548	1
G185	G91	1
G185	G1514	1
G185	G1097	1
G185	G1393	1
G185	G864	1
G185	G589	1
G185	G1392	1
G185	G1294	1
G185	G1321	1
G185	G1488	1
G185	G112	1
G185	G103	1
G185	G363	1
G185	G234	1
G185	G1014	1
G185	G1366	1
G185	G1445	1
G185	G1075	1
G185	G1165	1
G185	G1223	1
G185	G281	1
G185	G1325	1
G185	G688	1
G185	G1180	1
G185	G786	1
G185	G1126	1
G185	G1193	1
G185	G1349	1
G185	G773	1
G185	G833	1
G185	G1299	1
G185	G122	1
G185	G1085	1
G185	G1084	1
G185	G1215	1
G185	G1553	1
G185	G588	1
G185	G25	1
G185	G317	1
G185	G1257	1
G185	G1232	1
G185	G1101	1
G185	G1512	1
G185	G703	1
G185	G1506	1
G185	G19	1
G185	G16	1
G185	G411	1
G185	G309	1
G185	G1011	1
G185	G1333	1
G185	G1319	1
G185	G745	1
G185	G92	1
G185	G1619	1
G185	G1468	1
G185	G232	1
G185	G608	1
G185	G954	1
G185	G429	1
G185	G1265	1
G185	G345	1
G185	G744	1
G185	G709	1
G185	G456	1
G185	G1117	1
G185	G1601	1
G185	G1166	1
G185	G1607	1
G185	G1310	1
G185	G772	1
G185	G997	1
G185	G740	1
G185	G686	1
G185	G1367	1
G185	G378	1
G185	G836	1
G185	G665	1
G185	G1212	1
G185	G1480	1
G185	G413	1
G185	G463	1
G185	G921	1
G185	G835	1
G185	G813	1
G185	G637	1
G185	G1403	1
G185	G1177	1
G185	G379	1
G185	G54	1
G185	G274	1
G185	G197	1
G185	G228	1
G185	G982	1
G185	G805	1
G185	G71	1
G185	G1389	1
G185	G1602	1
G185	G507	1
G185	G603	1
G185	G1281	1
G185	G1374	1
G185	G904	1
G185	G83	1
G185	G1485	1
G185	G39	1
G185	G1131	1
G185	G1241	1
G185	G1245	1
G185	G1295	1
G185	G51	1
G185	G1139	1
G185	G409	1
G185	G58	1
G185	G296	1
G185	G255	1
G185	G1071	1
G185	G1298	1
G185	G1052	1
G185	G1255	1
G185	G1012	1
G185	G1102	1
G185	G1121	1
G185	G1322	1
G185	G1120	1
G185	G1466	1
G185	G187	1
G185	G880	1
G185	G875	1
G185	G1576	1
G185	G915	1
G185	G959	1
G185	G925	1
G185	G354	1
G185	G994	1
G185	G469	1
G185	G146	1
G185	G285	1
G185	G119	1
G185	G578	1
G185	G978	1
G185	G866	1
G185	G689	1
G185	G1203	1
G185	G1335	1
G185	G206	1
G185	G1458	1
G185	G1261	1
G185	G633	1
G185	G542	1
G185	G1484	1
G185	G147	1
G185	G311	1
G185	G684	1
G185	G231	1
G185	G26	1
G185	G1439	1
G185	G1518	1
G185	G1202	1
G185	G1503	1
G185	G415	1
G185	G0	1
G185	G1119	1
G185	G447	1
G185	G1555	1
G185	G1020	1
G185	G1330	1
G185	G1127	1
G185	G1271	1
G185	G640	1
G185	G1096	1
G185	G1449	1
G185	G44	1
G185	G359	1
G185	G826	1
G185	G1404	1
G185	G79	1
G185	G1253	1
G185	G1371	1
G185	G1169	1
G185	G532	1
G185	G1336	1
G185	G794	1
G185	G897	1
G185	G1162	1
G185	G101	1
G185	G24	1
G185	G221	1
G185	G325	1
G185	G225	1
G185	G120	1
G185	G332	1
G185	G546	1
G185	G307	1
G185	G34	1
G185	G1324	1
G185	G1596	1
G185	G823	1
G429	G807	1
G429	G895	1
G429	G1326	1
G429	G108	1
G429	G1416	1
G429	G1124	1
G429	G459	1
G429	G1560	1
G429	G226	1
G429	G273	1
G429	G957	1
G429	G636	1
G429	G892	1
G429	G1015	1
G429	G626	1
G429	G1443	1
G429	G987	1
G429	G864	1
G429	G1294	1
G429	G1321	1
G429	G363	1
G429	G1014	1
G429	G1375	1
G429	G5	1
G429	G538	1
G429	G774	1
G429	G1333	1
G429	G608	1
G429	G800	1
G429	G508	1
G429	G456	1
G429	G1530	1
G429	G275	1
G429	G39	1
G429	G719	1
G429	G1298	1
G429	G716	1
G429	G1120	1
G429	G578	1
G429	G1342	1
G429	G206	1
G429	G460	1
G429	G1130	1
G429	G1474	1
G429	G324	1
G196	G991	1
G196	G1382	1
G196	G190	1
G196	G1068	1
G196	G1280	1
G196	G618	1
G196	G290	1
G196	G467	1
G196	G494	1
G196	G986	1
G196	G1009	1
G196	G520	1
G196	G1268	1
G196	G673	1
G196	G1326	1
G196	G322	1
G196	G1246	1
G196	G1384	1
G196	G1529	1
G196	G1132	1
G196	G488	1
G196	G1211	1
G196	G1494	1
G196	G373	1
G196	G1396	1
G196	G459	1
G196	G1060	1
G196	G1560	1
G196	G207	1
G196	G523	1
G196	G272	1
G196	G271	1
G196	G150	1
G196	G632	1
G196	G586	1
G196	G17	1
G196	G1614	1
G196	G484	1
G196	G1447	1
G196	G188	1
G196	G950	1
G196	G1427	1
G196	G636	1
G196	G169	1
G196	G470	1
G196	G626	1
G196	G1329	1
G196	G721	1
G196	G765	1
G196	G722	1
G196	G1069	1
G196	G347	1
G196	G1073	1
G196	G1523	1
G196	G1383	1
G196	G612	1
G196	G263	1
G196	G1548	1
G196	G528	1
G196	G1393	1
G196	G864	1
G196	G918	1
G196	G1488	1
G196	G47	1
G196	G363	1
G196	G1445	1
G196	G1075	1
G196	G1375	1
G196	G1431	1
G196	G786	1
G196	G1299	1
G196	G1391	1
G196	G932	1
G196	G975	1
G196	G5	1
G196	G1228	1
G196	G1028	1
G196	G608	1
G196	G935	1
G196	G800	1
G196	G429	1
G196	G345	1
G196	G456	1
G196	G270	1
G196	G321	1
G196	G1004	1
G196	G997	1
G196	G413	1
G196	G637	1
G196	G1403	1
G196	G385	1
G196	G274	1
G196	G197	1
G196	G1573	1
G196	G228	1
G196	G1564	1
G196	G1146	1
G196	G507	1
G196	G1052	1
G196	G1229	1
G196	G716	1
G196	G1322	1
G196	G1120	1
G196	G357	1
G196	G449	1
G196	G1464	1
G196	G614	1
G196	G146	1
G196	G485	1
G196	G119	1
G196	G205	1
G196	G1203	1
G196	G65	1
G196	G607	1
G196	G231	1
G196	G1439	1
G196	G0	1
G196	G1555	1
G196	G1313	1
G196	G1474	1
G196	G1127	1
G196	G1449	1
G196	G44	1
G196	G359	1
G196	G725	1
G196	G897	1
G196	G1254	1
G196	G1105	1
G196	G127	1
G196	G332	1
G595	G991	1
G595	G1382	1
G595	G1585	1
G595	G1487	1
G595	G1031	1
G595	G190	1
G595	G1483	1
G595	G1408	1
G595	G543	1
G595	G819	1
G595	G1068	1
G595	G650	1
G595	G1568	1
G595	G825	1
G595	G567	1
G595	G1186	1
G595	G1411	1
G595	G1332	1
G595	G1035	1
G595	G796	1
G595	G454	1
G595	G290	1
G595	G741	1
G595	G1093	1
G595	G1137	1
G595	G240	1
G595	G1061	1
G595	G580	1
G595	G349	1
G595	G1317	1
G595	G619	1
G595	G1341	1
G595	G1364	1
G595	G525	1
G595	G32	1
G595	G1377	1
G595	G1158	1
G595	G1268	1
G595	G643	1
G595	G1406	1
G595	G1067	1
G595	G406	1
G595	G673	1
G595	G1297	1
G595	G1326	1
G595	G1249	1
G595	G322	1
G595	G352	1
G595	G1246	1
G595	G1247	1
G595	G1384	1
G595	G1128	1
G595	G1416	1
G595	G910	1
G595	G1018	1
G595	G1222	1
G595	G1132	1
G595	G585	1
G595	G652	1
G595	G1569	1
G595	G1549	1
G595	G1517	1
G595	G1304	1
G595	G1494	1
G595	G576	1
G595	G844	1
G595	G1124	1
G595	G373	1
G595	G850	1
G595	G1396	1
G595	G382	1
G595	G1060	1
G595	G574	1
G595	G1560	1
G595	G1461	1
G595	G335	1
G595	G466	1
G595	G667	1
G595	G388	1
G595	G751	1
G595	G305	1
G595	G916	1
G595	G632	1
G595	G857	1
G595	G946	1
G595	G1087	1
G595	G261	1
G595	G462	1
G595	G17	1
G595	G995	1
G595	G1142	1
G595	G957	1
G595	G681	1
G595	G1614	1
G595	G484	1
G595	G1205	1
G595	G1447	1
G595	G505	1
G595	G188	1
G595	G209	1
G595	G458	1
G595	G871	1
G595	G1099	1
G595	G1438	1
G595	G662	1
G595	G636	1
G595	G879	1
G595	G492	1
G595	G892	1
G595	G1197	1
G595	G1196	1
G595	G90	1
G595	G1329	1
G595	G1021	1
G595	G721	1
G595	G1216	1
G595	G1314	1
G595	G1387	1
G595	G789	1
G595	G11	1
G595	G1285	1
G595	G444	1
G595	G15	1
G595	G756	1
G595	G48	1
G595	G590	1
G595	G722	1
G595	G624	1
G595	G35	1
G595	G937	1
G595	G1069	1
G595	G795	1
G595	G333	1
G595	G8	1
G595	G347	1
G595	G218	1
G595	G870	1
G595	G329	1
G595	G1443	1
G595	G102	1
G595	G612	1
G595	G263	1
G595	G1346	1
G595	G1435	1
G595	G1548	1
G595	G91	1
G595	G403	1
G595	G276	1
G595	G1013	1
G595	G987	1
G595	G864	1
G595	G27	1
G595	G338	1
G595	G366	1
G595	G1392	1
G595	G410	1
G595	G1114	1
G595	G166	1
G595	G1321	1
G595	G1488	1
G595	G47	1
G595	G103	1
G595	G363	1
G595	G234	1
G595	G340	1
G595	G342	1
G595	G1366	1
G595	G1445	1
G595	G1075	1
G595	G1165	1
G595	G1551	1
G595	G1431	1
G595	G1325	1
G595	G1180	1
G595	G786	1
G595	G12	1
G595	G1315	1
G595	G1193	1
G595	G773	1
G595	G1299	1
G595	G1210	1
G595	G1391	1
G595	G122	1
G595	G642	1
G595	G390	1
G595	G1085	1
G595	G1084	1
G595	G1504	1
G595	G1215	1
G595	G975	1
G595	G558	1
G595	G212	1
G595	G189	1
G595	G317	1
G595	G9	1
G595	G371	1
G595	G1101	1
G595	G703	1
G595	G5	1
G595	G672	1
G595	G538	1
G595	G565	1
G595	G432	1
G595	G16	1
G595	G1011	1
G595	G1333	1
G595	G533	1
G595	G52	1
G595	G199	1
G595	G303	1
G595	G346	1
G595	G99	1
G595	G220	1
G595	G421	1
G595	G882	1
G595	G306	1
G595	G232	1
G595	G608	1
G595	G954	1
G595	G935	1
G595	G800	1
G595	G429	1
G595	G510	1
G595	G196	1
G595	G1026	1
G595	G744	1
G595	G456	1
G595	G436	1
G595	G1117	1
G595	G1601	1
G595	G176	1
G595	G291	1
G595	G184	1
G595	G1166	1
G595	G1004	1
G595	G1422	1
G595	G997	1
G595	G1367	1
G595	G1276	1
G595	G836	1
G595	G665	1
G595	G1212	1
G595	G1480	1
G595	G413	1
G595	G463	1
G595	G921	1
G595	G1177	1
G595	G116	1
G595	G905	1
G595	G584	1
G595	G197	1
G595	G228	1
G595	G1080	1
G595	G1564	1
G595	G1334	1
G595	G430	1
G595	G1146	1
G595	G55	1
G595	G1281	1
G595	G1043	1
G595	G1374	1
G595	G123	1
G595	G453	1
G595	G83	1
G595	G275	1
G595	G495	1
G595	G1485	1
G595	G1131	1
G595	G3	1
G595	G1311	1
G595	G1241	1
G595	G51	1
G595	G1139	1
G595	G409	1
G595	G1052	1
G595	G1032	1
G595	G1255	1
G595	G1102	1
G595	G716	1
G595	G1121	1
G595	G732	1
G595	G1134	1
G595	G1466	1
G595	G433	1
G595	G880	1
G595	G1464	1
G595	G1534	1
G595	G1340	1
G595	G915	1
G595	G1613	1
G595	G614	1
G595	G354	1
G595	G628	1
G595	G960	1
G595	G816	1
G595	G1525	1
G595	G469	1
G595	G420	1
G595	G285	1
G595	G119	1
G595	G578	1
G595	G978	1
G595	G866	1
G595	G689	1
G595	G1213	1
G595	G1261	1
G595	G556	1
G595	G1019	1
G595	G1484	1
G595	G147	1
G595	G460	1
G595	G26	1
G595	G1439	1
G595	G246	1
G595	G1518	1
G595	G1503	1
G595	G247	1
G595	G415	1
G595	G1590	1
G595	G1119	1
G595	G171	1
G595	G1198	1
G595	G1555	1
G595	G1474	1
G595	G596	1
G595	G173	1
G595	G559	1
G595	G1096	1
G595	G1465	1
G595	G519	1
G595	G359	1
G595	G826	1
G595	G1404	1
G595	G407	1
G595	G714	1
G595	G885	1
G595	G1159	1
G595	G1169	1
G595	G1516	1
G595	G940	1
G595	G1293	1
G595	G725	1
G595	G101	1
G595	G221	1
G595	G225	1
G595	G38	1
G595	G216	1
G595	G33	1
G595	G546	1
G595	G307	1
G595	G251	1
G595	G1324	1
G595	G1596	1
G595	G845	1
G595	G78	1
G595	G105	1
G595	G823	1
G456	G1565	1
G456	G543	1
G456	G1068	1
G456	G650	1
G456	G567	1
G456	G1411	1
G456	G454	1
G456	G1610	1
G456	G467	1
G456	G580	1
G456	G535	1
G456	G1341	1
G456	G1158	1
G456	G1268	1
G456	G1406	1
G456	G1249	1
G456	G322	1
G456	G1246	1
G456	G1247	1
G456	G1128	1
G456	G1416	1
G456	G910	1
G456	G1018	1
G456	G784	1
G456	G1132	1
G456	G906	1
G456	G488	1
G456	G1517	1
G456	G1304	1
G456	G1494	1
G456	G373	1
G456	G1396	1
G456	G382	1
G456	G37	1
G456	G1060	1
G456	G1238	1
G456	G305	1
G456	G273	1
G456	G391	1
G456	G534	1
G456	G1373	1
G456	G261	1
G456	G97	1
G456	G1168	1
G456	G1142	1
G456	G681	1
G456	G484	1
G456	G505	1
G456	G1438	1
G456	G879	1
G456	G931	1
G456	G492	1
G456	G169	1
G456	G1015	1
G456	G789	1
G456	G15	1
G456	G722	1
G456	G8	1
G456	G347	1
G456	G1073	1
G456	G102	1
G456	G612	1
G456	G1346	1
G456	G1435	1
G456	G1548	1
G456	G403	1
G456	G1013	1
G456	G1321	1
G456	G103	1
G456	G363	1
G456	G1014	1
G456	G1366	1
G456	G1445	1
G456	G1075	1
G456	G1165	1
G456	G1089	1
G456	G1431	1
G456	G1325	1
G456	G754	1
G456	G12	1
G456	G1349	1
G456	G1084	1
G456	G703	1
G456	G5	1
G456	G1333	1
G456	G185	1
G456	G199	1
G456	G882	1
G456	G954	1
G456	G429	1
G456	G196	1
G456	G744	1
G456	G270	1
G456	G1607	1
G456	G945	1
G456	G1276	1
G456	G760	1
G456	G413	1
G456	G463	1
G456	G1177	1
G456	G116	1
G456	G334	1
G456	G1080	1
G456	G1564	1
G456	G1146	1
G456	G1281	1
G456	G1584	1
G456	G1295	1
G456	G1052	1
G456	G1255	1
G456	G1121	1
G456	G1151	1
G456	G1322	1
G456	G357	1
G456	G1613	1
G456	G354	1
G456	G628	1
G456	G816	1
G456	G119	1
G456	G978	1
G456	G689	1
G456	G1019	1
G456	G607	1
G456	G1439	1
G456	G1518	1
G456	G1503	1
G456	G247	1
G456	G1119	1
G456	G1198	1
G456	G1555	1
G456	G1156	1
G456	G1020	1
G456	G596	1
G456	G1127	1
G456	G559	1
G456	G1449	1
G456	G1465	1
G456	G359	1
G456	G1390	1
G456	G1159	1
G456	G1336	1
G456	G101	1
G456	G221	1
G456	G324	1
G456	G251	1
G456	G1324	1
G274	G991	1
G274	G1123	1
G274	G1355	1
G274	G1487	1
G274	G736	1
G274	G1171	1
G274	G1031	1
G274	G674	1
G274	G190	1
G274	G775	1
G274	G1408	1
G274	G543	1
G274	G1545	1
G274	G818	1
G274	G967	1
G274	G316	1
G274	G1038	1
G274	G819	1
G274	G1068	1
G274	G650	1
G274	G480	1
G274	G1286	1
G274	G1348	1
G274	G825	1
G274	G1186	1
G274	G1049	1
G274	G979	1
G274	G1411	1
G274	G1332	1
G274	G930	1
G274	G796	1
G274	G454	1
G274	G618	1
G274	G1610	1
G274	G1217	1
G274	G990	1
G274	G807	1
G274	G328	1
G274	G467	1
G274	G601	1
G274	G1369	1
G274	G741	1
G274	G1498	1
G274	G1137	1
G274	G240	1
G274	G1061	1
G274	G580	1
G274	G986	1
G274	G349	1
G274	G1317	1
G274	G172	1
G274	G1453	1
G274	G619	1
G274	G283	1
G274	G1341	1
G274	G1364	1
G274	G32	1
G274	G200	1
G274	G895	1
G274	G1158	1
G274	G963	1
G274	G1268	1
G274	G514	1
G274	G473	1
G274	G643	1
G274	G1406	1
G274	G1067	1
G274	G1451	1
G274	G943	1
G274	G1405	1
G274	G673	1
G274	G30	1
G274	G1616	1
G274	G1326	1
G274	G1095	1
G274	G1249	1
G274	G322	1
G274	G352	1
G274	G1292	1
G274	G1206	1
G274	G1246	1
G274	G1247	1
G274	G1384	1
G274	G1128	1
G274	G1416	1
G274	G910	1
G274	G1600	1
G274	G784	1
G274	G742	1
G274	G1222	1
G274	G1486	1
G274	G1132	1
G274	G906	1
G274	G488	1
G274	G23	1
G274	G652	1
G274	G899	1
G274	G161	1
G274	G1569	1
G274	G620	1
G274	G1549	1
G274	G1234	1
G274	G812	1
G274	G1517	1
G274	G1415	1
G274	G984	1
G274	G622	1
G274	G1494	1
G274	G1350	1
G274	G1056	1
G274	G844	1
G274	G373	1
G274	G1578	1
G274	G705	1
G274	G1436	1
G274	G1396	1
G274	G382	1
G274	G37	1
G274	G1414	1
G274	G1060	1
G274	G574	1
G274	G476	1
G274	G1560	1
G274	G1407	1
G274	G1148	1
G274	G573	1
G274	G1472	1
G274	G1461	1
G274	G1238	1
G274	G335	1
G274	G207	1
G274	G1521	1
G274	G751	1
G274	G305	1
G274	G695	1
G274	G226	1
G274	G272	1
G274	G89	1
G274	G271	1
G274	G129	1
G274	G150	1
G274	G369	1
G274	G632	1
G274	G273	1
G274	G946	1
G274	G391	1
G274	G1055	1
G274	G1087	1
G274	G1373	1
G274	G1224	1
G274	G261	1
G274	G524	1
G274	G586	1
G274	G97	1
G274	G554	1
G274	G1593	1
G274	G1199	1
G274	G1168	1
G274	G1244	1
G274	G1368	1
G274	G1142	1
G274	G957	1
G274	G1291	1
G274	G1312	1
G274	G1614	1
G274	G1428	1
G274	G764	1
G274	G484	1
G274	G1205	1
G274	G824	1
G274	G1447	1
G274	G858	1
G274	G1133	1
G274	G505	1
G274	G188	1
G274	G209	1
G274	G308	1
G274	G458	1
G274	G6	1
G274	G203	1
G274	G319	1
G274	G1099	1
G274	G1438	1
G274	G737	1
G274	G563	1
G274	G662	1
G274	G817	1
G274	G1427	1
G274	G931	1
G274	G492	1
G274	G380	1
G274	G269	1
G274	G169	1
G274	G693	1
G274	G1495	1
G274	G723	1
G274	G648	1
G274	G1197	1
G274	G1015	1
G274	G687	1
G274	G470	1
G274	G90	1
G274	G626	1
G274	G1329	1
G274	G1473	1
G274	G889	1
G274	G1021	1
G274	G721	1
G274	G1164	1
G274	G1023	1
G274	G1387	1
G274	G789	1
G274	G1000	1
G274	G706	1
G274	G428	1
G274	G11	1
G274	G1285	1
G274	G710	1
G274	G1597	1
G274	G149	1
G274	G444	1
G274	G67	1
G274	G1379	1
G274	G756	1
G274	G48	1
G274	G590	1
G274	G722	1
G274	G1183	1
G274	G846	1
G274	G143	1
G274	G748	1
G274	G624	1
G274	G35	1
G274	G1069	1
G274	G795	1
G274	G333	1
G274	G8	1
G274	G1036	1
G274	G734	1
G274	G218	1
G274	G870	1
G274	G329	1
G274	G60	1
G274	G1443	1
G274	G102	1
G274	G612	1
G274	G263	1
G274	G1076	1
G274	G731	1
G274	G1478	1
G274	G1608	1
G274	G1318	1
G274	G1264	1
G274	G1346	1
G274	G613	1
G274	G1548	1
G274	G374	1
G274	G91	1
G274	G403	1
G274	G276	1
G274	G1097	1
G274	G1358	1
G274	G1013	1
G274	G1393	1
G274	G987	1
G274	G864	1
G274	G27	1
G274	G245	1
G274	G338	1
G274	G366	1
G274	G589	1
G274	G410	1
G274	G918	1
G274	G849	1
G274	G1294	1
G274	G1114	1
G274	G1321	1
G274	G1488	1
G274	G112	1
G274	G47	1
G274	G103	1
G274	G363	1
G274	G234	1
G274	G342	1
G274	G1014	1
G274	G1366	1
G274	G1445	1
G274	G1075	1
G274	G1165	1
G274	G869	1
G274	G1223	1
G274	G1089	1
G274	G1551	1
G274	G1288	1
G274	G1375	1
G274	G1431	1
G274	G853	1
G274	G688	1
G274	G1180	1
G274	G754	1
G274	G786	1
G274	G12	1
G274	G1315	1
G274	G1193	1
G274	G577	1
G274	G1349	1
G274	G1299	1
G274	G1204	1
G274	G1546	1
G274	G1444	1
G274	G1391	1
G274	G122	1
G274	G642	1
G274	G390	1
G274	G1085	1
G274	G1084	1
G274	G988	1
G274	G70	1
G274	G1504	1
G274	G1215	1
G274	G168	1
G274	G1553	1
G274	G331	1
G274	G348	1
G274	G183	1
G274	G41	1
G274	G588	1
G274	G489	1
G274	G25	1
G274	G981	1
G274	G975	1
G274	G431	1
G274	G189	1
G274	G888	1
G274	G317	1
G274	G9	1
G274	G1257	1
G274	G387	1
G274	G1232	1
G274	G1101	1
G274	G1512	1
G274	G779	1
G274	G703	1
G274	G5	1
G274	G672	1
G274	G1181	1
G274	G1506	1
G274	G538	1
G274	G774	1
G274	G19	1
G274	G565	1
G274	G856	1
G274	G432	1
G274	G16	1
G274	G411	1
G274	G309	1
G274	G475	1
G274	G1011	1
G274	G1333	1
G274	G1051	1
G274	G1319	1
G274	G745	1
G274	G452	1
G274	G750	1
G274	G185	1
G274	G1563	1
G274	G282	1
G274	G52	1
G274	G1077	1
G274	G1028	1
G274	G1058	1
G274	G99	1
G274	G224	1
G274	G882	1
G274	G1468	1
G274	G608	1
G274	G954	1
G274	G935	1
G274	G800	1
G274	G429	1
G274	G85	1
G274	G568	1
G274	G196	1
G274	G1265	1
G274	G926	1
G274	G595	1
G274	G700	1
G274	G345	1
G274	G744	1
G274	G709	1
G274	G993	1
G274	G781	1
G274	G456	1
G274	G834	1
G274	G393	1
G274	G1117	1
G274	G1601	1
G274	G270	1
G274	G291	1
G274	G321	1
G274	G1166	1
G274	G1607	1
G274	G1004	1
G274	G772	1
G274	G1138	1
G274	G997	1
G274	G1500	1
G274	G740	1
G274	G922	1
G274	G1367	1
G274	G1276	1
G274	G378	1
G274	G836	1
G274	G665	1
G274	G1212	1
G274	G1480	1
G274	G69	1
G274	G413	1
G274	G463	1
G274	G921	1
G274	G813	1
G274	G637	1
G274	G964	1
G274	G1530	1
G274	G1520	1
G274	G1177	1
G274	G541	1
G274	G54	1
G274	G116	1
G274	G334	1
G274	G584	1
G274	G289	1
G274	G1092	1
G274	G1167	1
G274	G197	1
G274	G1573	1
G274	G982	1
G274	G805	1
G274	G1564	1
G274	G1334	1
G274	G430	1
G274	G1146	1
G274	G1389	1
G274	G1602	1
G274	G1287	1
G274	G507	1
G274	G603	1
G274	G55	1
G274	G1281	1
G274	G1043	1
G274	G1374	1
G274	G478	1
G274	G123	1
G274	G1584	1
G274	G769	1
G274	G904	1
G274	G453	1
G274	G1048	1
G274	G323	1
G274	G83	1
G274	G275	1
G274	G1485	1
G274	G39	1
G274	G1398	1
G274	G1131	1
G274	G167	1
G274	G3	1
G274	G908	1
G274	G968	1
G274	G1241	1
G274	G364	1
G274	G51	1
G274	G368	1
G274	G1139	1
G274	G409	1
G274	G72	1
G274	G58	1
G274	G1589	1
G274	G1071	1
G274	G1024	1
G274	G1052	1
G274	G912	1
G274	G1255	1
G274	G1012	1
G274	G716	1
G274	G575	1
G274	G694	1
G274	G1121	1
G274	G1322	1
G274	G1120	1
G274	G732	1
G274	G1134	1
G274	G1466	1
G274	G1111	1
G274	G187	1
G274	G569	1
G274	G449	1
G274	G880	1
G274	G875	1
G274	G1576	1
G274	G1464	1
G274	G1340	1
G274	G915	1
G274	G959	1
G274	G1613	1
G274	G259	1
G274	G614	1
G274	G298	1
G274	G111	1
G274	G2	1
G274	G861	1
G274	G354	1
G274	G1581	1
G274	G628	1
G274	G1554	1
G274	G1042	1
G274	G994	1
G274	G998	1
G274	G816	1
G274	G973	1
G274	G469	1
G274	G420	1
G274	G146	1
G274	G285	1
G274	G578	1
G274	G978	1
G274	G890	1
G274	G866	1
G274	G753	1
G274	G689	1
G274	G1342	1
G274	G1203	1
G274	G1335	1
G274	G206	1
G274	G1213	1
G274	G1063	1
G274	G1458	1
G274	G1261	1
G274	G633	1
G274	G65	1
G274	G144	1
G274	G1174	1
G274	G692	1
G274	G1019	1
G274	G1484	1
G274	G147	1
G274	G684	1
G274	G607	1
G274	G460	1
G274	G231	1
G274	G26	1
G274	G1439	1
G274	G246	1
G274	G1518	1
G274	G1202	1
G274	G1503	1
G274	G247	1
G274	G415	1
G274	G0	1
G274	G1590	1
G274	G1119	1
G274	G592	1
G274	G171	1
G274	G1198	1
G274	G447	1
G274	G1555	1
G274	G907	1
G274	G1156	1
G274	G1020	1
G274	G304	1
G274	G1130	1
G274	G1242	1
G274	G559	1
G274	G84	1
G274	G640	1
G274	G1096	1
G274	G1449	1
G274	G370	1
G274	G1465	1
G274	G519	1
G274	G115	1
G274	G258	1
G274	G361	1
G274	G359	1
G274	G53	1
G274	G1372	1
G274	G1390	1
G274	G976	1
G274	G826	1
G274	G1404	1
G274	G407	1
G274	G1253	1
G274	G1371	1
G274	G479	1
G274	G1467	1
G274	G885	1
G274	G727	1
G274	G1159	1
G274	G1169	1
G274	G1516	1
G274	G940	1
G274	G532	1
G274	G1336	1
G274	G1293	1
G274	G794	1
G274	G897	1
G274	G1162	1
G274	G101	1
G274	G24	1
G274	G221	1
G274	G325	1
G274	G401	1
G274	G127	1
G274	G1595	1
G274	G216	1
G274	G33	1
G274	G546	1
G274	G502	1
G274	G137	1
G274	G307	1
G274	G251	1
G274	G34	1
G274	G343	1
G274	G1324	1
G274	G1596	1
G274	G798	1
G274	G845	1
G274	G105	1
G274	G124	1
G274	G10	1
G274	G278	1
G274	G445	1
G274	G823	1
G584	G493	1
G584	G881	1
G584	G674	1
G584	G1068	1
G584	G1286	1
G584	G930	1
G584	G454	1
G584	G128	1
G584	G807	1
G584	G328	1
G584	G240	1
G584	G986	1
G584	G619	1
G584	G283	1
G584	G1341	1
G584	G200	1
G584	G1377	1
G584	G1158	1
G584	G943	1
G584	G1246	1
G584	G1128	1
G584	G108	1
G584	G1416	1
G584	G784	1
G584	G742	1
G584	G1486	1
G584	G1436	1
G584	G1396	1
G584	G402	1
G584	G487	1
G584	G667	1
G584	G150	1
G584	G97	1
G584	G554	1
G584	G1168	1
G584	G505	1
G584	G209	1
G584	G562	1
G584	G563	1
G584	G1495	1
G584	G687	1
G584	G1216	1
G584	G1314	1
G584	G789	1
G584	G1285	1
G584	G67	1
G584	G756	1
G584	G1005	1
G584	G8	1
G584	G329	1
G584	G612	1
G584	G1346	1
G584	G987	1
G584	G27	1
G584	G245	1
G584	G366	1
G584	G544	1
G584	G243	1
G584	G342	1
G584	G1165	1
G584	G1288	1
G584	G746	1
G584	G12	1
G584	G1126	1
G584	G773	1
G584	G1299	1
G584	G642	1
G584	G1504	1
G584	G360	1
G584	G317	1
G584	G1533	1
G584	G371	1
G584	G5	1
G584	G19	1
G584	G309	1
G584	G1011	1
G584	G1563	1
G584	G282	1
G584	G199	1
G584	G326	1
G584	G181	1
G584	G1452	1
G584	G1117	1
G584	G87	1
G584	G760	1
G584	G665	1
G584	G318	1
G584	G413	1
G584	G463	1
G584	G813	1
G584	G163	1
G584	G274	1
G584	G1334	1
G584	G430	1
G584	G1239	1
G584	G603	1
G584	G1374	1
G584	G453	1
G584	G1400	1
G584	G1002	1
G584	G364	1
G584	G51	1
G584	G1139	1
G584	G575	1
G584	G1499	1
G584	G614	1
G584	G1413	1
G584	G960	1
G584	G285	1
G584	G485	1
G584	G578	1
G584	G866	1
G584	G82	1
G584	G1174	1
G584	G231	1
G584	G26	1
G584	G1202	1
G584	G415	1
G584	G1260	1
G584	G447	1
G584	G1156	1
G584	G1130	1
G584	G872	1
G584	G559	1
G584	G1449	1
G584	G1372	1
G584	G976	1
G584	G1516	1
G584	G33	1
G584	G502	1
G39	G1222	1
G39	G899	1
G39	G850	1
G39	G1060	1
G39	G261	1
G39	G1438	1
G39	G470	1
G39	G626	1
G39	G333	1
G39	G1005	1
G39	G1165	1
G39	G1228	1
G39	G270	1
G39	G291	1
G39	G740	1
G39	G836	1
G39	G665	1
G39	G637	1
G39	G805	1
G39	G606	1
G39	G1071	1
G39	G716	1
G39	G357	1
G39	G628	1
G39	G247	1
G39	G1198	1
G39	G1105	1
G39	G33	1
G72	G991	1
G72	G1273	1
G72	G1171	1
G72	G1408	1
G72	G543	1
G72	G967	1
G72	G697	1
G72	G819	1
G72	G1286	1
G72	G1348	1
G72	G1411	1
G72	G1332	1
G72	G467	1
G72	G1093	1
G72	G240	1
G72	G580	1
G72	G1317	1
G72	G134	1
G72	G1341	1
G72	G520	1
G72	G200	1
G72	G1377	1
G72	G1158	1
G72	G1268	1
G72	G473	1
G72	G643	1
G72	G673	1
G72	G1297	1
G72	G352	1
G72	G1292	1
G72	G1206	1
G72	G1416	1
G72	G910	1
G72	G1222	1
G72	G1132	1
G72	G906	1
G72	G899	1
G72	G161	1
G72	G1569	1
G72	G1494	1
G72	G844	1
G72	G574	1
G72	G1560	1
G72	G207	1
G72	G523	1
G72	G305	1
G72	G273	1
G72	G391	1
G72	G1224	1
G72	G462	1
G72	G1168	1
G72	G1312	1
G72	G1614	1
G72	G824	1
G72	G1133	1
G72	G505	1
G72	G308	1
G72	G1438	1
G72	G662	1
G72	G492	1
G72	G169	1
G72	G1015	1
G72	G687	1
G72	G1216	1
G72	G789	1
G72	G1285	1
G72	G149	1
G72	G15	1
G72	G722	1
G72	G8	1
G72	G1073	1
G72	G102	1
G72	G1076	1
G72	G1478	1
G72	G1548	1
G72	G1393	1
G72	G338	1
G72	G1114	1
G72	G1488	1
G72	G103	1
G72	G234	1
G72	G1014	1
G72	G1075	1
G72	G1223	1
G72	G1089	1
G72	G1325	1
G72	G1180	1
G72	G754	1
G72	G1126	1
G72	G1349	1
G72	G773	1
G72	G1299	1
G72	G1210	1
G72	G1391	1
G72	G390	1
G72	G1085	1
G72	G1084	1
G72	G1553	1
G72	G189	1
G72	G317	1
G72	G1232	1
G72	G779	1
G72	G703	1
G72	G538	1
G72	G856	1
G72	G99	1
G72	G608	1
G72	G954	1
G72	G800	1
G72	G429	1
G72	G508	1
G72	G440	1
G72	G196	1
G72	G595	1
G72	G1026	1
G72	G709	1
G72	G456	1
G72	G1117	1
G72	G1601	1
G72	G270	1
G72	G945	1
G72	G1367	1
G72	G1276	1
G72	G665	1
G72	G413	1
G72	G463	1
G72	G62	1
G72	G835	1
G72	G813	1
G72	G637	1
G72	G1192	1
G72	G1177	1
G72	G54	1
G72	G116	1
G72	G982	1
G72	G1146	1
G72	G1602	1
G72	G1281	1
G72	G1043	1
G72	G1374	1
G72	G275	1
G72	G1485	1
G72	G39	1
G72	G1398	1
G72	G1195	1
G72	G364	1
G72	G1139	1
G72	G409	1
G72	G1071	1
G72	G1052	1
G72	G1255	1
G72	G1012	1
G72	G1102	1
G72	G716	1
G72	G1322	1
G72	G732	1
G72	G357	1
G72	G355	1
G72	G449	1
G72	G880	1
G72	G883	1
G72	G670	1
G72	G1464	1
G72	G1534	1
G72	G557	1
G72	G1525	1
G72	G420	1
G72	G146	1
G72	G485	1
G72	G119	1
G72	G578	1
G72	G1170	1
G72	G1203	1
G72	G1458	1
G72	G633	1
G72	G65	1
G72	G999	1
G72	G147	1
G72	G607	1
G72	G460	1
G72	G26	1
G72	G1439	1
G72	G1518	1
G72	G1503	1
G72	G0	1
G72	G171	1
G72	G907	1
G72	G1156	1
G72	G1020	1
G72	G1474	1
G72	G559	1
G72	G1449	1
G72	G44	1
G72	G1465	1
G72	G359	1
G72	G1390	1
G72	G1253	1
G72	G1169	1
G72	G794	1
G72	G725	1
G72	G897	1
G72	G24	1
G72	G38	1
G72	G33	1
G72	G502	1
G72	G307	1
G72	G56	1
G72	G34	1
G72	G823	1
G417	G455	1
G417	G580	1
G417	G1206	1
G417	G576	1
G417	G271	1
G417	G261	1
G417	G380	1
G417	G1489	1
G417	G149	1
G417	G571	1
G417	G744	1
G417	G1601	1
G417	G1213	1
G417	G1313	1
G417	G1020	1
G298	G775	1
G298	G1332	1
G298	G986	1
G298	G1009	1
G298	G643	1
G298	G1249	1
G298	G1600	1
G298	G488	1
G298	G844	1
G298	G1436	1
G298	G574	1
G298	G1560	1
G298	G1238	1
G298	G273	1
G298	G1055	1
G298	G17	1
G298	G681	1
G298	G1447	1
G298	G662	1
G298	G1015	1
G298	G1329	1
G298	G789	1
G298	G722	1
G298	G8	1
G298	G347	1
G298	G263	1
G298	G1346	1
G298	G1435	1
G298	G403	1
G298	G1321	1
G298	G1014	1
G298	G1075	1
G298	G1180	1
G298	G754	1
G298	G12	1
G298	G1126	1
G298	G317	1
G298	G371	1
G298	G774	1
G298	G745	1
G298	G229	1
G298	G224	1
G298	G608	1
G298	G935	1
G298	G436	1
G298	G291	1
G298	G740	1
G298	G413	1
G298	G463	1
G298	G334	1
G298	G1080	1
G298	G1139	1
G298	G1071	1
G298	G1102	1
G298	G1322	1
G298	G1466	1
G298	G449	1
G298	G959	1
G298	G614	1
G298	G861	1
G298	G354	1
G298	G146	1
G298	G578	1
G298	G607	1
G298	G1202	1
G298	G1198	1
G298	G1020	1
G298	G559	1
G298	G1449	1
G298	G1390	1
G298	G1105	1
G298	G325	1
G298	G216	1
G298	G33	1
G146	G1171	1
G146	G1068	1
G146	G708	1
G146	G741	1
G146	G520	1
G146	G924	1
G146	G1268	1
G146	G1246	1
G146	G784	1
G146	G742	1
G146	G652	1
G146	G459	1
G146	G1088	1
G146	G301	1
G146	G1045	1
G146	G269	1
G146	G1164	1
G146	G11	1
G146	G143	1
G146	G937	1
G146	G1214	1
G146	G795	1
G146	G400	1
G146	G1346	1
G146	G1089	1
G146	G746	1
G146	G1375	1
G146	G786	1
G146	G1084	1
G146	G1553	1
G146	G387	1
G146	G565	1
G146	G411	1
G146	G1333	1
G146	G1228	1
G146	G345	1
G146	G744	1
G146	G456	1
G146	G291	1
G146	G1367	1
G146	G413	1
G146	G921	1
G146	G341	1
G146	G167	1
G146	G719	1
G146	G1255	1
G146	G1102	1
G146	G1413	1
G146	G358	1
G146	G607	1
G146	G442	1
G146	G1370	1
G146	G1271	1
G146	G1594	1
G146	G1159	1
G285	G991	1
G285	G1543	1
G285	G1273	1
G285	G1355	1
G285	G362	1
G285	G1487	1
G285	G1171	1
G285	G1031	1
G285	G674	1
G285	G190	1
G285	G775	1
G285	G1483	1
G285	G1408	1
G285	G1577	1
G285	G543	1
G285	G818	1
G285	G316	1
G285	G1038	1
G285	G697	1
G285	G947	1
G285	G819	1
G285	G1068	1
G285	G650	1
G285	G1568	1
G285	G602	1
G285	G480	1
G285	G1280	1
G285	G1286	1
G285	G1348	1
G285	G1186	1
G285	G1049	1
G285	G979	1
G285	G1411	1
G285	G1332	1
G285	G930	1
G285	G1035	1
G285	G796	1
G285	G46	1
G285	G454	1
G285	G128	1
G285	G1217	1
G285	G807	1
G285	G467	1
G285	G494	1
G285	G1369	1
G285	G1498	1
G285	G1137	1
G285	G240	1
G285	G1061	1
G285	G986	1
G285	G349	1
G285	G1432	1
G285	G1236	1
G285	G1317	1
G285	G172	1
G285	G134	1
G285	G283	1
G285	G535	1
G285	G1009	1
G285	G1341	1
G285	G1364	1
G285	G525	1
G285	G32	1
G285	G520	1
G285	G200	1
G285	G1377	1
G285	G895	1
G285	G1158	1
G285	G963	1
G285	G1268	1
G285	G992	1
G285	G514	1
G285	G473	1
G285	G643	1
G285	G1262	1
G285	G1086	1
G285	G673	1
G285	G1297	1
G285	G351	1
G285	G1095	1
G285	G1249	1
G285	G295	1
G285	G322	1
G285	G352	1
G285	G1206	1
G285	G1246	1
G285	G1247	1
G285	G1384	1
G285	G1505	1
G285	G1529	1
G285	G1128	1
G285	G1416	1
G285	G1600	1
G285	G784	1
G285	G742	1
G285	G1222	1
G285	G1486	1
G285	G1132	1
G285	G906	1
G285	G488	1
G285	G330	1
G285	G23	1
G285	G585	1
G285	G788	1
G285	G161	1
G285	G1569	1
G285	G1234	1
G285	G812	1
G285	G1517	1
G285	G1415	1
G285	G984	1
G285	G1304	1
G285	G1494	1
G285	G1350	1
G285	G576	1
G285	G1056	1
G285	G844	1
G285	G1124	1
G285	G373	1
G285	G1578	1
G285	G705	1
G285	G1436	1
G285	G1396	1
G285	G382	1
G285	G1060	1
G285	G574	1
G285	G476	1
G285	G1560	1
G285	G1407	1
G285	G1148	1
G285	G573	1
G285	G1472	1
G285	G1461	1
G285	G1238	1
G285	G207	1
G285	G751	1
G285	G305	1
G285	G695	1
G285	G300	1
G285	G89	1
G285	G369	1
G285	G857	1
G285	G273	1
G285	G391	1
G285	G253	1
G285	G534	1
G285	G1055	1
G285	G1087	1
G285	G504	1
G285	G261	1
G285	G911	1
G285	G586	1
G285	G97	1
G285	G554	1
G285	G599	1
G285	G17	1
G285	G1168	1
G285	G1244	1
G285	G1368	1
G285	G1142	1
G285	G957	1
G285	G1291	1
G285	G1312	1
G285	G681	1
G285	G1614	1
G285	G484	1
G285	G1205	1
G285	G1447	1
G285	G1133	1
G285	G188	1
G285	G209	1
G285	G562	1
G285	G203	1
G285	G319	1
G285	G871	1
G285	G1438	1
G285	G662	1
G285	G636	1
G285	G931	1
G285	G492	1
G285	G269	1
G285	G169	1
G285	G723	1
G285	G892	1
G285	G1196	1
G285	G1015	1
G285	G687	1
G285	G90	1
G285	G1329	1
G285	G531	1
G285	G1473	1
G285	G1021	1
G285	G721	1
G285	G789	1
G285	G961	1
G285	G1000	1
G285	G706	1
G285	G1285	1
G285	G1597	1
G285	G149	1
G285	G252	1
G285	G444	1
G285	G267	1
G285	G590	1
G285	G483	1
G285	G846	1
G285	G1069	1
G285	G333	1
G285	G1072	1
G285	G1005	1
G285	G347	1
G285	G1073	1
G285	G870	1
G285	G570	1
G285	G329	1
G285	G60	1
G285	G1443	1
G285	G102	1
G285	G612	1
G285	G263	1
G285	G1025	1
G285	G1478	1
G285	G1608	1
G285	G1318	1
G285	G1346	1
G285	G1548	1
G285	G91	1
G285	G1514	1
G285	G403	1
G285	G276	1
G285	G1097	1
G285	G1358	1
G285	G1013	1
G285	G1393	1
G285	G864	1
G285	G27	1
G285	G338	1
G285	G366	1
G285	G1392	1
G285	G1114	1
G285	G544	1
G285	G1321	1
G285	G1488	1
G285	G112	1
G285	G103	1
G285	G363	1
G285	G234	1
G285	G1014	1
G285	G1366	1
G285	G1445	1
G285	G1075	1
G285	G1165	1
G285	G1223	1
G285	G1089	1
G285	G1551	1
G285	G746	1
G285	G1431	1
G285	G853	1
G285	G281	1
G285	G1325	1
G285	G688	1
G285	G1180	1
G285	G754	1
G285	G786	1
G285	G1567	1
G285	G1315	1
G285	G1126	1
G285	G577	1
G285	G1349	1
G285	G773	1
G285	G1299	1
G285	G1210	1
G285	G1546	1
G285	G1444	1
G285	G1391	1
G285	G932	1
G285	G122	1
G285	G555	1
G285	G390	1
G285	G1084	1
G285	G313	1
G285	G1504	1
G285	G1215	1
G285	G1553	1
G285	G25	1
G285	G558	1
G285	G888	1
G285	G317	1
G285	G739	1
G285	G1257	1
G285	G371	1
G285	G297	1
G285	G1232	1
G285	G1101	1
G285	G1512	1
G285	G779	1
G285	G703	1
G285	G5	1
G285	G1506	1
G285	G538	1
G285	G774	1
G285	G19	1
G285	G16	1
G285	G411	1
G285	G309	1
G285	G1011	1
G285	G1333	1
G285	G1051	1
G285	G1319	1
G285	G928	1
G285	G1619	1
G285	G282	1
G285	G1028	1
G285	G229	1
G285	G99	1
G285	G882	1
G285	G1468	1
G285	G306	1
G285	G232	1
G285	G608	1
G285	G954	1
G285	G935	1
G285	G800	1
G285	G429	1
G285	G440	1
G285	G196	1
G285	G1265	1
G285	G926	1
G285	G595	1
G285	G744	1
G285	G1572	1
G285	G456	1
G285	G436	1
G285	G393	1
G285	G1117	1
G285	G1601	1
G285	G176	1
G285	G270	1
G285	G321	1
G285	G1166	1
G285	G1607	1
G285	G1310	1
G285	G772	1
G285	G701	1
G285	G997	1
G285	G1500	1
G285	G945	1
G285	G740	1
G285	G686	1
G285	G1367	1
G285	G1276	1
G285	G378	1
G285	G760	1
G285	G665	1
G285	G1617	1
G285	G1212	1
G285	G413	1
G285	G463	1
G285	G921	1
G285	G835	1
G285	G813	1
G285	G637	1
G285	G726	1
G285	G1192	1
G285	G1177	1
G285	G379	1
G285	G54	1
G285	G274	1
G285	G116	1
G285	G289	1
G285	G197	1
G285	G1573	1
G285	G228	1
G285	G805	1
G285	G1080	1
G285	G1564	1
G285	G1334	1
G285	G1389	1
G285	G1602	1
G285	G341	1
G285	G507	1
G285	G603	1
G285	G55	1
G285	G1281	1
G285	G606	1
G285	G148	1
G285	G130	1
G285	G1374	1
G285	G453	1
G285	G1048	1
G285	G83	1
G285	G275	1
G285	G1485	1
G285	G39	1
G285	G1398	1
G285	G1131	1
G285	G1409	1
G285	G1241	1
G285	G1002	1
G285	G364	1
G285	G368	1
G285	G1139	1
G285	G58	1
G285	G296	1
G285	G255	1
G285	G450	1
G285	G1052	1
G285	G1032	1
G285	G1255	1
G285	G1012	1
G285	G716	1
G285	G575	1
G285	G1121	1
G285	G1151	1
G285	G1322	1
G285	G732	1
G285	G1466	1
G285	G357	1
G285	G355	1
G285	G449	1
G285	G791	1
G285	G880	1
G285	G883	1
G285	G670	1
G285	G1381	1
G285	G1534	1
G285	G1340	1
G285	G915	1
G285	G925	1
G285	G614	1
G285	G298	1
G285	G861	1
G285	G354	1
G285	G1274	1
G285	G994	1
G285	G998	1
G285	G960	1
G285	G816	1
G285	G420	1
G285	G146	1
G285	G485	1
G285	G119	1
G285	G578	1
G285	G978	1
G285	G1170	1
G285	G866	1
G285	G753	1
G285	G689	1
G285	G1203	1
G285	G1335	1
G285	G1378	1
G285	G206	1
G285	G1213	1
G285	G1063	1
G285	G1458	1
G285	G633	1
G285	G65	1
G285	G556	1
G285	G1174	1
G285	G1019	1
G285	G999	1
G285	G1484	1
G285	G147	1
G285	G460	1
G285	G231	1
G285	G26	1
G285	G1439	1
G285	G164	1
G285	G1518	1
G285	G1469	1
G285	G1202	1
G285	G1503	1
G285	G247	1
G285	G415	1
G285	G0	1
G285	G1119	1
G285	G447	1
G285	G1555	1
G285	G1313	1
G285	G1020	1
G285	G304	1
G285	G625	1
G285	G1130	1
G285	G1016	1
G285	G1474	1
G285	G1242	1
G285	G872	1
G285	G559	1
G285	G1370	1
G285	G640	1
G285	G1096	1
G285	G1449	1
G285	G44	1
G285	G370	1
G285	G1465	1
G285	G258	1
G285	G359	1
G285	G1390	1
G285	G976	1
G285	G1404	1
G285	G79	1
G285	G761	1
G285	G1253	1
G285	G1371	1
G285	G1327	1
G285	G1450	1
G285	G1467	1
G285	G885	1
G285	G1159	1
G285	G1169	1
G285	G1516	1
G285	G940	1
G285	G532	1
G285	G1336	1
G285	G1293	1
G285	G794	1
G285	G211	1
G285	G725	1
G285	G897	1
G285	G101	1
G285	G24	1
G285	G325	1
G285	G38	1
G285	G546	1
G285	G502	1
G285	G307	1
G285	G324	1
G285	G251	1
G285	G34	1
G285	G1324	1
G285	G21	1
G285	G105	1
G285	G518	1
G285	G124	1
G285	G445	1
G285	G823	1
G153	G1408	1
G153	G543	1
G153	G316	1
G153	G819	1
G153	G1068	1
G153	G650	1
G153	G1286	1
G153	G1348	1
G153	G1411	1
G153	G1332	1
G153	G807	1
G153	G1498	1
G153	G1137	1
G153	G240	1
G153	G580	1
G153	G349	1
G153	G283	1
G153	G1009	1
G153	G200	1
G153	G895	1
G153	G1158	1
G153	G406	1
G153	G673	1
G153	G1326	1
G153	G352	1
G153	G1247	1
G153	G1128	1
G153	G1416	1
G153	G899	1
G153	G161	1
G153	G1569	1
G153	G1494	1
G153	G373	1
G153	G1060	1
G153	G1461	1
G153	G271	1
G153	G946	1
G153	G261	1
G153	G462	1
G153	G1168	1
G153	G957	1
G153	G1447	1
G153	G858	1
G153	G505	1
G153	G203	1
G153	G636	1
G153	G269	1
G153	G1197	1
G153	G1015	1
G153	G626	1
G153	G1329	1
G153	G1489	1
G153	G1021	1
G153	G1216	1
G153	G706	1
G153	G1285	1
G153	G624	1
G153	G1069	1
G153	G1005	1
G153	G8	1
G153	G1073	1
G153	G329	1
G153	G1007	1
G153	G102	1
G153	G1076	1
G153	G1478	1
G153	G91	1
G153	G528	1
G153	G1393	1
G153	G864	1
G153	G338	1
G153	G918	1
G153	G1488	1
G153	G103	1
G153	G363	1
G153	G234	1
G153	G1366	1
G153	G1445	1
G153	G1165	1
G153	G1089	1
G153	G1431	1
G153	G1349	1
G153	G1299	1
G153	G1391	1
G153	G390	1
G153	G1084	1
G153	G1215	1
G153	G888	1
G153	G1101	1
G153	G5	1
G153	G774	1
G153	G16	1
G153	G411	1
G153	G1333	1
G153	G1319	1
G153	G185	1
G153	G303	1
G153	G306	1
G153	G935	1
G153	G800	1
G153	G429	1
G153	G367	1
G153	G926	1
G153	G456	1
G153	G1117	1
G153	G176	1
G153	G1367	1
G153	G665	1
G153	G413	1
G153	G62	1
G153	G637	1
G153	G964	1
G153	G541	1
G153	G1146	1
G153	G507	1
G153	G1374	1
G153	G1048	1
G153	G1485	1
G153	G39	1
G153	G1398	1
G153	G968	1
G153	G1241	1
G153	G1002	1
G153	G1139	1
G153	G72	1
G153	G255	1
G153	G716	1
G153	G1121	1
G153	G1322	1
G153	G1111	1
G153	G449	1
G153	G960	1
G153	G1525	1
G153	G485	1
G153	G119	1
G153	G866	1
G153	G1203	1
G153	G144	1
G153	G692	1
G153	G1484	1
G153	G460	1
G153	G26	1
G153	G1518	1
G153	G1119	1
G153	G171	1
G153	G907	1
G153	G1096	1
G153	G44	1
G153	G1372	1
G153	G1404	1
G153	G885	1
G153	G1159	1
G153	G940	1
G153	G1293	1
G153	G897	1
G153	G101	1
G153	G221	1
G153	G216	1
G153	G823	1
G460	G1487	1
G460	G1031	1
G460	G190	1
G460	G1408	1
G460	G543	1
G460	G967	1
G460	G316	1
G460	G650	1
G460	G1286	1
G460	G1348	1
G460	G1411	1
G460	G1332	1
G460	G741	1
G460	G1137	1
G460	G986	1
G460	G283	1
G460	G200	1
G460	G895	1
G460	G1158	1
G460	G963	1
G460	G1268	1
G460	G352	1
G460	G1246	1
G460	G1247	1
G460	G1128	1
G460	G1416	1
G460	G742	1
G460	G1222	1
G460	G1132	1
G460	G161	1
G460	G1415	1
G460	G1396	1
G460	G195	1
G460	G335	1
G460	G305	1
G460	G150	1
G460	G369	1
G460	G857	1
G460	G1087	1
G460	G97	1
G460	G1168	1
G460	G662	1
G460	G169	1
G460	G1308	1
G460	G1196	1
G460	G1015	1
G460	G1329	1
G460	G721	1
G460	G1216	1
G460	G961	1
G460	G706	1
G460	G1285	1
G460	G252	1
G460	G48	1
G460	G590	1
G460	G457	1
G460	G1443	1
G460	G102	1
G460	G612	1
G460	G1264	1
G460	G1346	1
G460	G1548	1
G460	G1294	1
G460	G1321	1
G460	G1366	1
G460	G1445	1
G460	G1075	1
G460	G1165	1
G460	G853	1
G460	G1180	1
G460	G754	1
G460	G786	1
G460	G1315	1
G460	G577	1
G460	G1391	1
G460	G1084	1
G460	G70	1
G460	G1215	1
G460	G1008	1
G460	G703	1
G460	G5	1
G460	G1011	1
G460	G1333	1
G460	G42	1
G460	G232	1
G460	G608	1
G460	G1026	1
G460	G345	1
G460	G456	1
G460	G513	1
G460	G1117	1
G460	G1166	1
G460	G1004	1
G460	G945	1
G460	G1367	1
G460	G1276	1
G460	G256	1
G460	G413	1
G460	G921	1
G460	G637	1
G460	G1403	1
G460	G952	1
G460	G465	1
G460	G1167	1
G460	G982	1
G460	G1146	1
G460	G507	1
G460	G1281	1
G460	G1374	1
G460	G771	1
G460	G1485	1
G460	G39	1
G460	G1131	1
G460	G1409	1
G460	G265	1
G460	G1241	1
G460	G1245	1
G460	G296	1
G460	G450	1
G460	G1255	1
G460	G433	1
G460	G449	1
G460	G880	1
G460	G875	1
G460	G909	1
G460	G420	1
G460	G978	1
G460	G866	1
G460	G1458	1
G460	G1174	1
G460	G542	1
G460	G1518	1
G460	G415	1
G460	G1119	1
G460	G1271	1
G460	G640	1
G460	G1096	1
G460	G826	1
G460	G1404	1
G460	G1450	1
G460	G794	1
G460	G34	1
G460	G1596	1
G231	G1577	1
G231	G1498	1
G231	G1405	1
G231	G1505	1
G231	G488	1
G231	G1494	1
G231	G576	1
G231	G1060	1
G231	G654	1
G231	G273	1
G231	G391	1
G231	G534	1
G231	G261	1
G231	G188	1
G231	G521	1
G231	G483	1
G231	G477	1
G231	G571	1
G231	G974	1
G231	G306	1
G231	G1530	1
G231	G54	1
G231	G72	1
G231	G119	1
G231	G336	1
G231	G247	1
G231	G1020	1
G231	G127	1
G231	G38	1
G246	G991	1
G246	G775	1
G246	G543	1
G246	G1068	1
G246	G567	1
G246	G1411	1
G246	G673	1
G246	G906	1
G246	G1396	1
G246	G574	1
G246	G462	1
G246	G1312	1
G246	G188	1
G246	G871	1
G246	G662	1
G246	G879	1
G246	G269	1
G246	G1015	1
G246	G1329	1
G246	G1489	1
G246	G789	1
G246	G149	1
G246	G765	1
G246	G48	1
G246	G102	1
G246	G612	1
G246	G263	1
G246	G403	1
G246	G1089	1
G246	G1431	1
G246	G1325	1
G246	G12	1
G246	G1391	1
G246	G224	1
G246	G196	1
G246	G772	1
G246	G945	1
G246	G116	1
G246	G334	1
G246	G197	1
G246	G1080	1
G246	G315	1
G246	G1151	1
G246	G354	1
G246	G1198	1
G246	G1555	1
G246	G1313	1
G246	G1127	1
G246	G559	1
G246	G1449	1
G246	G1390	1
G246	G897	1
G246	G101	1
G246	G1105	1
G246	G324	1
G546	G165	1
G546	G271	1
G546	G261	1
G546	G269	1
G546	G483	1
G546	G1005	1
G546	G1126	1
G546	G54	1
G546	G51	1
G546	G1313	1
G546	G1127	1
G45	G630	1
G45	G1487	1
G45	G818	1
G45	G1038	1
G45	G650	1
G45	G1568	1
G45	G1411	1
G45	G1035	1
G45	G128	1
G45	G807	1
G45	G601	1
G45	G763	1
G45	G1158	1
G45	G1347	1
G45	G1268	1
G45	G398	1
G45	G1406	1
G45	G1262	1
G45	G351	1
G45	G352	1
G45	G1246	1
G45	G1529	1
G45	G1416	1
G45	G742	1
G45	G1486	1
G45	G488	1
G45	G788	1
G45	G1415	1
G45	G984	1
G45	G705	1
G45	G1407	1
G45	G1148	1
G45	G916	1
G45	G632	1
G45	G759	1
G45	G6	1
G45	G662	1
G45	G1196	1
G45	G1021	1
G45	G1314	1
G45	G8	1
G45	G509	1
G45	G235	1
G45	G60	1
G45	G1346	1
G45	G987	1
G45	G864	1
G45	G27	1
G45	G544	1
G45	G363	1
G45	G1375	1
G45	G1325	1
G45	G1444	1
G45	G1084	1
G45	G313	1
G45	G1215	1
G45	G331	1
G45	G348	1
G45	G588	1
G45	G888	1
G45	G779	1
G45	G703	1
G45	G856	1
G45	G474	1
G45	G1011	1
G45	G1333	1
G45	G1233	1
G45	G429	1
G45	G345	1
G45	G393	1
G45	G176	1
G45	G43	1
G45	G1010	1
G45	G1422	1
G45	G945	1
G45	G1367	1
G45	G257	1
G45	G921	1
G45	G1172	1
G45	G548	1
G45	G1573	1
G45	G430	1
G45	G1374	1
G45	G1048	1
G45	G968	1
G45	G1208	1
G45	G368	1
G45	G296	1
G45	G1121	1
G45	G1340	1
G45	G1499	1
G45	G861	1
G45	G960	1
G45	G973	1
G45	G485	1
G45	G80	1
G45	G140	1
G45	G147	1
G45	G231	1
G45	G1020	1
G45	G1096	1
G45	G1327	1
G45	G1467	1
G45	G1159	1
G45	G532	1
G45	G1336	1
G45	G211	1
G45	G725	1
G45	G24	1
G45	G502	1
G45	G823	1
G251	G1038	1
G251	G643	1
G251	G1206	1
G251	G899	1
G251	G1087	1
G251	G462	1
G251	G1447	1
G251	G505	1
G251	G662	1
G251	G1165	1
G251	G843	1
G251	G1210	1
G251	G1215	1
G251	G168	1
G251	G25	1
G251	G346	1
G251	G181	1
G251	G595	1
G251	G1572	1
G251	G270	1
G251	G1602	1
G251	G1466	1
G251	G485	1
G251	G1434	1
G251	G171	1
G251	G559	1
G251	G407	1
G251	G1254	1
G251	G33	1
G251	G502	1
