G166	G643	1
G132	G643	1
G132	G63	1
G163	G643	1
G163	G649	1
G163	G464	1
G163	G676	1
G163	G147	1
G163	G790	1
G163	G34	1
G163	G504	1
G163	G450	1
G163	G623	1
G163	G256	1
G163	G53	1
G163	G498	1
G163	G742	1
G163	G731	1
G163	G850	1
G163	G829	1
G163	G417	1
G163	G63	1
G163	G668	1
G163	G141	1
G163	G333	1
G163	G78	1
G163	G495	1
G163	G635	1
G163	G362	1
G163	G541	1
G163	G412	1
G163	G620	1
G163	G68	1
G163	G201	1
G163	G426	1
G163	G143	1
G163	G98	1
G163	G734	1
G163	G9	1
G163	G461	1
G163	G483	1
G163	G540	1
G163	G855	1
G163	G313	1
G163	G722	1
G163	G327	1
G163	G836	1
G163	G863	1
G163	G542	1
G163	G602	1
G163	G661	1
G163	G499	1
G163	G577	1
G163	G381	1
G163	G771	1
G163	G359	1
G163	G207	1
G163	G119	1
G163	G334	1
G163	G875	1
G163	G72	1
G163	G866	1
G163	G588	1
G163	G479	1
G163	G82	1
G163	G757	1
G163	G247	1
G163	G735	1
G163	G439	1
G163	G160	1
G163	G840	1
G163	G759	1
G163	G266	1
G163	G441	1
G163	G480	1
G163	G278	1
G163	G594	1
G163	G96	1
G163	G40	1
G163	G885	1
G163	G624	1
G163	G406	1
G163	G115	1
G163	G549	1
G163	G164	1
G163	G670	1
G171	G306	1
G171	G301	1
G171	G909	1
G330	G104	1
G330	G614	1
G330	G907	1
G330	G71	1
G330	G149	1
G330	G383	1
G330	G458	1
G330	G43	1
G330	G740	1
G330	G375	1
G330	G54	1
G330	G206	1
G330	G146	1
G330	G902	1
G330	G735	1
G330	G88	1
G330	G161	1
G330	G848	1
G330	G33	1
G330	G98	1
G330	G67	1
G330	G244	1
G330	G163	1
G330	G546	1
G330	G684	1
G330	G221	1
G330	G70	1
G330	G391	1
G330	G638	1
G330	G141	1
G330	G527	1
G330	G495	1
G330	G513	1
G330	G803	1
G330	G729	1
G330	G223	1
G330	G656	1
G330	G128	1
G330	G200	1
G330	G530	1
G330	G2	1
G330	G297	1
G330	G222	1
G330	G196	1
G330	G470	1
G330	G281	1
G330	G826	1
G330	G207	1
G330	G34	1
G330	G18	1
G330	G817	1
G330	G398	1
G330	G678	1
G330	G103	1
G330	G531	1
G330	G267	1
G330	G256	1
G330	G734	1
G330	G306	1
G330	G613	1
G330	G785	1
G330	G637	1
G330	G811	1
G330	G73	1
G330	G883	1
G330	G702	1
G330	G106	1
G330	G217	1
G330	G210	1
G330	G135	1
G330	G360	1
G330	G853	1
G330	G528	1
G330	G499	1
G330	G538	1
G330	G588	1
G330	G670	1
G330	G12	1
G330	G643	1
G330	G313	1
G330	G45	1
G330	G4	1
G330	G477	1
G330	G767	1
G330	G20	1
G330	G566	1
G330	G82	1
G330	G697	1
G330	G155	1
G330	G798	1
G330	G609	1
G330	G89	1
G330	G68	1
G330	G319	1
G330	G400	1
G330	G126	1
G330	G365	1
G330	G450	1
G330	G840	1
G330	G285	1
G330	G320	1
G330	G466	1
G330	G724	1
G330	G901	1
G330	G650	1
G330	G692	1
G330	G52	1
G330	G636	1
G330	G266	1
G330	G59	1
G330	G224	1
G330	G781	1
G330	G736	1
G330	G60	1
G330	G160	1
G330	G152	1
G330	G309	1
G330	G607	1
G330	G720	1
G330	G203	1
G330	G40	1
G330	G230	1
G330	G272	1
G330	G630	1
G330	G827	1
G330	G387	1
G330	G721	1
G330	G804	1
G330	G179	1
G330	G434	1
G330	G666	1
G330	G122	1
G330	G874	1
G330	G696	1
G330	G23	1
G330	G658	1
G330	G48	1
G330	G9	1
G330	G810	1
G330	G129	1
G330	G78	1
G330	G26	1
G330	G388	1
G330	G324	1
G330	G99	1
G330	G47	1
G330	G760	1
G330	G768	1
G330	G813	1
G330	G276	1
G330	G875	1
G330	G693	1
G330	G774	1
G330	G258	1
G330	G340	1
G330	G74	1
G330	G517	1
G330	G292	1
G330	G130	1
G330	G114	1
G330	G156	1
G330	G11	1
G330	G158	1
G330	G348	1
G330	G541	1
G330	G113	1
G330	G197	1
G330	G394	1
G330	G390	1
G330	G177	1
G330	G64	1
G330	G290	1
G330	G334	1
G330	G695	1
G330	G662	1
G330	G220	1
G330	G193	1
G330	G487	1
G330	G92	1
G330	G399	1
G330	G444	1
G330	G474	1
G330	G164	1
G330	G476	1
G330	G497	1
G330	G754	1
G330	G496	1
G330	G7	1
G330	G183	1
G330	G864	1
G330	G707	1
G330	G526	1
G330	G357	1
G330	G293	1
G330	G457	1
G330	G368	1
G330	G571	1
G330	G376	1
G330	G318	1
G330	G198	1
G330	G100	1
G330	G705	1
G330	G77	1
G330	G170	1
G330	G536	1
G330	G5	1
G330	G869	1
G330	G278	1
G330	G19	1
G330	G672	1
G330	G27	1
G330	G713	1
G330	G229	1
G330	G253	1
G330	G732	1
G330	G661	1
G330	G771	1
G330	G714	1
G330	G295	1
G330	G552	1
G330	G72	1
G330	G105	1
G330	G367	1
G330	G673	1
G330	G412	1
G330	G481	1
G330	G39	1
G330	G180	1
G330	G855	1
G330	G338	1
G330	G878	1
G330	G24	1
G330	G654	1
G330	G788	1
G330	G850	1
G330	G166	1
G330	G894	1
G330	G739	1
G330	G21	1
G330	G226	1
G330	G314	1
G330	G540	1
G330	G296	1
G330	G409	1
G330	G829	1
G330	G723	1
G330	G392	1
G330	G123	1
G330	G49	1
G330	G246	1
G330	G648	1
G330	G325	1
G330	G623	1
G330	G805	1
G330	G867	1
G330	G559	1
G330	G62	1
G330	G233	1
G330	G286	1
G330	G102	1
G330	G354	1
G330	G90	1
G180	G649	1
G180	G63	1
G180	G623	1
G180	G866	1
G180	G426	1
G180	G33	1
G180	G901	1
G180	G655	1
G180	G53	1
G180	G855	1
G180	G200	1
G180	G757	1
G180	G731	1
G180	G745	1
G180	G544	1
G180	G327	1
G180	G306	1
G180	G146	1
G180	G316	1
G180	G78	1
G180	G748	1
G180	G46	1
G180	G625	1
G180	G849	1
G180	G861	1
G180	G889	1
G180	G486	1
G180	G115	1
G180	G363	1
G180	G759	1
G180	G772	1
G180	G92	1
G180	G575	1
G180	G266	1
G180	G207	1
G180	G668	1
G180	G820	1
G180	G443	1
G180	G495	1
G180	G30	1
G180	G256	1
G180	G639	1
G180	G475	1
G180	G463	1
G180	G156	1
G180	G737	1
G180	G539	1
G180	G12	1
G180	G182	1
G180	G140	1
G180	G260	1
G180	G450	1
G180	G706	1
G180	G836	1
G180	G218	1
G180	G454	1
G180	G498	1
G180	G622	1
G180	G894	1
G180	G853	1
G180	G481	1
G180	G107	1
G180	G559	1
G180	G684	1
G180	G68	1
G180	G287	1
G180	G226	1
G180	G333	1
G180	G768	1
G180	G596	1
G180	G694	1
G180	G321	1
G180	G302	1
G180	G513	1
G180	G540	1
G180	G783	1
G180	G708	1
G180	G636	1
G180	G17	1
G180	G620	1
G180	G541	1
G180	G896	1
G180	G257	1
G180	G21	1
G180	G75	1
G180	G308	1
G180	G626	1
G180	G161	1
G180	G842	1
G180	G409	1
G180	G170	1
G180	G23	1
G180	G614	1
G180	G790	1
G180	G224	1
G180	G658	1
G180	G661	1
G180	G243	1
G180	G424	1
G180	G167	1
G180	G453	1
G180	G562	1
G180	G384	1
G180	G128	1
G180	G654	1
G180	G740	1
G180	G229	1
G180	G332	1
G180	G288	1
G180	G477	1
G180	G250	1
G180	G69	1
G180	G98	1
G180	G683	1
G180	G197	1
G180	G789	1
G180	G811	1
G180	G311	1
G180	G676	1
G180	G362	1
G180	G784	1
G180	G907	1
G180	G670	1
G180	G380	1
G180	G871	1
G180	G518	1
G180	G534	1
G180	G568	1
G180	G214	1
G180	G527	1
G180	G827	1
G180	G806	1
G180	G313	1
G180	G749	1
G180	G42	1
G180	G400	1
G180	G616	1
G180	G813	1
G180	G298	1
G180	G665	1
G180	G885	1
G180	G484	1
G180	G71	1
G180	G147	1
G180	G679	1
G180	G852	1
G180	G612	1
G180	G874	1
G180	G244	1
G180	G869	1
G180	G57	1
G180	G730	1
G180	G293	1
G180	G829	1
G180	G697	1
G180	G155	1
G180	G643	1
G180	G530	1
G180	G383	1
G180	G435	1
G180	G771	1
G180	G850	1
G180	G59	1
G180	G103	1
G180	G420	1
G180	G441	1
G180	G66	1
G180	G834	1
G180	G659	1
G180	G328	1
G180	G7	1
G180	G339	1
G180	G323	1
G180	G235	1
G180	G695	1
G180	G163	1
G180	G579	1
G180	G491	1
G180	G292	1
G180	G461	1
G180	G851	1
G180	G533	1
G180	G458	1
G180	G859	1
G180	G818	1
G180	G671	1
G180	G247	1
G180	G252	1
G180	G434	1
G180	G412	1
G180	G367	1
G180	G832	1
G180	G64	1
G180	G690	1
G180	G843	1
G180	G735	1
G180	G828	1
G180	G747	1
G180	G414	1
G180	G617	1
G180	G774	1
G180	G419	1
G180	G837	1
G180	G20	1
G180	G329	1
G180	G144	1
G180	G407	1
G180	G531	1
G180	G95	1
G180	G179	1
G180	G687	1
G180	G607	1
G180	G294	1
G180	G524	1
G180	G11	1
G180	G276	1
G180	G340	1
G180	G580	1
G180	G410	1
G180	G141	1
G180	G563	1
G180	G701	1
G180	G904	1
G180	G663	1
G180	G38	1
G180	G615	1
G180	G193	1
G180	G389	1
G180	G164	1
G180	G349	1
G180	G158	1
G180	G692	1
G180	G621	1
G180	G206	1
G180	G102	1
G180	G283	1
G180	G515	1
G180	G538	1
G180	G72	1
G180	G342	1
G180	G29	1
G180	G395	1
G180	G657	1
G180	G336	1
G180	G173	1
G180	G25	1
G180	G255	1
G180	G399	1
G180	G720	1
G180	G50	1
G180	G781	1
G180	G357	1
G180	G746	1
G180	G528	1
G180	G406	1
G180	G719	1
G180	G118	1
G180	G135	1
G180	G296	1
G180	G88	1
G180	G797	1
G180	G151	1
G180	G586	1
G180	G455	1
G180	G588	1
G180	G460	1
G180	G217	1
G180	G576	1
G180	G172	1
G180	G609	1
G180	G516	1
G180	G438	1
G180	G848	1
G180	G177	1
G180	G74	1
G180	G578	1
G180	G267	1
G180	G96	1
G180	G392	1
G180	G132	1
G180	G637	1
G180	G89	1
G180	G129	1
G180	G34	1
G180	G374	1
G180	G677	1
G180	G741	1
G180	G230	1
G180	G479	1
G180	G381	1
G180	G456	1
G180	G585	1
G180	G728	1
G180	G56	1
G180	G662	1
G180	G391	1
G180	G301	1
G180	G423	1
G180	G581	1
G180	G272	1
G353	G643	1
G353	G211	1
G353	G590	1
G353	G666	1
G353	G207	1
G353	G87	1
G353	G755	1
G353	G109	1
G353	G321	1
G353	G701	1
G353	G431	1
G353	G408	1
G353	G665	1
G353	G711	1
G353	G715	1
G353	G887	1
G353	G138	1
G353	G61	1
G353	G496	1
G353	G863	1
G353	G602	1
G353	G653	1
G353	G804	1
G353	G548	1
G353	G579	1
G353	G140	1
G353	G850	1
G353	G765	1
G353	G710	1
G353	G507	1
G353	G870	1
G353	G417	1
G353	G115	1
G353	G618	1
G353	G125	1
G353	G691	1
G353	G788	1
G353	G284	1
G353	G861	1
G353	G191	1
G353	G10	1
G353	G118	1
G353	G774	1
G353	G57	1
G353	G394	1
G353	G77	1
G353	G270	1
G353	G1	1
G353	G228	1
G353	G92	1
G353	G571	1
G353	G581	1
G353	G435	1
G353	G302	1
G353	G133	1
G353	G354	1
G353	G762	1
G353	G909	1
G353	G218	1
G353	G60	1
G353	G421	1
G353	G86	1
G353	G174	1
G353	G416	1
G353	G879	1
G353	G621	1
G353	G238	1
G353	G843	1
G353	G345	1
G353	G329	1
G353	G233	1
G353	G640	1
G353	G259	1
G353	G80	1
G353	G766	1
G353	G165	1
G353	G684	1
G353	G396	1
G353	G24	1
G353	G708	1
G353	G220	1
G353	G91	1
G353	G464	1
G353	G672	1
G353	G335	1
G353	G727	1
G353	G510	1
G353	G16	1
G353	G678	1
G353	G370	1
G353	G623	1
G353	G197	1
G353	G584	1
G353	G418	1
G353	G610	1
G353	G296	1
G353	G682	1
G353	G51	1
G353	G454	1
G353	G596	1
G353	G261	1
G353	G297	1
G353	G616	1
G353	G209	1
G353	G503	1
G353	G529	1
G353	G252	1
G353	G573	1
G353	G14	1
G353	G180	1
G353	G53	1
G353	G192	1
G353	G21	1
G353	G527	1
G353	G116	1
G353	G97	1
G182	G638	1
G182	G649	1
G182	G92	1
G182	G448	1
G182	G260	1
G182	G889	1
G182	G783	1
G182	G197	1
G182	G210	1
G182	G759	1
G182	G306	1
G182	G440	1
G182	G745	1
G182	G212	1
G182	G129	1
G182	G901	1
G182	G359	1
G182	G575	1
G182	G78	1
G182	G352	1
G182	G909	1
G182	G779	1
G182	G30	1
G182	G426	1
G182	G510	1
G182	G854	1
G182	G676	1
G182	G252	1
G182	G531	1
G182	G748	1
G182	G757	1
G182	G405	1
G182	G540	1
G182	G596	1
G182	G612	1
G182	G316	1
G182	G602	1
G182	G653	1
G182	G302	1
G182	G294	1
G182	G156	1
G182	G177	1
G182	G517	1
G182	G895	1
G182	G332	1
G182	G661	1
G182	G106	1
G182	G655	1
G182	G147	1
G182	G452	1
G182	G222	1
G182	G407	1
G182	G643	1
G182	G218	1
G182	G654	1
G182	G133	1
G182	G146	1
G182	G586	1
G182	G725	1
G182	G202	1
G182	G619	1
G182	G614	1
G182	G165	1
G182	G715	1
G182	G53	1
G182	G200	1
G182	G33	1
G182	G333	1
G182	G772	1
G182	G620	1
G182	G731	1
G182	G474	1
G182	G443	1
G182	G408	1
G182	G491	1
G182	G46	1
G182	G820	1
G182	G103	1
G182	G414	1
G182	G701	1
G182	G583	1
G182	G193	1
G182	G823	1
G182	G374	1
G182	G362	1
G182	G111	1
G182	G706	1
G182	G12	1
G182	G737	1
G182	G176	1
G182	G402	1
G182	G782	1
G182	G755	1
G182	G438	1
G182	G446	1
G182	G802	1
G182	G342	1
G182	G671	1
G182	G456	1
G182	G11	1
G182	G179	1
G182	G739	1
G182	G500	1
G182	G450	1
G182	G692	1
G182	G45	1
G247	G643	1
G247	G82	1
G247	G340	1
G247	G516	1
G247	G266	1
G247	G438	1
G247	G239	1
G247	G89	1
G247	G210	1
G247	G555	1
G247	G324	1
G247	G92	1
G247	G193	1
G247	G559	1
G247	G679	1
G247	G408	1
G247	G241	1
G247	G173	1
G247	G650	1
G247	G299	1
G247	G332	1
G247	G219	1
G247	G639	1
G247	G607	1
G247	G34	1
G247	G25	1
G247	G441	1
G247	G349	1
G247	G33	1
G247	G363	1
G247	G803	1
G247	G666	1
G247	G677	1
G247	G669	1
G247	G645	1
G247	G18	1
G247	G376	1
G247	G860	1
G247	G767	1
G247	G820	1
G247	G576	1
G247	G287	1
G247	G405	1
G247	G221	1
G247	G487	1
G247	G164	1
G247	G869	1
G247	G7	1
G247	G678	1
G247	G100	1
G247	G48	1
G247	G714	1
G247	G907	1
G247	G224	1
G247	G549	1
G247	G638	1
G247	G445	1
G247	G260	1
G247	G141	1
G247	G782	1
G247	G495	1
G247	G281	1
G247	G476	1
G247	G318	1
G247	G580	1
G247	G508	1
G247	G763	1
G247	G179	1
G247	G207	1
G247	G389	1
G247	G38	1
G247	G257	1
G247	G255	1
G247	G423	1
G247	G23	1
G247	G746	1
G247	G111	1
G247	G222	1
G247	G659	1
G247	G212	1
G247	G163	1
G247	G76	1
G247	G283	1
G247	G8	1
G247	G42	1
G247	G873	1
G247	G798	1
G247	G909	1
G247	G205	1
G247	G443	1
G247	G206	1
G247	G734	1
G247	G149	1
G247	G40	1
G247	G245	1
G247	G470	1
G247	G721	1
G247	G72	1
G247	G69	1
G247	G541	1
G247	G338	1
G247	G848	1
G247	G22	1
G247	G11	1
G247	G453	1
G247	G264	1
G247	G435	1
G247	G566	1
G247	G75	1
G247	G71	1
G247	G702	1
G247	G129	1
G247	G276	1
G247	G426	1
G247	G906	1
G247	G683	1
G247	G901	1
G247	G642	1
G247	G268	1
G247	G46	1
G247	G285	1
G247	G673	1
G247	G477	1
G247	G391	1
G247	G5	1
G247	G790	1
G247	G56	1
G247	G64	1
G247	G658	1
G247	G552	1
G247	G828	1
G247	G336	1
G247	G218	1
G247	G784	1
G247	G122	1
G247	G536	1
G247	G670	1
G247	G450	1
G247	G220	1
G247	G491	1
G247	G705	1
G247	G73	1
G247	G189	1
G247	G258	1
G247	G653	1
G247	G785	1
G247	G876	1
G247	G889	1
G247	G648	1
G247	G634	1
G247	G104	1
G247	G632	1
G247	G368	1
G247	G543	1
G247	G556	1
G247	G214	1
G247	G93	1
G247	G818	1
G247	G232	1
G247	G750	1
G247	G99	1
G247	G637	1
G247	G665	1
G247	G101	1
G247	G852	1
G247	G410	1
G247	G230	1
G247	G54	1
G247	G603	1
G247	G842	1
G247	G339	1
G247	G735	1
G247	G151	1
G247	G74	1
G247	G538	1
G247	G262	1
G247	G720	1
G247	G749	1
G247	G278	1
G247	G563	1
G247	G328	1
G247	G409	1
G247	G490	1
G247	G844	1
G247	G382	1
G247	G383	1
G247	G612	1
G247	G776	1
G247	G12	1
G247	G864	1
G247	G661	1
G247	G614	1
G247	G400	1
G247	G452	1
G247	G594	1
G247	G203	1
G247	G305	1
G247	G768	1
G247	G333	1
G247	G577	1
G247	G654	1
G247	G668	1
G247	G161	1
G247	G739	1
G247	G313	1
G247	G217	1
G247	G850	1
G247	G380	1
G247	G52	1
G247	G809	1
G247	G123	1
G247	G625	1
G247	G94	1
G247	G62	1
G247	G788	1
G247	G474	1
G247	G694	1
G247	G404	1
G247	G197	1
G247	G165	1
G247	G2	1
G247	G783	1
G247	G546	1
G247	G489	1
G247	G128	1
G247	G360	1
G247	G15	1
G247	G127	1
G247	G686	1
G247	G152	1
G247	G483	1
G247	G723	1
G247	G518	1
G247	G585	1
G247	G827	1
G247	G480	1
G247	G112	1
G247	G882	1
G247	G39	1
G247	G172	1
G247	G742	1
G247	G294	1
G247	G849	1
G247	G461	1
G247	G390	1
G247	G708	1
G247	G63	1
G247	G198	1
G247	G457	1
G247	G664	1
G247	G892	1
G247	G770	1
G247	G225	1
G247	G177	1
G247	G21	1
G247	G846	1
G247	G78	1
G247	G682	1
G247	G731	1
G247	G455	1
G247	G824	1
G247	G187	1
G247	G315	1
G247	G43	1
G247	G730	1
G247	G49	1
G247	G513	1
G247	G550	1
G247	G274	1
G247	G630	1
G247	G242	1
G247	G133	1
G247	G243	1
G247	G812	1
G247	G716	1
G247	G697	1
G247	G774	1
G247	G871	1
G247	G155	1
G247	G834	1
G247	G26	1
G247	G322	1
G247	G171	1
G247	G867	1
G247	G282	1
G247	G885	1
G247	G633	1
G247	G751	1
G247	G667	1
G247	G300	1
G247	G267	1
G259	G147	1
G259	G229	1
G259	G378	1
G259	G618	1
G259	G407	1
G259	G840	1
G259	G503	1
G259	G526	1
G259	G24	1
G271	G724	1
G271	G660	1
G271	G378	1
G271	G318	1
G271	G403	1
G271	G147	1
G271	G13	1
G271	G395	1
G271	G618	1
G271	G21	1
G271	G840	1
G271	G789	1
G271	G831	1
G271	G229	1
G271	G409	1
G271	G611	1
G271	G24	1
G271	G461	1
G271	G503	1
G271	G16	1
G271	G258	1
G271	G127	1
G271	G407	1
G271	G342	1
G271	G544	1
G271	G92	1
G271	G120	1
G271	G215	1
G271	G282	1
G271	G82	1
G271	G820	1
G271	G726	1
G271	G207	1
G271	G64	1
G271	G749	1
G271	G221	1
G271	G665	1
G271	G526	1
G271	G719	1
G271	G393	1
G271	G88	1
G271	G316	1
G271	G672	1
G271	G12	1
G271	G759	1
G271	G771	1
G271	G199	1
G271	G844	1
G271	G96	1
G271	G240	1
G271	G620	1
G271	G78	1
G271	G841	1
G271	G661	1
G271	G392	1
G271	G125	1
G271	G579	1
G271	G904	1
G271	G418	1
G271	G883	1
G271	G426	1
G271	G7	1
G271	G854	1
G271	G486	1
G271	G739	1
G271	G741	1
G115	G904	1
G115	G407	1
G115	G544	1
G115	G443	1
G115	G618	1
G115	G620	1
G115	G660	1
G115	G298	1
G115	G66	1
G115	G772	1
G115	G409	1
G115	G59	1
G115	G64	1
G115	G229	1
G115	G200	1
G115	G127	1
G115	G461	1
G115	G622	1
G115	G126	1
G115	G840	1
G115	G400	1
G115	G731	1
G115	G92	1
G115	G648	1
G115	G82	1
G115	G46	1
G115	G540	1
G115	G665	1
G115	G684	1
G115	G745	1
G115	G207	1
G115	G694	1
G115	G337	1
G115	G901	1
G115	G170	1
G115	G280	1
G115	G869	1
G115	G760	1
G115	G78	1
G115	G654	1
G115	G672	1
G115	G669	1
G115	G866	1
G115	G63	1
G115	G113	1
G229	G620	1
G229	G443	1
G229	G409	1
G229	G643	1
G229	G904	1
G229	G622	1
G229	G407	1
G229	G544	1
G229	G618	1
G229	G207	1
G229	G461	1
G229	G684	1
G229	G400	1
G229	G731	1
G229	G665	1
G229	G200	1
G229	G247	1
G229	G654	1
G229	G280	1
G229	G170	1
G229	G78	1
G229	G772	1
G80	G289	1
G80	G772	1
G80	G500	1
G80	G120	1
G74	G276	1
G74	G258	1
G74	G93	1
G74	G263	1
G74	G657	1
G74	G129	1
G74	G255	1
G74	G387	1
G74	G38	1
G74	G643	1
G74	G797	1
G74	G293	1
G74	G407	1
G74	G413	1
G74	G273	1
G74	G11	1
G74	G555	1
G74	G749	1
G74	G670	1
G74	G389	1
G74	G227	1
G74	G59	1
G74	G178	1
G74	G479	1
G74	G809	1
G74	G119	1
G74	G313	1
G74	G402	1
G74	G495	1
G74	G876	1
G74	G443	1
G74	G695	1
G74	G470	1
G74	G907	1
G74	G262	1
G74	G23	1
G74	G546	1
G74	G717	1
G74	G374	1
G74	G210	1
G74	G441	1
G74	G752	1
G74	G12	1
G74	G464	1
G74	G110	1
G74	G420	1
G74	G848	1
G74	G272	1
G74	G517	1
G74	G705	1
G74	G544	1
G74	G585	1
G74	G214	1
G74	G477	1
G74	G146	1
G74	G482	1
G74	G859	1
G74	G588	1
G74	G88	1
G74	G183	1
G74	G54	1
G74	G260	1
G74	G761	1
G74	G251	1
G74	G871	1
G74	G42	1
G74	G692	1
G74	G164	1
G74	G476	1
G74	G156	1
G74	G518	1
G74	G524	1
G74	G664	1
G74	G163	1
G74	G840	1
G74	G882	1
G74	G165	1
G74	G806	1
G74	G79	1
G74	G40	1
G74	G177	1
G74	G295	1
G74	G114	1
G74	G320	1
G74	G100	1
G74	G344	1
G74	G324	1
G74	G291	1
G74	G677	1
G74	G224	1
G74	G875	1
G74	G865	1
G74	G639	1
G74	G193	1
G74	G650	1
G74	G222	1
G74	G707	1
G74	G659	1
G74	G98	1
G74	G66	1
G74	G445	1
G74	G298	1
G74	G503	1
G74	G730	1
G74	G301	1
G74	G158	1
G74	G25	1
G74	G731	1
G74	G243	1
G74	G33	1
G74	G713	1
G74	G152	1
G74	G94	1
G74	G41	1
G74	G203	1
G74	G825	1
G74	G82	1
G74	G96	1
G74	G767	1
G74	G318	1
G74	G714	1
G74	G525	1
G74	G732	1
G74	G614	1
G74	G383	1
G74	G89	1
G74	G271	1
G74	G161	1
G74	G48	1
G74	G540	1
G74	G131	1
G74	G376	1
G74	G771	1
G74	G340	1
G74	G338	1
G74	G683	1
G74	G613	1
G74	G226	1
G74	G708	1
G74	G141	1
G74	G49	1
G74	G349	1
G74	G16	1
G74	G634	1
G74	G384	1
G74	G691	1
G74	G412	1
G74	G869	1
G74	G237	1
G74	G841	1
G74	G160	1
G74	G220	1
G74	G292	1
G74	G179	1
G74	G623	1
G74	G860	1
G74	G781	1
G74	G104	1
G74	G582	1
G74	G782	1
G74	G206	1
G74	G256	1
G74	G68	1
G74	G673	1
G74	G34	1
G74	G145	1
G74	G609	1
G74	G332	1
G74	G319	1
G74	G897	1
G74	G658	1
G74	G398	1
G74	G410	1
G74	G563	1
G74	G221	1
G74	G818	1
G74	G576	1
G74	G73	1
G74	G64	1
G74	G832	1
G74	G405	1
G74	G648	1
G74	G245	1
G74	G380	1
G74	G512	1
G74	G615	1
G74	G197	1
G74	G645	1
G74	G287	1
G74	G766	1
G74	G123	1
G74	G697	1
G74	G155	1
G74	G820	1
G74	G244	1
G74	G855	1
G74	G306	1
G74	G348	1
G74	G884	1
G74	G857	1
G74	G199	1
G74	G309	1
G74	G549	1
G74	G419	1
G74	G400	1
G74	G593	1
G74	G763	1
G74	G827	1
G74	G474	1
G74	G250	1
G74	G638	1
G74	G294	1
G74	G328	1
G74	G678	1
G74	G223	1
G74	G559	1
G74	G399	1
G74	G78	1
G74	G735	1
G74	G71	1
G74	G738	1
G74	G268	1
G74	G283	1
G74	G15	1
G74	G56	1
G74	G637	1
G74	G18	1
G74	G798	1
G74	G252	1
G74	G357	1
G74	G823	1
G74	G75	1
G74	G837	1
G74	G8	1
G74	G50	1
G74	G20	1
G74	G690	1
G74	G234	1
G74	G92	1
G74	G779	1
G74	G247	1
G74	G535	1
G74	G906	1
G74	G668	1
G74	G702	1
G74	G784	1
G74	G196	1
G74	G426	1
G74	G296	1
G74	G365	1
G74	G91	1
G74	G99	1
G74	G510	1
G74	G133	1
G74	G157	1
G74	G139	1
G74	G72	1
G74	G240	1
G74	G568	1
G74	G208	1
G74	G232	1
G74	G127	1
G74	G685	1
G74	G574	1
G74	G725	1
G74	G458	1
G74	G317	1
G74	G450	1
G74	G666	1
G74	G70	1
G74	G737	1
G74	G29	1
G74	G909	1
G74	G150	1
G74	G453	1
G74	G7	1
G74	G864	1
G74	G434	1
G74	G539	1
G74	G334	1
G74	G67	1
G74	G360	1
G74	G253	1
G74	G887	1
G74	G31	1
G74	G101	1
G74	G355	1
G74	G233	1
G74	G473	1
G74	G351	1
G74	G83	1
G74	G323	1
G74	G325	1
G74	G768	1
G74	G128	1
G74	G883	1
G74	G654	1
G74	G642	1
G74	G36	1
G74	G172	1
G74	G834	1
G74	G632	1
G74	G391	1
G74	G52	1
G74	G747	1
G74	G901	1
G74	G572	1
G74	G122	1
G74	G874	1
G74	G336	1
G74	G170	1
G74	G720	1
G74	G612	1
G74	G577	1
G74	G202	1
G74	G716	1
G74	G460	1
G74	G39	1
G74	G788	1
G74	G538	1
G74	G105	1
G74	G439	1
G74	G278	1
G74	G169	1
G74	G741	1
G74	G490	1
G74	G723	1
G74	G649	1
G74	G447	1
G74	G684	1
G74	G652	1
G74	G455	1
G74	G500	1
G74	G541	1
G74	G62	1
G74	G77	1
G74	G878	1
G74	G783	1
G74	G171	1
G74	G892	1
G74	G824	1
G74	G570	1
G74	G459	1
G74	G579	1
G74	G635	1
G74	G76	1
G74	G591	1
G74	G385	1
G74	G248	1
G74	G620	1
G74	G796	1
G74	G899	1
G74	G331	1
G74	G667	1
G74	G30	1
G74	G299	1
G74	G596	1
G74	G653	1
G230	G461	1
G230	G257	1
G230	G141	1
G230	G885	1
G230	G837	1
G230	G425	1
G230	G592	1
G230	G594	1
G230	G56	1
G230	G634	1
G230	G907	1
G230	G735	1
G230	G173	1
G230	G697	1
G230	G155	1
G230	G349	1
G230	G615	1
G230	G746	1
G230	G112	1
G230	G41	1
G230	G858	1
G230	G254	1
G230	G239	1
G230	G291	1
G230	G906	1
G230	G375	1
G230	G313	1
G230	G389	1
G230	G181	1
G230	G235	1
G230	G168	1
G230	G283	1
G230	G129	1
G230	G561	1
G230	G662	1
G230	G730	1
G230	G11	1
G230	G131	1
G230	G781	1
G230	G585	1
G230	G869	1
G230	G539	1
G230	G804	1
G394	G256	1
G394	G147	1
G394	G450	1
G394	G498	1
G394	G623	1
G394	G227	1
G394	G649	1
G394	G734	1
G394	G731	1
G394	G742	1
G394	G251	1
G394	G9	1
G394	G724	1
G394	G68	1
G394	G107	1
G394	G163	1
G394	G850	1
G394	G790	1
G394	G44	1
G394	G224	1
G394	G826	1
G394	G783	1
G394	G838	1
G394	G183	1
G394	G676	1
G394	G245	1
G394	G53	1
G394	G670	1
G394	G538	1
G394	G426	1
G394	G735	1
G396	G643	1
G197	G480	1
G197	G847	1
G197	G613	1
G197	G411	1
G197	G445	1
G197	G425	1
G197	G476	1
G197	G827	1
G197	G367	1
G197	G609	1
G197	G283	1
G197	G375	1
G197	G149	1
G197	G869	1
G197	G884	1
G197	G251	1
G197	G106	1
G197	G495	1
G197	G40	1
G197	G782	1
G197	G432	1
G197	G786	1
G197	G848	1
G197	G481	1
G197	G885	1
G197	G204	1
G197	G746	1
G197	G152	1
G197	G704	1
G197	G876	1
G197	G100	1
G197	G276	1
G197	G274	1
G197	G619	1
G197	G398	1
G197	G78	1
G197	G146	1
G197	G643	1
G197	G441	1
G197	G199	1
G197	G864	1
G197	G400	1
G197	G831	1
G197	G160	1
G197	G391	1
G197	G594	1
G197	G857	1
G197	G384	1
G197	G205	1
G197	G136	1
G197	G645	1
G197	G907	1
G197	G355	1
G197	G825	1
G197	G196	1
G197	G363	1
G197	G798	1
G197	G659	1
G197	G712	1
G197	G324	1
G197	G683	1
G197	G25	1
G197	G74	1
G197	G461	1
G197	G223	1
G197	G737	1
G197	G614	1
G197	G84	1
G197	G684	1
G197	G22	1
G197	G23	1
G197	G837	1
G197	G94	1
G197	G785	1
G197	G33	1
G197	G38	1
G197	G841	1
G197	G860	1
G197	G844	1
G197	G735	1
G197	G846	1
G197	G873	1
G197	G89	1
G197	G563	1
G197	G292	1
G197	G518	1
G197	G555	1
G197	G517	1
G197	G508	1
G197	G512	1
G197	G580	1
G197	G235	1
G197	G874	1
G197	G66	1
G197	G670	1
G197	G576	1
G197	G141	1
G197	G8	1
G197	G67	1
G197	G767	1
G197	G258	1
G197	G817	1
G197	G72	1
G197	G420	1
G197	G713	1
G197	G173	1
G197	G291	1
G197	G366	1
G197	G724	1
G197	G615	1
G197	G34	1
G197	G5	1
G197	G443	1
G197	G453	1
G197	G527	1
G197	G69	1
G197	G110	1
G197	G112	1
G197	G164	1
G197	G156	1
G197	G41	1
G197	G151	1
G197	G21	1
G197	G546	1
G197	G88	1
G197	G402	1
G197	G500	1
G197	G897	1
G197	G438	1
G197	G853	1
G197	G561	1
G197	G7	1
G197	G368	1
G197	G131	1
G197	G278	1
G197	G389	1
G197	G349	1
G197	G181	1
G197	G408	1
G197	G163	1
G197	G313	1
G197	G729	1
G197	G157	1
G197	G179	1
G197	G654	1
G197	G383	1
G197	G26	1
G197	G697	1
G197	G155	1
G197	G378	1
G197	G217	1
G197	G227	1
G197	G768	1
G197	G730	1
G197	G783	1
G197	G663	1
G197	G715	1
G197	G62	1
G197	G82	1
G197	G906	1
G197	G784	1
G197	G878	1
G197	G11	1
G197	G27	1
G197	G766	1
G197	G226	1
G197	G855	1
G197	G304	1
G197	G723	1
G197	G44	1
G197	G424	1
G197	G63	1
G197	G191	1
G197	G553	1
G197	G501	1
G197	G586	1
G30	G53	1
G30	G63	1
G30	G450	1
G30	G649	1
G30	G676	1
G30	G171	1
G30	G78	1
G30	G623	1
G30	G333	1
G30	G731	1
G30	G504	1
G30	G143	1
G30	G228	1
G30	G620	1
G30	G614	1
G30	G810	1
G30	G643	1
G30	G256	1
G30	G426	1
G30	G207	1
G30	G226	1
G30	G815	1
G30	G388	1
G30	G829	1
G30	G57	1
G30	G502	1
G30	G542	1
G30	G19	1
G30	G635	1
G30	G316	1
G30	G540	1
G30	G126	1
G30	G147	1
G30	G412	1
G30	G245	1
G30	G18	1
G30	G784	1
G30	G247	1
G30	G92	1
G30	G128	1
G30	G141	1
G30	G244	1
G30	G243	1
G30	G874	1
G30	G889	1
G30	G742	1
G30	G722	1
G30	G402	1
G30	G840	1
G30	G771	1
G30	G393	1
G30	G657	1
G30	G381	1
G30	G230	1
G30	G661	1
G30	G636	1
G30	G351	1
G30	G252	1
G30	G72	1
G30	G298	1
G30	G561	1
G30	G443	1
G30	G257	1
G30	G82	1
G30	G266	1
G30	G364	1
G30	G224	1
G30	G336	1
G30	G495	1
G30	G251	1
G30	G866	1
G30	G221	1
G30	G476	1
G30	G40	1
G30	G110	1
G30	G33	1
G30	G668	1
G30	G324	1
G30	G790	1
G30	G467	1
G30	G334	1
G30	G408	1
G30	G549	1
G30	G227	1
G30	G150	1
G30	G619	1
G30	G479	1
G30	G832	1
G30	G208	1
G30	G768	1
G30	G460	1
G30	G782	1
G30	G743	1
G30	G50	1
G30	G12	1
G30	G292	1
G30	G689	1
G30	G683	1
G30	G302	1
G30	G327	1
G30	G363	1
G30	G528	1
G30	G541	1
G30	G855	1
G30	G69	1
G30	G697	1
G30	G155	1
G30	G555	1
G30	G149	1
G30	G186	1
G30	G853	1
G30	G580	1
G30	G438	1
G30	G13	1
G30	G34	1
G30	G577	1
G30	G645	1
G30	G66	1
G30	G318	1
G30	G56	1
G30	G761	1
G30	G362	1
G30	G151	1
G30	G746	1
G30	G281	1
G30	G499	1
G30	G848	1
G30	G260	1
G30	G241	1
G30	G670	1
G30	G835	1
G30	G313	1
G30	G359	1
G30	G413	1
G30	G179	1
G30	G161	1
G30	G287	1
G30	G559	1
G30	G594	1
G30	G152	1
G30	G513	1
G30	G896	1
G30	G518	1
G30	G37	1
G30	G84	1
G30	G45	1
G30	G470	1
G30	G222	1
G30	G817	1
G30	G447	1
G30	G737	1
G30	G276	1
G30	G747	1
G30	G283	1
G30	G311	1
G30	G656	1
G30	G100	1
G30	G274	1
G30	G687	1
G30	G196	1
G30	G54	1
G30	G98	1
G30	G383	1
G30	G901	1
G30	G783	1
G30	G406	1
G30	G317	1
G30	G713	1
G30	G219	1
G30	G441	1
G30	G831	1
G30	G516	1
G30	G197	1
G30	G543	1
G30	G42	1
G30	G384	1
G30	G738	1
G30	G705	1
G30	G759	1
G30	G702	1
G30	G31	1
G30	G38	1
G30	G707	1
G30	G332	1
G30	G465	1
G30	G319	1
G30	G17	1
G30	G114	1
G30	G88	1
G30	G613	1
G30	G692	1
G30	G847	1
G30	G105	1
G30	G563	1
G30	G752	1
G30	G658	1
G30	G631	1
G30	G214	1
G30	G434	1
G30	G417	1
G30	G25	1
G30	G785	1
G30	G23	1
G30	G622	1
G30	G863	1
G30	G859	1
G30	G535	1
G30	G8	1
G30	G482	1
G30	G798	1
G30	G365	1
G30	G331	1
G30	G593	1
G30	G380	1
G30	G201	1
G30	G638	1
G30	G262	1
G30	G776	1
G30	G73	1
G30	G809	1
G30	G907	1
G30	G107	1
G30	G766	1
G30	G178	1
G30	G291	1
G30	G474	1
G30	G712	1
G30	G691	1
G30	G119	1
G30	G315	1
G30	G254	1
G30	G609	1
G30	G410	1
G30	G39	1
G30	G642	1
G30	G456	1
G30	G615	1
G30	G885	1
G30	G725	1
G30	G625	1
G30	G199	1
G30	G68	1
G30	G93	1
G30	G652	1
G30	G581	1
G30	G789	1
G30	G749	1
G30	G99	1
G30	G567	1
G30	G263	1
G30	G133	1
G30	G886	1
G30	G591	1
G30	G876	1
G30	G678	1
G30	G850	1
G30	G754	1
G30	G286	1
G30	G337	1
G30	G544	1
G30	G189	1
G30	G21	1
G30	G755	1
G30	G239	1
G30	G407	1
G30	G103	1
G30	G194	1
G30	G293	1
G30	G442	1
G30	G101	1
G30	G301	1
G30	G160	1
G30	G46	1
G30	G348	1
G30	G483	1
G30	G131	1
G30	G735	1
G30	G677	1
G30	G71	1
G30	G539	1
G30	G344	1
G30	G686	1
G30	G375	1
G30	G556	1
G30	G445	1
G30	G905	1
G30	G146	1
G30	G884	1
G30	G158	1
G30	G320	1
G30	G823	1
G30	G423	1
G30	G701	1
G30	G869	1
G30	G424	1
G30	G210	1
G30	G500	1
G30	G177	1
G30	G234	1
G30	G255	1
G30	G639	1
G30	G630	1
G30	G739	1
G30	G390	1
G30	G22	1
G30	G818	1
G30	G111	1
G30	G323	1
G30	G741	1
G30	G732	1
G30	G250	1
G30	G585	1
G30	G411	1
G30	G273	1
G30	G182	1
G30	G572	1
G30	G419	1
G30	G289	1
G30	G704	1
G30	G328	1
G30	G2	1
G30	G43	1
G30	G887	1
G30	G571	1
G30	G306	1
G30	G844	1
G30	G340	1
G30	G695	1
G30	G837	1
G30	G74	1
G30	G294	1
G30	G9	1
G30	G164	1
G30	G812	1
G30	G564	1
G30	G786	1
G30	G852	1
G30	G666	1
G30	G20	1
G30	G349	1
G30	G368	1
G30	G461	1
G53	G266	1
G53	G33	1
G53	G396	1
G53	G207	1
G53	G189	1
G53	G782	1
G53	G126	1
G53	G771	1
G53	G214	1
G53	G576	1
G53	G400	1
G53	G395	1
G53	G78	1
G53	G443	1
G53	G12	1
G53	G638	1
G53	G133	1
G53	G515	1
G53	G670	1
G53	G652	1
G53	G302	1
G53	G152	1
G53	G13	1
G53	G260	1
G53	G25	1
G53	G63	1
G53	G252	1
G53	G291	1
G53	G824	1
G53	G40	1
G53	G221	1
G53	G289	1
G53	G96	1
G53	G163	1
G53	G731	1
G53	G783	1
G53	G355	1
G53	G69	1
G53	G23	1
G53	G487	1
G53	G518	1
G53	G873	1
G53	G491	1
G53	G789	1
G53	G513	1
G53	G425	1
G53	G164	1
G53	G419	1
G53	G31	1
G53	G144	1
G53	G481	1
G53	G643	1
G53	G664	1
G53	G668	1
G53	G441	1
G53	G196	1
G53	G495	1
G53	G110	1
G53	G849	1
G53	G276	1
G53	G298	1
G53	G227	1
G53	G46	1
G53	G531	1
G53	G313	1
G53	G56	1
G53	G561	1
G53	G496	1
G53	G453	1
G53	G374	1
G53	G398	1
G53	G438	1
G53	G837	1
G53	G714	1
G53	G895	1
G53	G306	1
G53	G111	1
G53	G158	1
G53	G7	1
G53	G319	1
G53	G311	1
G53	G884	1
G53	G82	1
G53	G476	1
G53	G183	1
G53	G649	1
G53	G766	1
G53	G149	1
G53	G827	1
G53	G206	1
G53	G243	1
G53	G173	1
G53	G876	1
G53	G594	1
G53	G279	1
G53	G470	1
G53	G508	1
G53	G746	1
G53	G37	1
G53	G575	1
G53	G288	1
G53	G440	1
G53	G781	1
G53	G42	1
G53	G516	1
G53	G349	1
G53	G555	1
G53	G907	1
G53	G853	1
G53	G347	1
G53	G41	1
G53	G258	1
G53	G580	1
G53	G426	1
G53	G72	1
G53	G88	1
G53	G131	1
G53	G497	1
G53	G222	1
G53	G316	1
G53	G615	1
G53	G30	1
G53	G510	1
G53	G848	1
G53	G257	1
G53	G281	1
G53	G568	1
G53	G556	1
G53	G860	1
G53	G691	1
G53	G364	1
G53	G55	1
G53	G886	1
G53	G654	1
G53	G841	1
G53	G645	1
G53	G405	1
G53	G354	1
G53	G829	1
G53	G613	1
G53	G690	1
G53	G219	1
G53	G301	1
G53	G205	1
G53	G540	1
G53	G526	1
G53	G114	1
G53	G785	1
G53	G891	1
G53	G239	1
G53	G230	1
G53	G368	1
G53	G636	1
G53	G735	1
G53	G336	1
G53	G614	1
G53	G338	1
G53	G402	1
G53	G857	1
G53	G34	1
G53	G751	1
G53	G71	1
G53	G337	1
G53	G256	1
G53	G684	1
G53	G413	1
G53	G197	1
G53	G765	1
G53	G151	1
G53	G835	1
G53	G203	1
G53	G719	1
G53	G294	1
G53	G673	1
G53	G408	1
G53	G54	1
G53	G863	1
G53	G721	1
G53	G659	1
G53	G544	1
G53	G725	1
G53	G223	1
G53	G105	1
G53	G124	1
G53	G541	1
G53	G509	1
G53	G761	1
G53	G621	1
G53	G858	1
G53	G67	1
G53	G328	1
G53	G885	1
G53	G297	1
G53	G199	1
G53	G43	1
G53	G137	1
G53	G818	1
G53	G622	1
G53	G423	1
G53	G442	1
G53	G100	1
G53	G742	1
G53	G141	1
G53	G869	1
G53	G4	1
G53	G57	1
G53	G889	1
G53	G784	1
G53	G683	1
G53	G181	1
G53	G748	1
G53	G274	1
G53	G194	1
G53	G147	1
G53	G897	1
G53	G875	1
G53	G734	1
G53	G283	1
G53	G89	1
G53	G707	1
G53	G178	1
G53	G656	1
G53	G586	1
G53	G859	1
G53	G505	1
G53	G772	1
G53	G908	1
G53	G241	1
G53	G287	1
G53	G29	1
G53	G702	1
G53	G688	1
G53	G17	1
G53	G247	1
G53	G565	1
G53	G905	1
G53	G642	1
G53	G687	1
G53	G380	1
G53	G450	1
G53	G179	1
G53	G847	1
G53	G376	1
G53	G128	1
G53	G855	1
G53	G125	1
G53	G61	1
G53	G22	1
G53	G716	1
G53	G472	1
G53	G52	1
G53	G665	1
G53	G120	1
G53	G384	1
G53	G524	1
G53	G635	1
G53	G623	1
G53	G874	1
G53	G828	1
G53	G543	1
G53	G98	1
G53	G104	1
G53	G434	1
G53	G701	1
G53	G64	1
G53	G583	1
G53	G776	1
G53	G620	1
G53	G686	1
G53	G498	1
G53	G150	1
G53	G528	1
G53	G901	1
G53	G767	1
G53	G285	1
G53	G226	1
G53	G662	1
G53	G231	1
G53	G527	1
G53	G619	1
G53	G727	1
G53	G692	1
G53	G381	1
G53	G797	1
G53	G564	1
G53	G887	1
G53	G500	1
G53	G805	1
G53	G648	1
G53	G357	1
G53	G736	1
G53	G606	1
G53	G353	1
G53	G867	1
G53	G24	1
G53	G439	1
G53	G388	1
G53	G539	1
G53	G329	1
G53	G680	1
G53	G39	1
G53	G676	1
G53	G499	1
G53	G248	1
G53	G86	1
G53	G295	1
G53	G542	1
G53	G591	1
G53	G242	1
G53	G629	1
G53	G810	1
G53	G661	1
G53	G460	1
G53	G19	1
G53	G667	1
G53	G160	1
G53	G626	1
G53	G754	1
G53	G704	1
G53	G409	1
G53	G447	1
G53	G898	1
G53	G171	1
G53	G92	1
G53	G503	1
G53	G428	1
G53	G757	1
G53	G552	1
G53	G168	1
G53	G424	1
G53	G387	1
G53	G76	1
G53	G906	1
G53	G799	1
G53	G743	1
G53	G412	1
G53	G418	1
G53	G333	1
G53	G657	1
G403	G276	1
G403	G450	1
G403	G30	1
G403	G57	1
G403	G42	1
G403	G542	1
G403	G643	1
G403	G635	1
G403	G278	1
G403	G53	1
G403	G247	1
G403	G207	1
G403	G63	1
G403	G260	1
G403	G333	1
G403	G412	1
G403	G528	1
G403	G38	1
G403	G676	1
G403	G623	1
G403	G266	1
G403	G230	1
G403	G255	1
G403	G393	1
G403	G243	1
G403	G826	1
G403	G649	1
G403	G78	1
G403	G334	1
G403	G72	1
G403	G256	1
G403	G541	1
G403	G593	1
G403	G227	1
G403	G815	1
G403	G381	1
G403	G504	1
G403	G324	1
G403	G460	1
G403	G141	1
G403	G768	1
G403	G438	1
G403	G408	1
G403	G447	1
G403	G731	1
G403	G441	1
G403	G33	1
G403	G803	1
G403	G829	1
G403	G82	1
G403	G446	1
G403	G294	1
G403	G722	1
G403	G701	1
G403	G152	1
G403	G713	1
G403	G182	1
G403	G855	1
G403	G552	1
G403	G440	1
G403	G790	1
G403	G40	1
G403	G355	1
G403	G540	1
G403	G163	1
G403	G258	1
G403	G783	1
G403	G273	1
G403	G419	1
G403	G167	1
G403	G567	1
G403	G677	1
G403	G827	1
G403	G9	1
G403	G128	1
G403	G477	1
G403	G670	1
G403	G906	1
G403	G96	1
G403	G147	1
G403	G297	1
G403	G495	1
G403	G257	1
G403	G849	1
G403	G210	1
G403	G594	1
G403	G869	1
G359	G65	1
G359	G670	1
G359	G161	1
G359	G247	1
G359	G1	1
G359	G643	1
G359	G368	1
G359	G92	1
G359	G849	1
G359	G491	1
G359	G683	1
G359	G649	1
G359	G625	1
G359	G759	1
G359	G745	1
G201	G649	1
G201	G222	1
G201	G643	1
G201	G638	1
G201	G228	1
G201	G402	1
G201	G260	1
G201	G30	1
G201	G901	1
G201	G306	1
G201	G517	1
G201	G200	1
G201	G661	1
G201	G541	1
G201	G12	1
G201	G828	1
G201	G448	1
G201	G89	1
G201	G577	1
G201	G38	1
G201	G515	1
G201	G889	1
G201	G759	1
G201	G112	1
G201	G783	1
G201	G673	1
G201	G328	1
G201	G78	1
G201	G456	1
G201	G163	1
G201	G206	1
G201	G193	1
G201	G607	1
G201	G576	1
G201	G33	1
G201	G757	1
G201	G623	1
G201	G355	1
G201	G713	1
G201	G359	1
G201	G71	1
G201	G474	1
G201	G268	1
G201	G412	1
G201	G198	1
G201	G92	1
G201	G210	1
G201	G559	1
G201	G450	1
G201	G72	1
G201	G725	1
G201	G645	1
G201	G324	1
G201	G490	1
G201	G658	1
G201	G434	1
G201	G784	1
G201	G129	1
G201	G252	1
G201	G885	1
G201	G218	1
G201	G197	1
G201	G824	1
G201	G287	1
G201	G392	1
G201	G655	1
G201	G255	1
G201	G7	1
G201	G874	1
G201	G234	1
G201	G766	1
G201	G707	1
G201	G859	1
G201	G871	1
G201	G405	1
G201	G273	1
G201	G53	1
G201	G855	1
G201	G333	1
G201	G539	1
G201	G663	1
G201	G362	1
G201	G745	1
G201	G676	1
G201	G313	1
G201	G288	1
G201	G173	1
G201	G896	1
G201	G444	1
G201	G426	1
G201	G408	1
G201	G899	1
G201	G813	1
G201	G476	1
G201	G612	1
G201	G464	1
G201	G104	1
G201	G737	1
G201	G282	1
G201	G790	1
G201	G329	1
G201	G147	1
G201	G798	1
G201	G477	1
G201	G316	1
G201	G76	1
G201	G48	1
G201	G487	1
G201	G803	1
G201	G302	1
G201	G906	1
G201	G133	1
G201	G654	1
G201	G145	1
G201	G683	1
G201	G547	1
G201	G258	1
G201	G169	1
G201	G763	1
G201	G357	1
G201	G400	1
G201	G409	1
G201	G157	1
G201	G528	1
G201	G748	1
G201	G679	1
G201	G296	1
G201	G332	1
G201	G566	1
G201	G376	1
G201	G105	1
G201	G909	1
G201	G212	1
G201	G70	1
G201	G447	1
G201	G479	1
G201	G771	1
G201	G250	1
G201	G555	1
G201	G796	1
G201	G549	1
G201	G527	1
G201	G267	1
G201	G410	1
G201	G571	1
G201	G731	1
G201	G91	1
G201	G662	1
G201	G249	1
G201	G455	1
G201	G115	1
G201	G881	1
G201	G724	1
G201	G365	1
G201	G223	1
G201	G820	1
G406	G876	1
G406	G586	1
G406	G313	1
G406	G645	1
G406	G704	1
G406	G906	1
G406	G878	1
G406	G177	1
G406	G678	1
G406	G446	1
G406	G359	1
G406	G192	1
G406	G760	1
G406	G496	1
G406	G70	1
G406	G630	1
G406	G735	1
G406	G285	1
G406	G266	1
G406	G604	1
G406	G625	1
G406	G222	1
G406	G671	1
G406	G820	1
G406	G240	1
G406	G473	1
G406	G479	1
G406	G852	1
G406	G340	1
G406	G734	1
G406	G901	1
G406	G157	1
G406	G571	1
G406	G371	1
G406	G128	1
G406	G276	1
G406	G712	1
G406	G526	1
G406	G210	1
G406	G607	1
G406	G701	1
G406	G259	1
G406	G105	1
G406	G894	1
G406	G549	1
G406	G766	1
G406	G765	1
G406	G881	1
G406	G640	1
G138	G34	1
G138	G683	1
G138	G22	1
G138	G383	1
G138	G120	1
G138	G613	1
G138	G257	1
G138	G848	1
G138	G458	1
G138	G772	1
G138	G889	1
G138	G443	1
G138	G512	1
G138	G336	1
G138	G53	1
G138	G327	1
G138	G467	1
G138	G684	1
G138	G110	1
G138	G40	1
G138	G875	1
G138	G349	1
G138	G337	1
G27	G57	1
G27	G53	1
G27	G731	1
G27	G171	1
G27	G336	1
G27	G450	1
G27	G63	1
G27	G635	1
G27	G30	1
G27	G256	1
G27	G715	1
G27	G643	1
G27	G815	1
G27	G742	1
G27	G504	1
G27	G410	1
G27	G649	1
G27	G257	1
G27	G667	1
G27	G247	1
G27	G333	1
G27	G443	1
G27	G388	1
G27	G542	1
G27	G631	1
G27	G226	1
G27	G841	1
G27	G829	1
G27	G221	1
G27	G76	1
G27	G512	1
G27	G260	1
G27	G528	1
G27	G838	1
G27	G375	1
G27	G460	1
G27	G341	1
G27	G244	1
G27	G128	1
G27	G110	1
G27	G500	1
G27	G207	1
G27	G378	1
G27	G161	1
G27	G393	1
G27	G752	1
G27	G55	1
G27	G692	1
G27	G228	1
G27	G340	1
G27	G78	1
G27	G147	1
G27	G771	1
G27	G517	1
G27	G398	1
G27	G13	1
G27	G59	1
G27	G82	1
G27	G280	1
G27	G766	1
G27	G624	1
G27	G313	1
G27	G23	1
G27	G126	1
G27	G347	1
G27	G208	1
G27	G150	1
G27	G294	1
G27	G365	1
G27	G243	1
G27	G4	1
G27	G43	1
G27	G72	1
G27	G408	1
G27	G776	1
G27	G426	1
G27	G898	1
G27	G402	1
G27	G230	1
G27	G266	1
G27	G383	1
G27	G133	1
G27	G94	1
G27	G876	1
G27	G751	1
G27	G768	1
G27	G111	1
G27	G89	1
G27	G620	1
G27	G725	1
G27	G190	1
G27	G319	1
G27	G535	1
G27	G66	1
G27	G889	1
G27	G278	1
G27	G237	1
G27	G168	1
G27	G661	1
G27	G173	1
G27	G40	1
G27	G438	1
G27	G69	1
G27	G541	1
G27	G10	1
G27	G287	1
G27	G628	1
G27	G665	1
G27	G568	1
G27	G179	1
G27	G636	1
G27	G623	1
G27	G276	1
G27	G593	1
G27	G54	1
G27	G355	1
G27	G252	1
G27	G197	1
G27	G797	1
G27	G33	1
G27	G849	1
G27	G719	1
G27	G412	1
G27	G206	1
G27	G274	1
G27	G820	1
G27	G567	1
G27	G405	1
G27	G19	1
G27	G559	1
G27	G855	1
G27	G288	1
G27	G749	1
G27	G404	1
G27	G301	1
G27	G376	1
G27	G210	1
G27	G540	1
G27	G670	1
G27	G223	1
G27	G349	1
G27	G676	1
G27	G852	1
G27	G423	1
G27	G825	1
G27	G860	1
G27	G847	1
G27	G806	1
G27	G200	1
G27	G434	1
G27	G291	1
G27	G518	1
G27	G31	1
G27	G231	1
G27	G127	1
G27	G897	1
G27	G796	1
G27	G659	1
G27	G118	1
G27	G461	1
G27	G881	1
G27	G38	1
G27	G293	1
G27	G650	1
G27	G850	1
G27	G160	1
G27	G332	1
G27	G125	1
G27	G716	1
G27	G203	1
G27	G129	1
G27	G748	1
G27	G591	1
G27	G475	1
G27	G442	1
G27	G854	1
G27	G683	1
G27	G506	1
G27	G369	1
G27	G58	1
G27	G165	1
G27	G455	1
G27	G576	1
G27	G71	1
G27	G141	1
G27	G183	1
G27	G658	1
G27	G832	1
G27	G90	1
G27	G348	1
G27	G693	1
G27	G12	1
G27	G782	1
G27	G730	1
G27	G543	1
G27	G11	1
G27	G686	1
G27	G298	1
G27	G746	1
G27	G285	1
G27	G549	1
G27	G389	1
G27	G842	1
G27	G696	1
G27	G687	1
G27	G633	1
G27	G145	1
G27	G790	1
G27	G491	1
G27	G684	1
G27	G41	1
G27	G248	1
G27	G136	1
G27	G828	1
G27	G309	1
G27	G901	1
G27	G306	1
G27	G482	1
G27	G508	1
G27	G49	1
G27	G804	1
G27	G886	1
G27	G690	1
G27	G578	1
G27	G446	1
G27	G21	1
G27	G282	1
G27	G9	1
G27	G757	1
G27	G487	1
G27	G420	1
G27	G205	1
G27	G316	1
G27	G131	1
G27	G354	1
G27	G368	1
G27	G107	1
G27	G224	1
G27	G509	1
G27	G367	1
G27	G337	1
G27	G34	1
G27	G189	1
G27	G239	1
G27	G352	1
G27	G451	1
G27	G737	1
G27	G476	1
G27	G884	1
G27	G726	1
G27	G688	1
G27	G406	1
G27	G395	1
G27	G143	1
G276	G643	1
G276	G730	1
G276	G760	1
G276	G721	1
G276	G398	1
G276	G110	1
G276	G404	1
G276	G107	1
G276	G566	1
G276	G313	1
G276	G274	1
G276	G292	1
G276	G151	1
G276	G705	1
G276	G37	1
G276	G588	1
G276	G886	1
G276	G576	1
G276	G472	1
G276	G223	1
G276	G425	1
G276	G634	1
G276	G391	1
G276	G45	1
G276	G78	1
G276	G712	1
G276	G114	1
G276	G658	1
G276	G625	1
G276	G93	1
G276	G185	1
G82	G850	1
G409	G93	1
G409	G407	1
G409	G110	1
G409	G263	1
G409	G820	1
G409	G323	1
G409	G88	1
G409	G50	1
G409	G490	1
G409	G841	1
G409	G256	1
G409	G643	1
G409	G145	1
G409	G500	1
G409	G59	1
G409	G482	1
G409	G29	1
G409	G221	1
G409	G850	1
G409	G82	1
G409	G464	1
G409	G66	1
G409	G620	1
G409	G840	1
G409	G878	1
G409	G186	1
G409	G853	1
G409	G33	1
G409	G352	1
G409	G276	1
G409	G757	1
G409	G36	1
G409	G848	1
G409	G135	1
G409	G322	1
G409	G71	1
G409	G654	1
G409	G424	1
G409	G349	1
G409	G730	1
G409	G258	1
G409	G524	1
G409	G163	1
G409	G395	1
G409	G503	1
G409	G179	1
G409	G34	1
G409	G392	1
G409	G198	1
G409	G244	1
G409	G457	1
G409	G127	1
G409	G761	1
G409	G89	1
G409	G157	1
G409	G214	1
G409	G441	1
G409	G324	1
G409	G781	1
G409	G864	1
G409	G348	1
G409	G226	1
G409	G683	1
G409	G897	1
G409	G907	1
G409	G684	1
G409	G340	1
G409	G94	1
G409	G713	1
G409	G227	1
G409	G405	1
G409	G282	1
G409	G11	1
G409	G260	1
G409	G434	1
G409	G141	1
G409	G495	1
G409	G477	1
G409	G662	1
G409	G173	1
G409	G298	1
G409	G243	1
G409	G715	1
G409	G746	1
G409	G38	1
G409	G193	1
G409	G873	1
G409	G58	1
G409	G402	1
G409	G470	1
G409	G603	1
G409	G337	1
G409	G692	1
G409	G626	1
G409	G164	1
G409	G847	1
G409	G447	1
G409	G161	1
G409	G645	1
G409	G56	1
G409	G192	1
G409	G114	1
G409	G313	1
G409	G255	1
G409	G239	1
G409	G149	1
G409	G404	1
G409	G707	1
G409	G678	1
G409	G40	1
G409	G295	1
G409	G771	1
G409	G292	1
G409	G287	1
G409	G566	1
G409	G165	1
G409	G7	1
G409	G875	1
G409	G508	1
G409	G555	1
G409	G480	1
G409	G332	1
G409	G797	1
G409	G809	1
G409	G768	1
G409	G518	1
G409	G75	1
G409	G842	1
G409	G802	1
G409	G217	1
G409	G15	1
G409	G857	1
G409	G679	1
G409	G146	1
G409	G563	1
G409	G881	1
G409	G540	1
G409	G586	1
G409	G732	1
G409	G784	1
G409	G375	1
G409	G328	1
G409	G670	1
G409	G100	1
G409	G474	1
G409	G19	1
G409	G697	1
G409	G155	1
G409	G12	1
G409	G383	1
G409	G694	1
G409	G333	1
G409	G17	1
G409	G636	1
G409	G536	1
G409	G151	1
G409	G376	1
G409	G790	1
G409	G859	1
G409	G273	1
G409	G827	1
G409	G613	1
G409	G223	1
G409	G338	1
G409	G369	1
G409	G8	1
G409	G152	1
G409	G9	1
G409	G658	1
G409	G527	1
G409	G408	1
G409	G823	1
G409	G751	1
G409	G49	1
G409	G70	1
G409	G339	1
G409	G368	1
G409	G13	1
G409	G73	1
G409	G254	1
G409	G652	1
G409	G309	1
G409	G48	1
G409	G220	1
G409	G487	1
G409	G320	1
G409	G724	1
G409	G876	1
G409	G443	1
G409	G722	1
G409	G635	1
G409	G705	1
G409	G657	1
G409	G869	1
G409	G855	1
G409	G648	1
G409	G327	1
G409	G72	1
G409	G788	1
G409	G800	1
G409	G549	1
G409	G158	1
G409	G766	1
G409	G23	1
G409	G418	1
G409	G318	1
G409	G607	1
G409	G334	1
G409	G572	1
G409	G364	1
G409	G543	1
G409	G906	1
G409	G172	1
G409	G852	1
G409	G304	1
G409	G731	1
G409	G197	1
G409	G281	1
G409	G815	1
G409	G460	1
G409	G813	1
G409	G682	1
G409	G860	1
G409	G576	1
G409	G786	1
G409	G849	1
G409	G355	1
G409	G656	1
G409	G665	1
G409	G499	1
G409	G901	1
G409	G351	1
G409	G120	1
G409	G25	1
G409	G909	1
G409	G129	1
G409	G544	1
G409	G637	1
G409	G248	1
G409	G396	1
G409	G230	1
G409	G752	1
G409	G651	1
G409	G293	1
G409	G423	1
G409	G782	1
G409	G257	1
G409	G208	1
G409	G668	1
G409	G638	1
G409	G887	1
G409	G111	1
G409	G472	1
G409	G664	1
G409	G384	1
G409	G619	1
G409	G104	1
G409	G591	1
G409	G425	1
G409	G539	1
G409	G374	1
G409	G262	1
G409	G691	1
G409	G308	1
G409	G898	1
G409	G53	1
G409	G723	1
G409	G529	1
G409	G225	1
G409	G628	1
G409	G764	1
G409	G294	1
G409	G435	1
G409	G357	1
G409	G614	1
G409	G45	1
G409	G649	1
G409	G770	1
G409	G602	1
G409	G238	1
G409	G885	1
G409	G663	1
G409	G92	1
G409	G451	1
G409	G552	1
G409	G559	1
G409	G128	1
G409	G621	1
G409	G625	1
G409	G854	1
G409	G721	1
G409	G762	1
G409	G458	1
G409	G24	1
G409	G123	1
G409	G219	1
G409	G191	1
G409	G406	1
G409	G483	1
G409	G899	1
G409	G765	1
G409	G515	1
G409	G30	1
G409	G44	1
G409	G106	1
G409	G105	1
G409	G118	1
G409	G763	1
G409	G824	1
G409	G783	1
G409	G140	1
G409	G84	1
G409	G187	1
G409	G63	1
G409	G378	1
G409	G99	1
G19	G865	1
G19	G869	1
G19	G768	1
G19	G50	1
G19	G546	1
G19	G253	1
G19	G25	1
G19	G299	1
G19	G93	1
G19	G298	1
G19	G423	1
G19	G815	1
G19	G319	1
G19	G466	1
G19	G547	1
G19	G721	1
G19	G33	1
G19	G382	1
G19	G720	1
G19	G858	1
G19	G695	1
G19	G127	1
G19	G874	1
G19	G173	1
G19	G39	1
G19	G327	1
G19	G52	1
G19	G257	1
G19	G241	1
G19	G222	1
G19	G408	1
G19	G804	1
G19	G390	1
G19	G646	1
G19	G813	1
G19	G503	1
G19	G735	1
G19	G392	1
G19	G873	1
G19	G37	1
G19	G217	1
G19	G156	1
G19	G464	1
G19	G413	1
G19	G317	1
G19	G871	1
G19	G573	1
G19	G834	1
G19	G285	1
G19	G539	1
G19	G323	1
G19	G556	1
G19	G857	1
G19	G812	1
G19	G843	1
G19	G614	1
G19	G67	1
G19	G56	1
G19	G365	1
G19	G76	1
G19	G177	1
G19	G555	1
G19	G79	1
G19	G295	1
G19	G122	1
G19	G898	1
G19	G604	1
G19	G456	1
G19	G731	1
G19	G867	1
G19	G844	1
G19	G642	1
G19	G445	1
G19	G702	1
G19	G783	1
G19	G760	1
G19	G678	1
G19	G785	1
G19	G693	1
G19	G434	1
G19	G203	1
G19	G707	1
G19	G84	1
G19	G331	1
G19	G242	1
G19	G549	1
G19	G410	1
G19	G412	1
G19	G854	1
G19	G139	1
G19	G714	1
G19	G499	1
G19	G49	1
G19	G526	1
G19	G594	1
G19	G661	1
G19	G726	1
G19	G837	1
G19	G800	1
G19	G126	1
G19	G459	1
G19	G734	1
G19	G151	1
G19	G36	1
G19	G633	1
G19	G828	1
G19	G339	1
G19	G98	1
G19	G238	1
G19	G907	1
G19	G859	1
G19	G631	1
G19	G163	1
G19	G645	1
G19	G62	1
G19	G796	1
G19	G453	1
G19	G262	1
G19	G697	1
G19	G155	1
G19	G896	1
G19	G301	1
G19	G106	1
G19	G260	1
G19	G60	1
G19	G172	1
G19	G737	1
G19	G487	1
G19	G541	1
G19	G190	1
G19	G766	1
G19	G500	1
G19	G825	1
G19	G853	1
G19	G324	1
G19	G399	1
G19	G817	1
G19	G268	1
G19	G29	1
G19	G746	1
G19	G420	1
G19	G419	1
G19	G309	1
G19	G650	1
G19	G524	1
G19	G289	1
G19	G612	1
G19	G15	1
G19	G529	1
G19	G326	1
G19	G38	1
G19	G652	1
G19	G41	1
G19	G375	1
G19	G581	1
G19	G373	1
G19	G776	1
G19	G219	1
G19	G643	1
G19	G391	1
G19	G293	1
G19	G489	1
G19	G332	1
G19	G534	1
G19	G153	1
G19	G96	1
G19	G687	1
G19	G70	1
G19	G847	1
G19	G247	1
G19	G831	1
G19	G439	1
G19	G438	1
G19	G407	1
G19	G688	1
G19	G206	1
G19	G677	1
G19	G7	1
G19	G670	1
G19	G827	1
G19	G225	1
G19	G418	1
G19	G239	1
G19	G259	1
G19	G90	1
G19	G467	1
G19	G227	1
G19	G757	1
G19	G111	1
G19	G432	1
G19	G340	1
G19	G113	1
G19	G226	1
G19	G297	1
G19	G622	1
G19	G653	1
G19	G61	1
G19	G544	1
G19	G680	1
G19	G722	1
G19	G409	1
G19	G878	1
G19	G850	1
G19	G607	1
G19	G610	1
G19	G788	1
G19	G727	1
G19	G809	1
G19	G696	1
G19	G369	1
G19	G651	1
G19	G171	1
G19	G179	1
G19	G708	1
G19	G611	1
G19	G48	1
G19	G294	1
G19	G588	1
G19	G517	1
G19	G892	1
G19	G738	1
G19	G673	1
G19	G864	1
G19	G333	1
G19	G73	1
G19	G444	1
G19	G570	1
G19	G305	1
G19	G765	1
G19	G210	1
G19	G781	1
G19	G282	1
G19	G803	1
G19	G120	1
G19	G571	1
G19	G228	1
G19	G535	1
G19	G668	1
G19	G296	1
G19	G770	1
G19	G440	1
G19	G287	1
G19	G337	1
G19	G603	1
G19	G448	1
G19	G507	1
G19	G447	1
G19	G59	1
G19	G841	1
G19	G450	1
G19	G840	1
G19	G640	1
G19	G306	1
G19	G474	1
G19	G774	1
G19	G751	1
G19	G34	1
G19	G243	1
G19	G811	1
G19	G92	1
G19	G621	1
G19	G820	1
G19	G615	1
G19	G582	1
G19	G281	1
G19	G12	1
G19	G17	1
G19	G221	1
G19	G533	1
G19	G147	1
G19	G251	1
G19	G278	1
G19	G701	1
G19	G832	1
G19	G637	1
G19	G197	1
G19	G887	1
G19	G747	1
G19	G625	1
G19	G442	1
G19	G833	1
G19	G606	1
G19	G250	1
G19	G404	1
G19	G121	1
G19	G20	1
G19	G685	1
G19	G143	1
G19	G255	1
G19	G525	1
G19	G152	1
G19	G891	1
G19	G82	1
G19	G403	1
G19	G272	1
G19	G220	1
G19	G8	1
G19	G609	1
G19	G22	1
G19	G71	1
G19	G538	1
G19	G201	1
G19	G389	1
G19	G897	1
G19	G348	1
G19	G304	1
G19	G537	1
G19	G743	1
G19	G235	1
G19	G95	1
G19	G336	1
G19	G86	1
G19	G531	1
G19	G616	1
G19	G202	1
G19	G559	1
G19	G838	1
G19	G713	1
G19	G74	1
G19	G725	1
G19	G567	1
G19	G75	1
G19	G109	1
G19	G509	1
G19	G771	1
G19	G868	1
G19	G204	1
G19	G632	1
G19	G657	1
G19	G424	1
G19	G355	1
G19	G623	1
G19	G244	1
G19	G470	1
G19	G798	1
G19	G452	1
G19	G234	1
G19	G314	1
G19	G211	1
G19	G376	1
G19	G266	1
G19	G425	1
G19	G240	1
G19	G824	1
G19	G885	1
G19	G491	1
G19	G692	1
G19	G536	1
G19	G346	1
G19	G245	1
G19	G576	1
G19	G97	1
G19	G663	1
G19	G895	1
G19	G198	1
G19	G394	1
G19	G263	1
G19	G618	1
G19	G129	1
G19	G205	1
G19	G690	1
G19	G884	1
G19	G85	1
G19	G316	1
G19	G284	1
G19	G44	1
G19	G521	1
G19	G161	1
G19	G676	1
G19	G112	1
G19	G528	1
G19	G656	1
G19	G77	1
G19	G24	1
G19	G308	1
G19	G504	1
G19	G540	1
G19	G590	1
G19	G852	1
G19	G580	1
G19	G14	1
G19	G213	1
G19	G42	1
G19	G54	1
G19	G360	1
G19	G732	1
G19	G345	1
G19	G689	1
G19	G793	1
G19	G313	1
G19	G160	1
G19	G806	1
G19	G353	1
G19	G256	1
G19	G231	1
G19	G483	1
G19	G254	1
G19	G455	1
G19	G89	1
G19	G380	1
G19	G248	1
G19	G417	1
G19	G691	1
G19	G232	1
G19	G842	1
G19	G563	1
G19	G218	1
G19	G398	1
G19	G328	1
G19	G635	1
G19	G889	1
G19	G736	1
G19	G566	1
G19	G660	1
G19	G237	1
G19	G729	1
G19	G667	1
G19	G318	1
G19	G276	1
G19	G782	1
G19	G68	1
G19	G733	1
G19	G684	1
G19	G141	1
G19	G207	1
G19	G679	1
G19	G583	1
G19	G542	1
G19	G208	1
G19	G343	1
G19	G9	1
G19	G130	1
G19	G818	1
G19	G848	1
G19	G377	1
G19	G406	1
G19	G26	1
G19	G724	1
G19	G157	1
G19	G592	1
G19	G429	1
G19	G495	1
G19	G710	1
G19	G550	1
G19	G543	1
G19	G101	1
G19	G634	1
G19	G10	1
G19	G118	1
G19	G694	1
G19	G819	1
G19	G875	1
G19	G639	1
G19	G855	1
G19	G619	1
G19	G196	1
G19	G99	1
G19	G384	1
G19	G28	1
G19	G522	1
G19	G212	1
G19	G64	1
G19	G329	1
G19	G749	1
G19	G421	1
G19	G4	1
G19	G829	1
G19	G264	1
G19	G115	1
G19	G40	1
G19	G396	1
G19	G273	1
G19	G481	1
G19	G441	1
G19	G752	1
G19	G367	1
G19	G405	1
G19	G669	1
G19	G636	1
G19	G799	1
G19	G11	1
G19	G233	1
G19	G338	1
G19	G792	1
G19	G659	1
G19	G291	1
G19	G223	1
G19	G620	1
G19	G267	1
G19	G400	1
G19	G344	1
G19	G797	1
G19	G883	1
G19	G104	1
G19	G352	1
G19	G658	1
G19	G886	1
G19	G763	1
G19	G826	1
G19	G591	1
G19	G585	1
G19	G100	1
G19	G72	1
G19	G428	1
G19	G527	1
G19	G715	1
G19	G716	1
G19	G906	1
G19	G5	1
G19	G91	1
G19	G516	1
G19	G572	1
G19	G671	1
G19	G876	1
G19	G140	1
G19	G730	1
G19	G2	1
G19	G170	1
G19	G164	1
G19	G334	1
G19	G57	1
G19	G51	1
G19	G402	1
G19	G739	1
G19	G901	1
G19	G249	1
G19	G145	1
G19	G638	1
G19	G1	1
G19	G666	1
G19	G288	1
G19	G472	1
G19	G279	1
G19	G364	1
G19	G133	1
G19	G209	1
G19	G383	1
G19	G460	1
G19	G371	1
G19	G43	1
G19	G374	1
G19	G430	1
G19	G784	1
G19	G675	1
G19	G575	1
G19	G168	1
G19	G644	1
G19	G23	1
G19	G870	1
G19	G462	1
G19	G530	1
G19	G368	1
G19	G457	1
G19	G13	1
G19	G357	1
G19	G66	1
G19	G311	1
G19	G107	1
G19	G138	1
G19	G513	1
G19	G58	1
G19	G881	1
G19	G252	1
G19	G476	1
G19	G88	1
G19	G846	1
G19	G181	1
G19	G574	1
G19	G349	1
G19	G596	1
G19	G431	1
G19	G750	1
G19	G479	1
G19	G229	1
G19	G836	1
G19	G186	1
G19	G105	1
G19	G123	1
G19	G46	1
G19	G443	1
G19	G451	1
G19	G274	1
G19	G397	1
G19	G899	1
G19	G866	1
G19	G860	1
G19	G557	1
G19	G214	1
G19	G131	1
G19	G662	1
G19	G902	1
G19	G193	1
G19	G704	1
G19	G192	1
G19	G717	1
G19	G552	1
G19	G628	1
G19	G683	1
G19	G490	1
G19	G477	1
G19	G712	1
G19	G108	1
G19	G83	1
G19	G200	1
G19	G560	1
G19	G166	1
G19	G823	1
G19	G565	1
G19	G125	1
G19	G224	1
G19	G167	1
G19	G699	1
G19	G65	1
G19	G426	1
G19	G617	1
G19	G515	1
G19	G473	1
G19	G759	1
G19	G790	1
G19	G128	1
G19	G686	1
G19	G742	1
G19	G480	1
G19	G330	1
G19	G577	1
G19	G446	1
G19	G21	1
G19	G505	1
G19	G629	1
G19	G189	1
G19	G277	1
G19	G789	1
G19	G136	1
G19	G561	1
G19	G497	1
G19	G78	1
G19	G292	1
G19	G705	1
G19	G754	1
G19	G672	1
G19	G908	1
G19	G518	1
G19	G362	1
G19	G719	1
G19	G454	1
G19	G230	1
G19	G180	1
G19	G568	1
G19	G300	1
G19	G630	1
G19	G146	1
G19	G909	1
G19	G586	1
G19	G110	1
G19	G414	1
G19	G185	1
G19	G94	1
G19	G435	1
G19	G835	1
G19	G45	1
G19	G475	1
G19	G510	1
G19	G613	1
G19	G290	1
G19	G119	1
G19	G114	1
G19	G69	1
G19	G320	1
G19	G103	1
G19	G321	1
G19	G135	1
G19	G395	1
G19	G822	1
G19	G589	1
G19	G18	1
G19	G258	1
G19	G183	1
G19	G351	1
G19	G624	1
G19	G777	1
G19	G271	1
G19	G681	1
G19	G387	1
G19	G703	1
G19	G648	1
G19	G81	1
G19	G116	1
G19	G723	1
G19	G830	1
G19	G325	1
G19	G905	1
G19	G302	1
G19	G745	1
G19	G496	1
G19	G194	1
G19	G718	1
G19	G502	1
G19	G175	1
G19	G174	1
G19	G158	1
G19	G802	1
G19	G27	1
G19	G416	1
G19	G761	1
G19	G16	1
G19	G879	1
G19	G378	1
G19	G506	1
G19	G488	1
G19	G191	1
G19	G602	1
G19	G322	1
G19	G593	1
G19	G654	1
G19	G626	1
G19	G199	1
G19	G584	1
G19	G132	1
G19	G55	1
G19	G810	1
G19	G347	1
G19	G877	1
G23	G781	1
G23	G359	1
G23	G393	1
G23	G612	1
G23	G278	1
G23	G16	1
G23	G577	1
G23	G445	1
G23	G616	1
G23	G614	1
G23	G517	1
G23	G458	1
G23	G324	1
G23	G555	1
G23	G137	1
G23	G94	1
G23	G140	1
G23	G227	1
G23	G518	1
G23	G376	1
G23	G54	1
G23	G211	1
G23	G837	1
G23	G686	1
G23	G423	1
G237	G466	1
G237	G12	1
G237	G324	1
G237	G524	1
G237	G509	1
G237	G876	1
G237	G677	1
G237	G713	1
G237	G820	1
G237	G549	1
G237	G13	1
G237	G357	1
G237	G255	1
G237	G656	1
G237	G517	1
G237	G33	1
G237	G530	1
G237	G763	1
G237	G666	1
G237	G487	1
G237	G38	1
G237	G681	1
G237	G540	1
G237	G359	1
G237	G881	1
G237	G614	1
G237	G109	1
G237	G450	1
G237	G82	1
G237	G654	1
G237	G684	1
G237	G139	1
G237	G906	1
G237	G335	1
G237	G901	1
G237	G665	1
G237	G858	1
G237	G360	1
G237	G105	1
G237	G458	1
G237	G225	1
G237	G260	1
G237	G578	1
G237	G112	1
G237	G637	1
G237	G475	1
G237	G464	1
G237	G539	1
G237	G760	1
G237	G874	1
G237	G878	1
G237	G181	1
G237	G248	1
G237	G8	1
G237	G396	1
G237	G501	1
G237	G909	1
G237	G750	1
G237	G113	1
G237	G679	1
G237	G435	1
G237	G157	1
G237	G313	1
G237	G889	1
G237	G559	1
G237	G455	1
G237	G439	1
G237	G84	1
G237	G673	1
G237	G798	1
G237	G701	1
G237	G733	1
G237	G397	1
G237	G409	1
G237	G317	1
G237	G465	1
G237	G579	1
G237	G24	1
G286	G876	1
G286	G482	1
G286	G119	1
G286	G782	1
G286	G262	1
G286	G205	1
G286	G474	1
G286	G104	1
G286	G809	1
G286	G670	1
G286	G445	1
G286	G848	1
G286	G761	1
G286	G508	1
G286	G555	1
G286	G614	1
G286	G714	1
G286	G516	1
G286	G786	1
G286	G420	1
G286	G412	1
G286	G633	1
G286	G167	1
G286	G423	1
G286	G495	1
G286	G453	1
G286	G108	1
G286	G694	1
G286	G360	1
G286	G512	1
G286	G255	1
G286	G258	1
G286	G771	1
G286	G74	1
G409	G588	1
G409	G479	1
G409	G2	1
G409	G42	1
G330	G504	1
G330	G42	1
G330	G0	1
G30	G346	1
G30	G339	1
G30	G356	1
G30	G134	1
G74	G662	1
G74	G361	1
G74	G228	1
G74	G162	1
G74	G846	1
G74	G526	1
G74	G194	1
G74	G195	1
G74	G35	1
G74	G330	1
G74	G504	1
G74	G24	1
G74	G225	1
G74	G902	1
G74	G375	1
G74	G826	1
G74	G235	1
G74	G85	1
G74	G480	1
G74	G686	1
G74	G561	1
G74	G553	1
G74	G898	1
G74	G795	1
G74	G531	1
G74	G337	1
G74	G704	1
G74	G885	1
G74	G743	1
G74	G353	1
G74	G689	1
G74	G339	1
G74	G45	1
G74	G432	1
G74	G889	1
G74	G854	1
G74	G388	1
G74	G829	1
G74	G181	1
G74	G719	1
G74	G852	1
G74	G359	1
G74	G190	1
G74	G721	1
G74	G619	1
G74	G390	1
G74	G465	1
G74	G800	1
G74	G836	1
G74	G736	1
G74	G144	1
G74	G499	1
G74	G636	1
G74	G487	1
G197	G747	1
G197	G483	1
G197	G419	1
G197	G99	1
G197	G824	1
G197	G637	1
G197	G240	1
G197	G607	1
G197	G202	1
G197	G818	1
G197	G225	1
G197	G642	1
G197	G404	1
G197	G376	1
G197	G749	1
G197	G826	1
G197	G474	1
G197	G294	1
G197	G887	1
G197	G168	1
G197	G516	1
G197	G331	1
G197	G701	1
G197	G658	1
G197	G858	1
G197	G180	1
G197	G206	1
G197	G19	1
G197	G150	1
G197	G840	1
G197	G661	1
G197	G357	1
G197	G634	1
G197	G716	1
G197	G328	1
G197	G454	1
G197	G452	1
G197	G220	1
G197	G649	1
G197	G54	1
G197	G322	1
G197	G326	1
G197	G528	1
G197	G285	1
G197	G834	1
G197	G572	1
G197	G396	1
G197	G85	1
G197	G690	1
G197	G172	1
G197	G829	1
G197	G852	1
G197	G776	1
G197	G147	1
G197	G732	1
G197	G48	1
G197	G828	1
G197	G901	1
G197	G491	1
G197	G809	1
G197	G17	1
G197	G31	1
G197	G194	1
G197	G330	1
G197	G224	1
G197	G736	1
G197	G193	1
G197	G4	1
G197	G405	1
G197	G638	1
G197	G409	1
G197	G499	1
G197	G387	1
G197	G714	1
G197	G68	1
G197	G593	1
G132	G540	1
G132	G134	1
G132	G692	1
G132	G495	1
G132	G339	1
G132	G635	1
G132	G327	1
G132	G807	1
G132	G325	1
G132	G504	1
G132	G356	1
G132	G649	1
G132	G38	1
