G156	G184	1
G156	G130	1
G156	G287	1
G139	G327	1
G139	G395	1
G139	G130	1
G139	G921	1
G250	G610	1
G66	G592	1
G66	G105	1
G66	G287	1
G322	G130	1
G322	G287	1
G274	G130	1
G327	G315	1
G327	G608	1
G327	G395	1
G327	G184	1
G327	G285	1
G327	G105	1
G327	G262	1
G327	G71	1
G327	G405	1
G327	G28	1
G327	G739	1
G327	G130	1
G327	G378	1
G327	G245	1
G327	G703	1
G315	G307	1
G14	G395	1
G21	G184	1
G21	G833	1
G402	G727	1
G402	G471	1
G402	G610	1
G402	G749	1
G402	G130	1
G402	G550	1
G353	G105	1
G353	G574	1
G353	G83	1
G62	G327	1
G62	G130	1
G308	G130	1
G273	G217	1
G273	G523	1
G273	G137	1
G273	G817	1
G273	G236	1
G273	G197	1
G273	G824	1
G122	G327	1
G122	G315	1
G105	G37	1
G105	G592	1
G105	G497	1
G105	G402	1
G105	G378	1
G105	G108	1
G105	G819	1
G321	G619	1
G321	G406	1
G321	G225	1
G321	G766	1
G321	G915	1
G321	G705	1
G321	G287	1
G82	G184	1
G82	G83	1
G82	G705	1
G371	G548	1
G371	G608	1
G371	G943	1
G371	G184	1
G371	G922	1
G371	G59	1
G103	G470	1
G103	G619	1
G103	G327	1
G103	G608	1
G103	G395	1
G103	G444	1
G103	G130	1
G103	G922	1
G103	G307	1
G187	G130	1
G351	G395	1
G71	G888	1
G71	G66	1
G71	G395	1
G71	G184	1
G71	G262	1
G71	G664	1
G71	G824	1
G71	G424	1
G71	G287	1
G227	G619	1
G227	G184	1
G69	G315	1
G288	G130	1
G288	G15	1
G393	G668	1
G393	G184	1
G393	G71	1
G393	G523	1
G393	G151	1
G393	G287	1
G213	G393	1
G70	G618	1
G70	G529	1
G70	G327	1
G70	G395	1
G70	G184	1
G70	G225	1
G70	G830	1
G70	G130	1
G70	G921	1
G70	G10	1
G70	G705	1
G70	G287	1
G328	G395	1
G328	G184	1
G39	G70	1
G112	G327	1
G112	G39	1
G217	G805	1
G217	G327	1
G217	G130	1
G217	G703	1
G89	G911	1
G89	G197	1
G89	G367	1
G89	G703	1
G92	G349	1
G92	G14	1
G92	G608	1
G92	G511	1
G92	G130	1
G346	G71	1
G346	G330	1
G123	G184	1
G123	G130	1
G421	G911	1
G421	G196	1
G168	G137	1
G168	G574	1
G168	G705	1
G284	G89	1
G284	G137	1
G284	G574	1
G220	G378	1
G444	G103	1
G225	G761	1
G225	G619	1
G225	G315	1
G225	G395	1
G225	G184	1
G225	G321	1
G225	G262	1
G225	G71	1
G225	G921	1
G225	G83	1
G225	G157	1
G225	G705	1
G225	G550	1
G225	G703	1
G225	G287	1
G389	G610	1
G389	G184	1
G389	G321	1
G389	G130	1
G389	G15	1
G44	G231	1
G3	G184	1
G3	G95	1
G3	G287	1
G169	G327	1
G169	G287	1
G410	G921	1
G410	G703	1
G56	G727	1
G56	G911	1
G56	G846	1
G56	G805	1
G56	G761	1
G56	G184	1
G56	G789	1
G56	G130	1
G56	G364	1
G118	G304	1
G419	G93	1
G93	G619	1
G49	G727	1
G49	G184	1
G49	G921	1
G49	G287	1
G320	G608	1
G320	G943	1
G320	G655	1
G320	G184	1
G320	G287	1
G320	G199	1
G420	G610	1
G28	G184	1
G28	G447	1
G137	G761	1
G137	G66	1
G137	G327	1
G137	G478	1
G137	G610	1
G137	G395	1
G137	G184	1
G137	G105	1
G137	G262	1
G137	G393	1
G137	G70	1
G137	G664	1
G137	G39	1
G137	G582	1
G137	G130	1
G137	G364	1
G137	G125	1
G137	G824	1
G137	G703	1
G137	G287	1
G433	G395	1
G433	G184	1
G433	G664	1
G433	G39	1
G433	G379	1
G289	G261	1
G23	G619	1
G23	G608	1
G23	G395	1
G23	G346	1
G178	G66	1
G178	G395	1
G178	G184	1
G178	G752	1
G178	G270	1
G135	G395	1
G95	G137	1
G63	G395	1
G63	G130	1
G130	G66	1
G130	G608	1
G130	G395	1
G130	G655	1
G130	G184	1
G130	G402	1
G130	G928	1
G130	G884	1
G130	G631	1
G130	G92	1
G130	G65	1
G130	G389	1
G130	G374	1
G130	G354	1
G130	G830	1
G130	G921	1
G130	G752	1
G130	G705	1
G130	G271	1
G130	G451	1
G130	G287	1
G130	G783	1
G15	G619	1
G15	G184	1
G15	G387	1
G15	G389	1
G15	G169	1
G15	G374	1
G15	G439	1
G15	G377	1
G15	G53	1
G15	G222	1
G15	G244	1
G15	G382	1
G15	G256	1
G15	G63	1
G15	G287	1
G181	G727	1
G181	G395	1
G181	G21	1
G181	G65	1
G181	G421	1
G181	G873	1
G181	G937	1
G181	G269	1
G181	G866	1
G181	G83	1
G428	G184	1
G342	G184	1
G342	G653	1
G275	G528	1
G126	G395	1
G126	G184	1
G126	G321	1
G126	G90	1
G126	G890	1
G228	G83	1
G228	G364	1
G236	G846	1
G236	G805	1
G236	G761	1
G134	G327	1
G134	G395	1
G134	G655	1
G134	G184	1
G134	G393	1
G134	G550	1
G134	G223	1
G134	G287	1
G435	G184	1
G435	G287	1
G438	G548	1
G438	G109	1
G438	G367	1
G151	G315	1
G151	G184	1
G151	G346	1
G151	G137	1
G116	G181	1
G129	G14	1
G210	G15	1
G146	G137	1
G276	G395	1
G276	G21	1
G276	G739	1
G276	G73	1
G276	G550	1
G276	G812	1
G83	G184	1
G83	G21	1
G83	G526	1
G83	G67	1
G83	G421	1
G83	G374	1
G83	G873	1
G83	G181	1
G83	G390	1
G83	G550	1
G83	G837	1
G83	G522	1
G83	G13	1
G364	G459	1
G364	G805	1
G364	G761	1
G364	G533	1
G364	G874	1
G415	G130	1
G415	G921	1
G386	G83	1
G150	G610	1
G143	G184	1
G270	G608	1
G270	G943	1
G270	G118	1
G270	G678	1
G270	G130	1
G110	G71	1
G110	G39	1
G110	G433	1
G312	G135	1
G128	G389	1
G337	G287	1
G101	G82	1
G198	G83	1
G378	G298	1
G378	G395	1
G378	G184	1
G378	G70	1
G378	G135	1
G378	G130	1
G378	G367	1
G378	G356	1
G378	G287	1
G108	G727	1
G108	G184	1
G104	G139	1
G104	G184	1
G104	G168	1
G152	G139	1
G152	G761	1
G152	G184	1
G152	G89	1
G152	G284	1
G152	G137	1
G152	G96	1
G152	G130	1
G152	G200	1
G365	G395	1
G365	G184	1
G390	G166	1
G390	G395	1
G390	G873	1
G390	G367	1
G447	G393	1
G164	G619	1
G164	G395	1
G223	G273	1
G223	G328	1
G223	G39	1
G223	G347	1
G223	G925	1
G223	G881	1
G271	G130	1
G185	G937	1
G245	G610	1
G245	G320	1
G77	G184	1
G11	G130	1
G356	G184	1
G304	G184	1
G304	G130	1
G304	G83	1
G424	G619	1
G424	G395	1
G424	G137	1
G424	G130	1
G424	G826	1
G30	G184	1
G30	G64	1
G375	G943	1
G375	G63	1
G375	G411	1
G375	G921	1
G375	G540	1
G375	G287	1
G370	G137	1
G287	G727	1
G287	G37	1
G287	G66	1
G287	G619	1
G287	G327	1
G287	G315	1
G287	G14	1
G287	G608	1
G287	G456	1
G287	G395	1
G287	G943	1
G287	G655	1
G287	G184	1
G287	G928	1
G287	G884	1
G287	G285	1
G287	G321	1
G287	G371	1
G287	G114	1
G287	G262	1
G287	G71	1
G287	G70	1
G287	G92	1
G287	G284	1
G287	G3	1
G287	G56	1
G287	G374	1
G287	G49	1
G287	G382	1
G287	G130	1
G287	G418	1
G287	G922	1
G287	G752	1
G287	G666	1
G287	G270	1
G287	G152	1
G287	G199	1
G287	G409	1
G287	G826	1
G229	G371	1
G229	G103	1
G409	G854	1
G117	G130	1
G86	G610	1
G86	G105	1
G443	G393	1
G368	G670	1
G368	G487	1
G368	G608	1
G368	G521	1
G368	G933	1
G368	G685	1
G368	G262	1
G368	G811	1
G368	G15	1
G368	G854	1
G316	G287	1
G279	G402	1
G279	G374	1
G148	G727	1
G148	G184	1
G138	G424	1
G201	G673	1
G35	G184	1
G35	G130	1
G156	G928	1
G156	G884	1
G156	G241	1
G283	G304	1
G305	G294	1
G305	G282	1
G38	G446	1
G38	G276	1
G38	G415	1
G139	G578	1
G139	G66	1
G139	G298	1
G139	G191	1
G139	G486	1
G139	G699	1
G139	G400	1
G139	G26	1
G139	G891	1
G139	G308	1
G139	G273	1
G139	G361	1
G139	G778	1
G139	G71	1
G139	G227	1
G139	G213	1
G139	G278	1
G139	G70	1
G139	G89	1
G139	G346	1
G139	G403	1
G139	G796	1
G139	G822	1
G139	G545	1
G139	G208	1
G139	G535	1
G139	G169	1
G139	G324	1
G139	G265	1
G139	G901	1
G139	G320	1
G139	G660	1
G139	G261	1
G139	G926	1
G139	G300	1
G139	G258	1
G139	G269	1
G139	G428	1
G139	G237	1
G139	G228	1
G139	G134	1
G139	G411	1
G139	G343	1
G139	G438	1
G139	G330	1
G139	G210	1
G139	G768	1
G139	G57	1
G139	G364	1
G139	G659	1
G139	G143	1
G139	G307	1
G139	G125	1
G139	G9	1
G139	G693	1
G139	G254	1
G139	G365	1
G139	G390	1
G139	G164	1
G139	G336	1
G139	G432	1
G139	G0	1
G139	G11	1
G139	G60	1
G139	G882	1
G139	G392	1
G139	G182	1
G139	G870	1
G139	G148	1
G139	G138	1
G139	G422	1
G250	G868	1
G250	G225	1
G250	G161	1
G250	G921	1
G250	G740	1
G250	G287	1
G250	G182	1
G100	G399	1
G66	G633	1
G66	G512	1
G66	G64	1
G66	G218	1
G66	G165	1
G66	G65	1
G66	G460	1
G66	G444	1
G66	G883	1
G66	G137	1
G66	G433	1
G66	G445	1
G66	G394	1
G66	G359	1
G66	G96	1
G66	G63	1
G66	G850	1
G66	G134	1
G66	G684	1
G66	G367	1
G66	G252	1
G66	G808	1
G66	G554	1
G66	G108	1
G66	G399	1
G66	G693	1
G66	G152	1
G66	G271	1
G66	G432	1
G66	G98	1
G66	G148	1
G66	G788	1
G298	G228	1
G191	G228	1
G106	G225	1
G106	G890	1
G360	G542	1
G360	G219	1
G360	G836	1
G360	G707	1
G360	G323	1
G360	G412	1
G360	G803	1
G360	G196	1
G360	G167	1
G360	G107	1
G360	G319	1
G360	G95	1
G360	G724	1
G360	G228	1
G360	G768	1
G360	G540	1
G360	G426	1
G360	G164	1
G360	G88	1
G360	G200	1
G327	G888	1
G327	G548	1
G327	G349	1
G327	G943	1
G327	G655	1
G327	G884	1
G327	G122	1
G327	G704	1
G327	G103	1
G327	G393	1
G327	G680	1
G327	G328	1
G327	G225	1
G327	G389	1
G327	G137	1
G327	G433	1
G327	G811	1
G327	G42	1
G327	G921	1
G327	G334	1
G327	G276	1
G327	G307	1
G327	G282	1
G327	G9	1
G327	G207	1
G327	G104	1
G327	G152	1
G327	G365	1
G327	G854	1
G327	G287	1
G315	G327	1
G315	G673	1
G315	G943	1
G315	G680	1
G315	G922	1
G315	G152	1
G315	G287	1
G349	G327	1
G235	G42	1
G235	G317	1
G219	G180	1
G219	G391	1
G14	G180	1
G400	G864	1
G400	G107	1
G400	G447	1
G400	G229	1
G21	G354	1
G21	G367	1
G402	G542	1
G402	G283	1
G402	G670	1
G402	G578	1
G402	G911	1
G402	G805	1
G402	G166	1
G402	G66	1
G402	G191	1
G402	G608	1
G402	G395	1
G402	G849	1
G402	G655	1
G402	G184	1
G402	G933	1
G402	G353	1
G402	G771	1
G402	G273	1
G402	G803	1
G402	G105	1
G402	G371	1
G402	G103	1
G402	G664	1
G402	G747	1
G402	G827	1
G402	G39	1
G402	G403	1
G402	G65	1
G402	G136	1
G402	G822	1
G402	G758	1
G402	G324	1
G402	G340	1
G402	G56	1
G402	G941	1
G402	G795	1
G402	G374	1
G402	G118	1
G402	G901	1
G402	G99	1
G402	G445	1
G402	G926	1
G402	G94	1
G402	G787	1
G402	G401	1
G402	G80	1
G402	G920	1
G402	G25	1
G402	G228	1
G402	G134	1
G402	G411	1
G402	G435	1
G402	G501	1
G402	G367	1
G402	G921	1
G402	G330	1
G402	G574	1
G402	G768	1
G402	G146	1
G402	G325	1
G402	G150	1
G402	G591	1
G402	G207	1
G402	G355	1
G402	G155	1
G402	G694	1
G402	G424	1
G402	G819	1
G402	G31	1
G402	G59	1
G402	G812	1
G402	G854	1
G402	G287	1
G402	G409	1
G402	G493	1
G353	G395	1
G353	G402	1
G353	G664	1
G353	G795	1
G353	G819	1
G425	G80	1
G425	G287	1
G253	G728	1
G253	G921	1
G253	G310	1
G253	G229	1
G180	G219	1
G180	G14	1
G180	G943	1
G180	G655	1
G29	G323	1
G29	G785	1
G29	G391	1
G29	G287	1
G323	G29	1
G323	G851	1
G323	G56	1
G323	G137	1
G323	G433	1
G323	G428	1
G323	G104	1
G323	G287	1
G323	G639	1
G273	G679	1
G273	G651	1
G273	G250	1
G273	G735	1
G273	G66	1
G273	G497	1
G273	G633	1
G273	G274	1
G273	G327	1
G273	G14	1
G273	G782	1
G273	G699	1
G273	G395	1
G273	G928	1
G273	G180	1
G273	G238	1
G273	G171	1
G273	G734	1
G273	G127	1
G273	G71	1
G273	G388	1
G273	G664	1
G273	G165	1
G273	G65	1
G273	G284	1
G273	G460	1
G273	G208	1
G273	G444	1
G273	G410	1
G273	G374	1
G273	G118	1
G273	G320	1
G273	G99	1
G273	G176	1
G273	G445	1
G273	G23	1
G273	G937	1
G273	G926	1
G273	G711	1
G273	G394	1
G273	G94	1
G273	G359	1
G273	G504	1
G273	G439	1
G273	G179	1
G273	G42	1
G273	G95	1
G273	G602	1
G273	G134	1
G273	G343	1
G273	G919	1
G273	G149	1
G273	G367	1
G273	G675	1
G273	G333	1
G273	G740	1
G273	G364	1
G273	G808	1
G273	G143	1
G273	G188	1
G273	G50	1
G273	G635	1
G273	G640	1
G273	G399	1
G273	G365	1
G273	G259	1
G273	G164	1
G273	G223	1
G273	G271	1
G273	G432	1
G273	G468	1
G273	G212	1
G273	G819	1
G273	G451	1
G273	G98	1
G273	G437	1
G273	G748	1
G273	G481	1
G273	G16	1
G273	G279	1
G273	G183	1
G273	G32	1
G412	G890	1
G159	G221	1
G177	G277	1
G122	G403	1
G122	G225	1
G122	G389	1
G122	G411	1
G122	G311	1
G122	G248	1
G122	G88	1
G196	G943	1
G196	G562	1
G196	G104	1
G196	G152	1
G34	G321	1
G34	G393	1
G34	G225	1
G34	G389	1
G34	G3	1
G34	G287	1
G34	G890	1
G285	G225	1
G105	G578	1
G105	G166	1
G105	G66	1
G105	G191	1
G105	G849	1
G105	G103	1
G105	G747	1
G105	G403	1
G105	G340	1
G105	G374	1
G105	G118	1
G105	G901	1
G105	G137	1
G105	G433	1
G105	G926	1
G105	G787	1
G105	G920	1
G105	G330	1
G105	G355	1
G105	G493	1
G105	G86	1
G47	G441	1
G47	G389	1
G47	G369	1
G47	G113	1
G102	G134	1
G171	G524	1
G171	G428	1
G171	G152	1
G171	G287	1
G121	G190	1
G321	G34	1
G321	G82	1
G321	G131	1
G321	G294	1
G321	G70	1
G321	G389	1
G321	G921	1
G321	G392	1
G82	G321	1
G82	G131	1
G82	G294	1
G82	G70	1
G82	G225	1
G82	G130	1
G22	G127	1
G127	G22	1
G127	G36	1
G127	G80	1
G127	G174	1
G127	G812	1
G127	G133	1
G371	G735	1
G371	G478	1
G371	G400	1
G371	G308	1
G371	G607	1
G371	G209	1
G371	G159	1
G371	G177	1
G371	G361	1
G371	G34	1
G371	G722	1
G371	G121	1
G371	G321	1
G371	G393	1
G371	G764	1
G371	G284	1
G371	G475	1
G371	G350	1
G371	G784	1
G371	G444	1
G371	G169	1
G371	G161	1
G371	G221	1
G371	G265	1
G371	G377	1
G371	G53	1
G371	G222	1
G371	G244	1
G371	G382	1
G371	G571	1
G371	G63	1
G371	G15	1
G371	G434	1
G371	G438	1
G371	G367	1
G371	G921	1
G371	G330	1
G371	G252	1
G371	G547	1
G371	G649	1
G371	G808	1
G371	G466	1
G371	G143	1
G371	G307	1
G371	G874	1
G371	G335	1
G371	G751	1
G371	G379	1
G371	G190	1
G371	G271	1
G371	G280	1
G371	G432	1
G371	G824	1
G371	G142	1
G371	G0	1
G371	G424	1
G371	G375	1
G371	G31	1
G371	G409	1
G371	G481	1
G371	G182	1
G371	G183	1
G103	G730	1
G103	G735	1
G103	G298	1
G103	G478	1
G103	G400	1
G103	G943	1
G103	G512	1
G103	G928	1
G103	G891	1
G103	G685	1
G103	G308	1
G103	G607	1
G103	G209	1
G103	G159	1
G103	G177	1
G103	G361	1
G103	G757	1
G103	G34	1
G103	G722	1
G103	G121	1
G103	G321	1
G103	G630	1
G103	G371	1
G103	G393	1
G103	G842	1
G103	G664	1
G103	G764	1
G103	G868	1
G103	G284	1
G103	G475	1
G103	G350	1
G103	G784	1
G103	G169	1
G103	G161	1
G103	G324	1
G103	G944	1
G103	G56	1
G103	G221	1
G103	G265	1
G103	G118	1
G103	G577	1
G103	G137	1
G103	G214	1
G103	G567	1
G103	G678	1
G103	G739	1
G103	G377	1
G103	G53	1
G103	G222	1
G103	G244	1
G103	G382	1
G103	G256	1
G103	G42	1
G103	G571	1
G103	G915	1
G103	G897	1
G103	G63	1
G103	G15	1
G103	G646	1
G103	G434	1
G103	G438	1
G103	G367	1
G103	G921	1
G103	G330	1
G103	G252	1
G103	G547	1
G103	G768	1
G103	G325	1
G103	G51	1
G103	G10	1
G103	G649	1
G103	G666	1
G103	G808	1
G103	G466	1
G103	G143	1
G103	G270	1
G103	G946	1
G103	G912	1
G103	G540	1
G103	G750	1
G103	G874	1
G103	G104	1
G103	G152	1
G103	G365	1
G103	G335	1
G103	G751	1
G103	G379	1
G103	G190	1
G103	G271	1
G103	G280	1
G103	G432	1
G103	G824	1
G103	G142	1
G103	G0	1
G103	G424	1
G103	G195	1
G103	G30	1
G103	G375	1
G103	G31	1
G103	G451	1
G103	G812	1
G103	G854	1
G103	G287	1
G103	G409	1
G103	G748	1
G103	G481	1
G103	G182	1
G103	G183	1
G187	G735	1
G187	G478	1
G187	G400	1
G187	G308	1
G187	G607	1
G187	G209	1
G187	G159	1
G187	G177	1
G187	G361	1
G187	G34	1
G187	G722	1
G187	G121	1
G187	G321	1
G187	G371	1
G187	G393	1
G187	G764	1
G187	G284	1
G187	G475	1
G187	G350	1
G187	G784	1
G187	G444	1
G187	G169	1
G187	G161	1
G187	G221	1
G187	G265	1
G187	G377	1
G187	G53	1
G187	G222	1
G187	G244	1
G187	G382	1
G187	G571	1
G187	G63	1
G187	G15	1
G187	G434	1
G187	G438	1
G187	G367	1
G187	G921	1
G187	G330	1
G187	G252	1
G187	G547	1
G187	G649	1
G187	G808	1
G187	G466	1
G187	G143	1
G187	G307	1
G187	G874	1
G187	G104	1
G187	G152	1
G187	G335	1
G187	G751	1
G187	G379	1
G187	G190	1
G187	G271	1
G187	G280	1
G187	G432	1
G187	G824	1
G187	G142	1
G187	G0	1
G187	G424	1
G187	G375	1
G187	G409	1
G187	G481	1
G187	G182	1
G187	G183	1
G114	G735	1
G114	G478	1
G114	G400	1
G114	G308	1
G114	G607	1
G114	G209	1
G114	G159	1
G114	G177	1
G114	G361	1
G114	G34	1
G114	G722	1
G114	G121	1
G114	G321	1
G114	G371	1
G114	G393	1
G114	G764	1
G114	G284	1
G114	G475	1
G114	G350	1
G114	G784	1
G114	G444	1
G114	G169	1
G114	G161	1
G114	G221	1
G114	G265	1
G114	G377	1
G114	G53	1
G114	G222	1
G114	G244	1
G114	G382	1
G114	G571	1
G114	G63	1
G114	G15	1
G114	G434	1
G114	G438	1
G114	G367	1
G114	G921	1
G114	G330	1
G114	G252	1
G114	G547	1
G114	G649	1
G114	G808	1
G114	G466	1
G114	G143	1
G114	G307	1
G114	G874	1
G114	G335	1
G114	G751	1
G114	G379	1
G114	G190	1
G114	G271	1
G114	G280	1
G114	G432	1
G114	G824	1
G114	G142	1
G114	G0	1
G114	G424	1
G114	G409	1
G114	G481	1
G114	G182	1
G114	G183	1
G266	G134	1
G294	G305	1
G294	G321	1
G294	G82	1
G294	G131	1
G294	G70	1
G294	G225	1
G294	G389	1
G277	G685	1
G277	G177	1
G277	G590	1
G277	G104	1
G277	G88	1
G277	G569	1
G277	G484	1
G277	G537	1
G277	G279	1
G71	G542	1
G71	G305	1
G71	G239	1
G71	G832	1
G71	G589	1
G71	G760	1
G71	G37	1
G71	G611	1
G71	G911	1
G71	G595	1
G71	G75	1
G71	G735	1
G71	G633	1
G71	G106	1
G71	G360	1
G71	G14	1
G71	G908	1
G71	G697	1
G71	G400	1
G71	G836	1
G71	G650	1
G71	G655	1
G71	G402	1
G71	G576	1
G71	G492	1
G71	G713	1
G71	G253	1
G71	G308	1
G71	G607	1
G71	G180	1
G71	G64	1
G71	G273	1
G71	G238	1
G71	G122	1
G71	G361	1
G71	G807	1
G71	G778	1
G71	G105	1
G71	G47	1
G71	G171	1
G71	G46	1
G71	G543	1
G71	G939	1
G71	G568	1
G71	G175	1
G71	G131	1
G71	G534	1
G71	G427	1
G71	G907	1
G71	G22	1
G71	G127	1
G71	G371	1
G71	G631	1
G71	G277	1
G71	G358	1
G71	G227	1
G71	G288	1
G71	G231	1
G71	G84	1
G71	G213	1
G71	G70	1
G71	G764	1
G71	G747	1
G71	G494	1
G71	G165	1
G71	G112	1
G71	G36	1
G71	G92	1
G71	G796	1
G71	G313	1
G71	G251	1
G71	G532	1
G71	G58	1
G71	G598	1
G71	G387	1
G71	G545	1
G71	G220	1
G71	G444	1
G71	G169	1
G71	G643	1
G71	G410	1
G71	G324	1
G71	G115	1
G71	G221	1
G71	G265	1
G71	G553	1
G71	G374	1
G71	G483	1
G71	G93	1
G71	G357	1
G71	G905	1
G71	G577	1
G71	G99	1
G71	G176	1
G71	G119	1
G71	G137	1
G71	G433	1
G71	G445	1
G71	G723	1
G71	G289	1
G71	G214	1
G71	G567	1
G71	G132	1
G71	G178	1
G71	G711	1
G71	G616	1
G71	G359	1
G71	G354	1
G71	G300	1
G71	G319	1
G71	G256	1
G71	G8	1
G71	G915	1
G71	G269	1
G71	G72	1
G71	G80	1
G71	G25	1
G71	G134	1
G71	G411	1
G71	G799	1
G71	G452	1
G71	G792	1
G71	G648	1
G71	G501	1
G71	G149	1
G71	G151	1
G71	G242	1
G71	G330	1
G71	G383	1
G71	G743	1
G71	G146	1
G71	G333	1
G71	G172	1
G71	G510	1
G71	G140	1
G71	G33	1
G71	G364	1
G71	G580	1
G71	G157	1
G71	G143	1
G71	G621	1
G71	G554	1
G71	G7	1
G71	G125	1
G71	G9	1
G71	G362	1
G71	G312	1
G71	G170	1
G71	G485	1
G71	G50	1
G71	G344	1
G71	G337	1
G71	G702	1
G71	G719	1
G71	G378	1
G71	G399	1
G71	G152	1
G71	G365	1
G71	G314	1
G71	G390	1
G71	G164	1
G71	G190	1
G71	G271	1
G71	G336	1
G71	G372	1
G71	G432	1
G71	G142	1
G71	G145	1
G71	G77	1
G71	G147	1
G71	G189	1
G71	G97	1
G71	G318	1
G71	G819	1
G71	G59	1
G71	G451	1
G71	G437	1
G71	G391	1
G71	G606	1
G71	G575	1
G71	G573	1
G71	G370	1
G71	G436	1
G71	G429	1
G71	G240	1
G71	G392	1
G71	G458	1
G71	G306	1
G71	G484	1
G71	G472	1
G71	G537	1
G71	G182	1
G71	G163	1
G71	G368	1
G71	G200	1
G71	G416	1
G71	G404	1
G71	G40	1
G71	G124	1
G71	G183	1
G227	G295	1
G227	G178	1
G69	G169	1
G69	G80	1
G231	G152	1
G231	G290	1
G231	G4	1
G413	G474	1
G413	G233	1
G84	G270	1
G393	G529	1
G393	G315	1
G393	G395	1
G393	G655	1
G393	G29	1
G393	G34	1
G393	G213	1
G393	G39	1
G393	G137	1
G393	G744	1
G393	G94	1
G393	G354	1
G393	G130	1
G393	G724	1
G393	G134	1
G393	G152	1
G393	G447	1
G393	G550	1
G393	G661	1
G393	G451	1
G213	G327	1
G213	G615	1
G213	G550	1
G213	G223	1
G278	G605	1
G278	G670	1
G278	G803	1
G278	G535	1
G278	G169	1
G278	G120	1
G278	G83	1
G278	G440	1
G278	G372	1
G278	G212	1
G278	G890	1
G278	G899	1
G70	G321	1
G70	G82	1
G70	G131	1
G70	G294	1
G328	G327	1
G328	G346	1
G328	G562	1
G328	G382	1
G328	G223	1
G328	G279	1
G328	G78	1
G165	G542	1
G165	G611	1
G165	G106	1
G165	G865	1
G165	G64	1
G165	G127	1
G165	G277	1
G165	G525	1
G165	G218	1
G165	G278	1
G165	G664	1
G165	G39	1
G165	G65	1
G165	G523	1
G165	G883	1
G165	G433	1
G165	G445	1
G165	G23	1
G165	G241	1
G165	G768	1
G165	G125	1
G165	G9	1
G165	G945	1
G165	G259	1
G165	G304	1
G165	G17	1
G165	G882	1
G165	G429	1
G165	G458	1
G165	G200	1
G39	G542	1
G39	G611	1
G39	G106	1
G39	G64	1
G39	G127	1
G39	G277	1
G39	G525	1
G39	G278	1
G39	G664	1
G39	G523	1
G39	G883	1
G39	G137	1
G39	G241	1
G39	G125	1
G39	G9	1
G39	G304	1
G39	G882	1
G39	G458	1
G39	G200	1
G112	G137	1
G112	G433	1
G217	G701	1
G217	G305	1
G217	G786	1
G217	G600	1
G217	G37	1
G217	G893	1
G217	G771	1
G217	G489	1
G217	G887	1
G217	G218	1
G217	G465	1
G217	G511	1
G217	G403	1
G217	G598	1
G217	G350	1
G217	G293	1
G217	G374	1
G217	G382	1
G217	G228	1
G217	G636	1
G217	G721	1
G217	G945	1
G217	G814	1
G217	G667	1
G217	G498	1
G217	G152	1
G217	G432	1
G217	G819	1
G217	G88	1
G217	G531	1
G217	G826	1
G217	G16	1
G217	G499	1
G89	G305	1
G89	G600	1
G89	G691	1
G89	G470	1
G89	G771	1
G89	G131	1
G89	G489	1
G89	G887	1
G89	G218	1
G89	G465	1
G89	G479	1
G89	G403	1
G89	G545	1
G89	G350	1
G89	G444	1
G89	G795	1
G89	G293	1
G89	G374	1
G89	G588	1
G89	G222	1
G89	G382	1
G89	G428	1
G89	G25	1
G89	G228	1
G89	G438	1
G89	G913	1
G89	G193	1
G89	G945	1
G89	G755	1
G89	G756	1
G89	G814	1
G89	G498	1
G89	G152	1
G89	G503	1
G89	G356	1
G89	G819	1
G89	G88	1
G89	G531	1
G89	G16	1
G89	G499	1
G89	G788	1
G36	G127	1
G36	G104	1
G36	G152	1
G92	G943	1
G346	G156	1
G346	G106	1
G346	G770	1
G346	G219	1
G346	G872	1
G346	G778	1
G346	G371	1
G346	G887	1
G346	G260	1
G346	G328	1
G346	G403	1
G346	G56	1
G346	G883	1
G346	G374	1
G346	G261	1
G346	G359	1
G346	G438	1
G346	G415	1
G346	G270	1
G346	G355	1
G346	G656	1
G346	G378	1
G346	G152	1
G346	G31	1
G346	G88	1
G346	G391	1
G346	G240	1
G346	G826	1
G346	G279	1
G346	G788	1
G403	G122	1
G123	G651	1
G313	G444	1
G313	G163	1
G65	G176	1
G65	G95	1
G65	G223	1
G251	G104	1
G168	G406	1
G168	G89	1
G168	G284	1
G168	G138	1
G284	G406	1
G284	G273	1
G284	G168	1
G284	G138	1
G58	G152	1
G446	G38	1
G446	G208	1
G446	G85	1
G446	G6	1
G208	G139	1
G208	G273	1
G208	G446	1
G208	G293	1
G208	G137	1
G208	G23	1
G208	G77	1
G233	G413	1
G220	G130	1
G220	G210	1
G220	G104	1
G220	G223	1
G350	G264	1
G264	G350	1
G264	G267	1
G267	G264	1
G339	G811	1
G444	G313	1
G444	G137	1
G444	G157	1
G444	G384	1
G225	G250	1
G225	G106	1
G225	G327	1
G225	G682	1
G225	G673	1
G225	G521	1
G225	G122	1
G225	G34	1
G225	G285	1
G225	G82	1
G225	G131	1
G225	G294	1
G225	G70	1
G225	G389	1
G225	G348	1
G225	G49	1
G225	G228	1
G225	G411	1
G225	G129	1
G225	G418	1
G225	G333	1
G225	G143	1
G225	G282	1
G225	G9	1
G225	G311	1
G225	G207	1
G225	G912	1
G225	G355	1
G225	G154	1
G225	G104	1
G225	G245	1
G225	G88	1
G225	G98	1
G225	G854	1
G225	G436	1
G225	G644	1
G225	G392	1
G225	G279	1
G389	G327	1
G389	G521	1
G389	G122	1
G389	G34	1
G389	G47	1
G389	G131	1
G389	G294	1
G389	G225	1
G389	G348	1
G389	G49	1
G389	G96	1
G389	G411	1
G389	G381	1
G389	G129	1
G389	G143	1
G389	G282	1
G389	G9	1
G389	G311	1
G389	G128	1
G389	G259	1
G389	G391	1
G389	G854	1
G389	G287	1
G348	G225	1
G348	G389	1
G3	G34	1
G3	G732	1
G3	G169	1
G3	G367	1
G3	G104	1
G3	G447	1
G295	G227	1
G295	G571	1
G295	G378	1
G366	G818	1
G107	G400	1
G169	G943	1
G169	G69	1
G169	G278	1
G169	G3	1
G169	G320	1
G169	G137	1
G169	G125	1
G169	G331	1
G169	G223	1
G405	G943	1
G405	G418	1
G405	G152	1
G161	G250	1
G161	G276	1
G161	G83	1
G161	G287	1
G410	G324	1
G324	G410	1
G340	G391	1
G56	G942	1
G56	G542	1
G56	G733	1
G56	G679	1
G56	G38	1
G56	G600	1
G56	G459	1
G56	G595	1
G56	G735	1
G56	G166	1
G56	G469	1
G56	G548	1
G56	G298	1
G56	G708	1
G56	G486	1
G56	G474	1
G56	G849	1
G56	G402	1
G56	G323	1
G56	G64	1
G56	G412	1
G56	G802	1
G56	G803	1
G56	G704	1
G56	G105	1
G56	G82	1
G56	G534	1
G56	G187	1
G56	G520	1
G56	G277	1
G56	G358	1
G56	G69	1
G56	G500	1
G56	G842	1
G56	G818	1
G56	G511	1
G56	G89	1
G56	G346	1
G56	G403	1
G56	G671	1
G56	G475	1
G56	G387	1
G56	G545	1
G56	G3	1
G56	G221	1
G56	G941	1
G56	G749	1
G56	G433	1
G56	G178	1
G56	G698	1
G56	G909	1
G56	G700	1
G56	G94	1
G56	G179	1
G56	G833	1
G56	G879	1
G56	G647	1
G56	G654	1
G56	G428	1
G56	G401	1
G56	G646	1
G56	G72	1
G56	G25	1
G56	G228	1
G56	G236	1
G56	G411	1
G56	G434	1
G56	G913	1
G56	G129	1
G56	G547	1
G56	G584	1
G56	G683	1
G56	G636	1
G56	G125	1
G56	G658	1
G56	G312	1
G56	G344	1
G56	G640	1
G56	G378	1
G56	G104	1
G56	G152	1
G56	G314	1
G56	G245	1
G56	G173	1
G56	G248	1
G56	G17	1
G56	G31	1
G56	G88	1
G56	G812	1
G56	G854	1
G56	G287	1
G56	G569	1
G56	G409	1
G56	G316	1
G56	G407	1
G56	G224	1
G56	G422	1
G221	G159	1
G221	G368	1
G79	G214	1
G79	G300	1
G79	G110	1
G79	G301	1
G79	G368	1
G265	G287	1
G293	G208	1
G374	G304	1
G374	G424	1
G118	G355	1
G118	G424	1
G93	G537	1
G49	G225	1
G49	G389	1
G49	G282	1
G49	G9	1
G345	G25	1
G357	G244	1
G357	G142	1
G357	G287	1
G320	G625	1
G320	G846	1
G320	G66	1
G320	G298	1
G320	G762	1
G320	G782	1
G320	G907	1
G320	G371	1
G320	G231	1
G320	G213	1
G320	G664	1
G320	G889	1
G320	G112	1
G320	G387	1
G320	G169	1
G320	G28	1
G320	G660	1
G320	G226	1
G320	G95	1
G320	G438	1
G320	G367	1
G320	G755	1
G320	G355	1
G320	G530	1
G320	G424	1
G320	G88	1
G320	G813	1
G320	G148	1
G28	G245	1
G176	G65	1
G119	G391	1
G137	G542	1
G137	G651	1
G137	G730	1
G137	G611	1
G137	G689	1
G137	G528	1
G137	G166	1
G137	G106	1
G137	G762	1
G137	G14	1
G137	G844	1
G137	G699	1
G137	G892	1
G137	G865	1
G137	G650	1
G137	G655	1
G137	G323	1
G137	G64	1
G137	G43	1
G433	G542	1
G433	G611	1
G433	G66	1
G433	G106	1
G433	G327	1
G433	G865	1
G433	G323	1
G433	G64	1
G433	G105	1
G433	G127	1
G433	G277	1
G433	G525	1
G433	G218	1
G433	G278	1
G433	G165	1
G433	G112	1
G433	G65	1
G433	G523	1
G433	G883	1
G433	G445	1
G433	G23	1
G433	G354	1
G433	G241	1
G137	G907	1
G433	G768	1
G137	G127	1
G433	G125	1
G433	G9	1
G433	G945	1
G433	G152	1
G433	G259	1
G433	G304	1
G433	G17	1
G433	G882	1
G433	G429	1
G433	G458	1
G433	G200	1
G137	G277	1
G137	G525	1
G137	G71	1
G137	G69	1
G137	G218	1
G137	G260	1
G137	G278	1
G137	G889	1
G137	G165	1
G137	G112	1
G137	G65	1
G137	G523	1
G137	G208	1
G137	G936	1
G137	G444	1
G137	G169	1
G137	G410	1
G137	G883	1
G137	G593	1
G137	G628	1
G137	G119	1
G137	G433	1
G137	G445	1
G137	G289	1
G137	G23	1
G137	G926	1
G137	G744	1
G137	G94	1
G137	G359	1
G137	G354	1
G137	G602	1
G137	G647	1
G137	G96	1
G137	G52	1
G137	G428	1
G137	G850	1
G137	G236	1
G137	G134	1
G137	G411	1
G137	G632	1
G137	G434	1
G137	G241	1
G137	G367	1
G137	G252	1
G137	G768	1
G137	G510	1
G137	G57	1
G137	G518	1
G137	G591	1
G137	G188	1
G137	G853	1
G137	G7	1
G137	G9	1
G137	G362	1
G137	G945	1
G137	G311	1
G137	G128	1
G137	G814	1
G137	G790	1
G137	G399	1
G137	G693	1
G137	G104	1
G137	G152	1
G137	G259	1
G137	G550	1
G137	G280	1
G137	G189	1
G137	G304	1
G137	G424	1
G137	G17	1
G137	G59	1
G137	G451	1
G137	G88	1
G137	G482	1
G137	G370	1
G137	G882	1
G137	G854	1
G137	G429	1
G137	G794	1
G137	G45	1
G137	G458	1
G137	G200	1
G137	G263	1
G137	G32	1
G445	G713	1
G445	G439	1
G445	G740	1
G214	G943	1
G214	G79	1
G214	G354	1
G214	G104	1
G23	G208	1
G178	G227	1
G178	G287	1
G48	G788	1
G94	G393	1
G94	G137	1
G94	G259	1
G354	G395	1
G354	G655	1
G300	G79	1
G300	G133	1
G319	G360	1
G439	G456	1
G439	G655	1
G439	G445	1
G439	G377	1
G439	G53	1
G439	G222	1
G439	G244	1
G439	G382	1
G439	G434	1
G439	G501	1
G439	G922	1
G377	G917	1
G377	G439	1
G377	G53	1
G377	G222	1
G377	G244	1
G377	G382	1
G377	G434	1
G377	G501	1
G377	G922	1
G377	G430	1
G53	G943	1
G53	G439	1
G53	G377	1
G53	G244	1
G53	G382	1
G53	G256	1
G53	G434	1
G53	G501	1
G53	G234	1
G53	G430	1
G222	G439	1
G222	G377	1
G222	G382	1
G222	G434	1
G222	G501	1
G244	G475	1
G244	G357	1
G244	G439	1
G244	G377	1
G244	G53	1
G244	G382	1
G244	G256	1
G244	G434	1
G244	G501	1
G382	G328	1
G382	G439	1
G382	G377	1
G382	G53	1
G382	G222	1
G382	G244	1
G382	G256	1
G382	G434	1
G382	G501	1
G382	G922	1
G256	G53	1
G256	G244	1
G256	G382	1
G179	G56	1
G179	G134	1
G179	G245	1
G42	G327	1
G42	G235	1
G42	G380	1
G42	G391	1
G95	G846	1
G95	G608	1
G95	G943	1
G95	G65	1
G95	G687	1
G95	G104	1
G247	G785	1
G269	G152	1
G96	G389	1
G96	G130	1
G96	G15	1
G52	G137	1
G52	G921	1
G63	G151	1
G63	G133	1
G130	G875	1
G130	G800	1
G130	G605	1
G130	G679	1
G130	G206	1
G130	G823	1
G130	G832	1
G130	G786	1
G130	G651	1
G130	G916	1
G130	G600	1
G130	G586	1
G130	G730	1
G130	G476	1
G130	G578	1
G130	G250	1
G130	G689	1
G130	G100	1
G130	G528	1
G130	G166	1
G130	G497	1
G130	G506	1
G130	G645	1
G130	G633	1
G130	G191	1
G130	G106	1
G130	G570	1
G130	G274	1
G130	G619	1
G130	G581	1
G414	G130	1
G414	G234	1
G130	G360	1
G130	G327	1
G130	G315	1
G130	G555	1
G130	G219	1
G130	G908	1
G130	G782	1
G130	G676	1
G130	G641	1
G130	G486	1
G130	G474	1
G130	G400	1
G130	G943	1
G130	G425	1
G130	G765	1
G130	G5	1
G130	G576	1
G130	G253	1
G130	G845	1
G130	G891	1
G130	G685	1
G130	G613	1
G130	G622	1
G130	G771	1
G130	G29	1
G130	G696	1
G130	G273	1
G130	G43	1
G130	G209	1
G130	G159	1
G130	G807	1
G130	G216	1
G130	G34	1
G130	G878	1
G130	G722	1
G130	G105	1
G130	G47	1
G130	G732	1
G130	G171	1
G130	G102	1
G130	G121	1
G130	G583	1
G130	G543	1
G130	G175	1
G130	G82	1
G130	G534	1
G130	G560	1
G130	G772	1
G130	G127	1
G130	G630	1
G130	G187	1
G130	G597	1
G130	G887	1
G130	G525	1
G130	G227	1
G130	G158	1
G130	G288	1
G130	G413	1
G130	G167	1
G130	G213	1
G130	G278	1
G130	G680	1
G130	G868	1
G130	G546	1
G130	G39	1
G130	G217	1
G130	G36	1
G130	G403	1
G130	G81	1
G130	G796	1
G130	G313	1
G130	G532	1
G130	G475	1
G130	G714	1
G130	G233	1
G130	G220	1
G130	G350	1
G130	G264	1
G130	G936	1
G130	G535	1
G130	G44	1
G130	G169	1
G130	G324	1
G130	G774	1
G130	G944	1
G130	G115	1
G130	G79	1
G130	G396	1
G130	G265	1
G130	G883	1
G130	G118	1
G130	G717	1
G130	G767	1
G130	G93	1
G130	G593	1
G130	G49	1
G130	G357	1
G130	G901	1
G130	G420	1
G130	G28	1
G130	G577	1
G130	G99	1
G130	G176	1
G130	G137	1
G130	G433	1
G130	G214	1
G130	G588	1
G130	G698	1
G130	G926	1
G130	G817	1
G130	G711	1
G130	G226	1
G130	G678	1
G130	G739	1
G130	G359	1
G130	G300	1
G130	G377	1
G130	G222	1
G130	G382	1
G130	G256	1
G130	G417	1
G130	G495	1
G130	G895	1
G130	G915	1
G130	G448	1
G130	G269	1
G130	G647	1
G130	G897	1
G130	G654	1
G130	G96	1
G130	G52	1
G130	G63	1
G130	G414	1
G130	G141	1
G130	G720	1
G130	G80	1
G130	G237	1
G15	G96	1
G130	G831	1
G130	G126	1
G130	G947	1
G130	G228	1
G130	G343	1
G130	G799	1
G130	G467	1
G130	G687	1
G15	G163	1
G130	G501	1
G130	G381	1
G130	G919	1
G130	G151	1
G130	G539	1
G130	G241	1
G130	G129	1
G130	G210	1
G130	G418	1
G130	G172	1
G130	G922	1
G130	G140	1
G130	G740	1
G130	G232	1
G130	G255	1
G130	G431	1
G130	G325	1
G130	G91	1
G130	G33	1
G130	G10	1
G130	G193	1
G130	G276	1
G130	G450	1
G130	G649	1
G130	G517	1
G130	G466	1
G130	G591	1
G130	G549	1
G130	G143	1
G130	G621	1
G130	G188	1
G130	G636	1
G130	G587	1
G130	G721	1
G130	G307	1
G130	G7	1
G130	G125	1
G130	G282	1
G130	G362	1
G130	G946	1
G130	G912	1
G130	G128	1
G130	G755	1
G130	G462	1
G130	G50	1
G130	G302	1
G130	G331	1
G130	G814	1
G130	G927	1
G130	G635	1
G130	G656	1
G130	G498	1
G130	G640	1
G130	G615	1
G130	G378	1
G130	G104	1
G130	G152	1
G130	G365	1
G130	G73	1
G130	G369	1
G130	G12	1
G130	G280	1
G130	G336	1
G130	G185	1
G130	G234	1
G130	G824	1
G130	G637	1
G130	G780	1
G130	G145	1
G130	G215	1
G130	G85	1
G130	G11	1
G130	G356	1
G130	G310	1
G130	G189	1
G130	G304	1
G130	G248	1
G130	G97	1
G130	G17	1
G130	G195	1
G130	G715	1
G130	G98	1
G130	G437	1
G130	G68	1
G130	G575	1
G130	G690	1
G130	G573	1
G130	G813	1
G130	G370	1
G130	G882	1
G130	G794	1
G130	G45	1
G130	G392	1
G130	G299	1
G130	G133	1
G130	G306	1
G130	G639	1
G130	G773	1
G130	G409	1
G130	G638	1
G130	G877	1
G130	G117	1
G130	G777	1
G130	G461	1
G130	G86	1
G130	G537	1
G130	G182	1
G130	G870	1
G130	G368	1
G130	G338	1
G130	G200	1
G130	G230	1
G130	G544	1
G130	G74	1
G130	G398	1
G130	G2	1
G130	G373	1
G130	G124	1
G130	G18	1
G130	G224	1
G130	G183	1
G130	G422	1
G130	G32	1
G141	G443	1
G141	G182	1
G428	G139	1
G428	G395	1
G428	G323	1
G428	G171	1
G428	G89	1
G428	G56	1
G428	G137	1
G428	G354	1
G428	G162	1
G428	G236	1
G428	G134	1
G428	G364	1
G428	G125	1
G428	G335	1
G428	G223	1
G428	G318	1
G428	G391	1
G401	G402	1
G401	G56	1
G401	G25	1
G401	G134	1
G401	G151	1
G401	G362	1
G401	G104	1
G401	G152	1
G401	G391	1
G401	G443	1
G401	G182	1
G72	G62	1
G72	G71	1
G72	G167	1
G72	G374	1
G72	G228	1
G72	G709	1
G72	G145	1
G80	G548	1
G80	G219	1
G80	G425	1
G80	G765	1
G80	G891	1
G80	G308	1
G80	G105	1
G80	G898	1
G80	G127	1
G80	G388	1
G80	G69	1
G80	G84	1
G80	G405	1
G80	G320	1
G80	G130	1
G80	G785	1
G80	G467	1
G80	G381	1
G80	G252	1
G80	G547	1
G80	G108	1
G80	G104	1
G80	G424	1
G80	G287	1
G80	G457	1
G80	G368	1
G237	G746	1
G341	G478	1
G341	G32	1
G275	G261	1
G275	G311	1
G126	G943	1
G126	G151	1
G126	G922	1
G126	G310	1
G126	G287	1
G25	G345	1
G25	G401	1
G25	G411	1
G25	G364	1
G25	G378	1
G162	G428	1
G228	G298	1
G228	G191	1
G228	G610	1
G228	G734	1
G228	G594	1
G228	G103	1
G228	G168	1
G228	G225	1
G228	G236	1
G228	G134	1
G228	G197	1
G228	G399	1
G228	G451	1
G228	G240	1
G228	G877	1
G236	G428	1
G236	G228	1
G236	G134	1
G236	G391	1
G134	G206	1
G134	G402	1
G134	G273	1
G134	G858	1
G134	G102	1
G134	G103	1
G134	G266	1
G134	G403	1
G134	G44	1
G134	G161	1
G134	G265	1
G134	G137	1
G134	G811	1
G134	G94	1
G134	G354	1
G134	G382	1
G134	G179	1
G134	G428	1
G134	G401	1
G134	G25	1
G134	G228	1
G134	G236	1
G134	G411	1
G134	G116	1
G134	G276	1
G134	G518	1
G134	G666	1
G134	G853	1
G134	G658	1
G134	G540	1
G134	G640	1
G134	G152	1
G134	G254	1
G134	G365	1
G134	G19	1
G134	G335	1
G134	G424	1
G134	G229	1
G134	G316	1
G134	G279	1
G197	G471	1
G197	G411	1
G197	G325	1
G411	G139	1
G411	G713	1
G411	G122	1
G411	G225	1
G411	G389	1
G411	G56	1
G411	G137	1
G411	G25	1
G411	G134	1
G411	G197	1
G411	G364	1
G411	G391	1
G434	G439	1
G434	G377	1
G434	G53	1
G434	G222	1
G434	G244	1
G434	G382	1
G434	G501	1
G434	G443	1
G438	G89	1
G381	G389	1
G149	G557	1
G149	G104	1
G151	G63	1
G151	G401	1
G151	G126	1
G151	G921	1
G151	G276	1
G151	G424	1
G151	G287	1
G151	G443	1
G151	G182	1
G241	G156	1
G241	G60	1
G367	G592	1
G367	G21	1
G367	G393	1
G367	G213	1
G367	G403	1
G367	G136	1
G367	G109	1
G367	G3	1
G367	G293	1
G367	G176	1
G367	G95	1
G367	G342	1
G367	G149	1
G367	G116	1
G367	G426	1
G367	G862	1
G367	G365	1
G367	G145	1
G367	G77	1
G367	G424	1
G367	G870	1
G367	G148	1
G367	G13	1
G367	G74	1
G116	G156	1
G116	G542	1
G116	G298	1
G116	G106	1
G116	G570	1
G116	G865	1
G116	G460	1
G116	G523	1
G116	G99	1
G116	G95	1
G116	G134	1
G116	G367	1
G116	G488	1
G116	G255	1
G116	G11	1
G116	G639	1
G116	G816	1
G20	G302	1
G252	G890	1
G129	G225	1
G129	G389	1
G129	G143	1
G210	G220	1
G210	G130	1
G210	G245	1
G418	G225	1
G418	G405	1
G418	G130	1
G418	G399	1
G418	G104	1
G418	G152	1
G418	G245	1
G418	G148	1
G146	G71	1
G333	G225	1
G232	G431	1
G255	G57	1
G255	G431	1
G57	G255	1
G431	G232	1
G431	G255	1
G317	G235	1
G317	G325	1
G317	G33	1
G325	G197	1
G325	G317	1
G325	G120	1
G325	G334	1
G325	G33	1
G51	G120	1
G120	G278	1
G120	G325	1
G120	G51	1
G334	G327	1
G334	G325	1
G33	G317	1
G33	G325	1
G10	G193	1
G193	G10	1
G276	G38	1
G276	G888	1
G276	G471	1
G276	G846	1
G276	G528	1
G276	G166	1
G276	G66	1
G276	G106	1
G276	G406	1
G276	G708	1
G276	G327	1
G276	G349	1
G276	G235	1
G276	G673	1
G276	G521	1
G276	G323	1
G276	G872	1
G276	G802	1
G276	G196	1
G276	G34	1
G276	G82	1
G276	G898	1
G276	G69	1
G276	G695	1
G276	G393	1
G276	G167	1
G276	G851	1
G276	G217	1
G276	G89	1
G276	G403	1
G276	G136	1
G276	G822	1
G276	G936	1
G276	G444	1
G276	G225	1
G276	G169	1
G276	G405	1
G276	G161	1
G276	G202	1
G276	G804	1
G276	G374	1
G276	G49	1
G276	G176	1
G276	G433	1
G276	G226	1
G276	G738	1
G276	G94	1
G276	G258	1
G276	G95	1
G276	G654	1
G276	G130	1
G276	G15	1
G276	G141	1
G276	G342	1
G276	G194	1
G276	G785	1
G276	G228	1
G276	G134	1
G276	G799	1
G276	G604	1
G276	G438	1
G276	G151	1
G276	G367	1
G276	G333	1
G276	G510	1
G276	G712	1
G276	G415	1
G276	G292	1
G276	G125	1
G276	G9	1
G276	G355	1
G276	G101	1
G276	G656	1
G276	G862	1
G276	G579	1
G276	G104	1
G276	G152	1
G276	G254	1
G276	G12	1
G276	G390	1
G276	G432	1
G276	G245	1
G276	G309	1
G276	G11	1
G276	G424	1
G276	G182	1
G276	G148	1
G276	G74	1
G83	G66	1
G83	G406	1
G83	G872	1
G83	G802	1
G83	G34	1
G83	G82	1
G83	G898	1
G83	G69	1
G83	G278	1
G83	G851	1
G83	G217	1
G83	G169	1
G83	G161	1
G83	G202	1
G83	G804	1
G83	G49	1
G83	G226	1
G83	G95	1
G83	G654	1
G83	G141	1
G83	G367	1
G83	G415	1
G83	G125	1
G83	G101	1
G83	G656	1
G83	G104	1
G83	G152	1
G83	G309	1
G83	G424	1
G83	G148	1
G83	G74	1
G364	G776	1
G364	G733	1
G364	G911	1
G364	G846	1
G364	G395	1
G364	G630	1
G364	G465	1
G364	G511	1
G364	G758	1
G364	G354	1
G364	G130	1
G364	G428	1
G364	G25	1
G364	G411	1
G364	G144	1
G415	G38	1
G157	G444	1
G157	G271	1
G143	G608	1
G143	G943	1
G143	G655	1
G143	G225	1
G143	G389	1
G143	G811	1
G143	G921	1
G143	G129	1
G270	G487	1
G270	G586	1
G270	G521	1
G270	G84	1
G270	G287	1
G270	G182	1
G307	G728	1
G307	G327	1
G307	G315	1
G307	G928	1
G307	G680	1
G307	G871	1
G307	G554	1
G307	G292	1
G307	G287	1
G292	G307	1
G125	G395	1
G125	G64	1
G125	G169	1
G125	G137	1
G125	G23	1
G125	G354	1
G125	G428	1
G125	G152	1
G282	G305	1
G282	G327	1
G282	G225	1
G282	G389	1
G282	G49	1
G282	G9	1
G282	G182	1
G9	G327	1
G9	G225	1
G9	G389	1
G9	G49	1
G9	G282	1
G362	G137	1
G362	G401	1
G110	G79	1
G311	G122	1
G311	G225	1
G311	G389	1
G311	G275	1
G312	G75	1
G312	G844	1
G312	G845	1
G312	G308	1
G312	G858	1
G312	G734	1
G312	G82	1
G312	G887	1
G312	G71	1
G312	G388	1
G312	G231	1
G312	G278	1
G312	G718	1
G312	G444	1
G312	G265	1
G312	G28	1
G312	G739	1
G312	G513	1
G312	G830	1
G312	G861	1
G312	G947	1
G312	G411	1
G312	G452	1
G312	G752	1
G312	G193	1
G312	G276	1
G312	G125	1
G312	G814	1
G312	G927	1
G312	G863	1
G312	G12	1
G312	G88	1
G312	G606	1
G312	G392	1
G312	G638	1
G312	G493	1
G312	G906	1
G312	G138	1
G312	G24	1
G312	G422	1
G207	G327	1
G207	G395	1
G207	G655	1
G207	G402	1
G207	G225	1
G207	G921	1
G207	G946	1
G128	G170	1
G170	G128	1
G302	G20	1
G331	G169	1
G397	G336	1
G344	G542	1
G344	G283	1
G344	G38	1
G344	G633	1
G344	G298	1
G344	G106	1
G344	G865	1
G344	G707	1
G344	G62	1
G344	G105	1
G344	G734	1
G344	G131	1
G344	G796	1
G344	G339	1
G344	G265	1
G344	G48	1
G344	G319	1
G344	G342	1
G344	G134	1
G344	G623	1
G344	G116	1
G344	G108	1
G344	G12	1
G344	G164	1
G344	G430	1
G344	G240	1
G344	G392	1
G344	G16	1
G344	G138	1
G344	G18	1
G355	G402	1
G355	G225	1
G355	G118	1
G355	G174	1
G355	G304	1
G355	G424	1
G355	G111	1
G355	G279	1
G337	G605	1
G337	G543	1
G337	G154	1
G337	G248	1
G154	G907	1
G154	G225	1
G154	G337	1
G440	G278	1
G378	G346	1
G378	G295	1
G378	G56	1
G378	G25	1
G399	G100	1
G399	G676	1
G399	G418	1
G399	G104	1
G399	G152	1
G399	G661	1
G399	G133	1
G399	G182	1
G399	G76	1
G104	G327	1
G104	G655	1
G104	G323	1
G104	G196	1
G104	G103	1
G104	G187	1
G104	G277	1
G104	G36	1
G104	G251	1
G104	G220	1
G104	G225	1
G104	G3	1
G104	G56	1
G104	G137	1
G104	G214	1
G104	G616	1
G104	G354	1
G104	G95	1
G104	G130	1
G104	G401	1
G104	G149	1
G104	G418	1
G104	G333	1
G104	G721	1
G104	G399	1
G104	G152	1
G104	G375	1
G104	G88	1
G104	G536	1
G104	G287	1
G152	G888	1
G152	G37	1
G152	G805	1
G152	G66	1
G152	G327	1
G152	G315	1
G152	G610	1
G152	G655	1
G152	G196	1
G152	G171	1
G152	G103	1
G152	G187	1
G152	G231	1
G152	G393	1
G152	G36	1
G152	G346	1
G152	G58	1
G152	G405	1
G152	G56	1
G152	G433	1
G152	G926	1
G152	G354	1
G152	G269	1
G152	G401	1
G152	G134	1
G152	G418	1
G152	G333	1
G152	G125	1
G152	G399	1
G152	G104	1
G152	G375	1
G152	G59	1
G152	G98	1
G152	G287	1
G152	G182	1
G152	G368	1
G152	G279	1
G152	G869	1
G254	G329	1
G254	G374	1
G254	G118	1
G254	G354	1
G254	G212	1
G365	G605	1
G365	G139	1
G365	G385	1
G365	G327	1
G365	G273	1
G365	G134	1
G365	G367	1
G365	G19	1
G365	G335	1
G365	G245	1
G365	G287	1
G259	G273	1
G259	G131	1
G259	G389	1
G259	G94	1
G19	G134	1
G19	G365	1
G335	G385	1
G335	G428	1
G335	G134	1
G335	G365	1
G369	G47	1
G369	G659	1
G369	G113	1
G113	G47	1
G113	G441	1
G113	G659	1
G113	G369	1
G390	G276	1
G390	G83	1
G447	G400	1
G447	G3	1
G164	G184	1
G223	G542	1
G223	G800	1
G223	G625	1
G223	G611	1
G223	G846	1
G223	G688	1
G223	G66	1
G223	G908	1
G223	G400	1
G223	G836	1
G223	G610	1
G223	G184	1
G223	G62	1
G223	G928	1
G223	G209	1
G223	G778	1
G223	G71	1
G223	G227	1
G223	G218	1
G223	G213	1
G223	G842	1
G223	G868	1
G223	G165	1
G223	G112	1
G223	G403	1
G223	G65	1
G223	G519	1
G223	G822	1
G223	G220	1
G223	G339	1
G223	G295	1
G223	G169	1
G223	G766	1
G223	G660	1
G223	G628	1
G223	G433	1
G223	G300	1
G223	G563	1
G223	G428	1
G223	G192	1
G223	G724	1
G223	G228	1
G223	G236	1
G223	G149	1
G223	G367	1
G223	G116	1
G223	G242	1
G223	G330	1
G223	G415	1
G223	G755	1
G223	G50	1
G223	G927	1
G223	G234	1
G223	G142	1
G223	G77	1
G223	G304	1
G223	G424	1
G223	G464	1
G223	G458	1
G223	G627	1
G223	G200	1
G223	G74	1
G223	G183	1
G223	G741	1
G190	G121	1
G271	G441	1
G271	G157	1
G271	G310	1
G271	G306	1
G280	G441	1
G280	G306	1
G280	G41	1
G301	G441	1
G301	G79	1
G336	G397	1
G372	G278	1
G234	G53	1
G234	G414	1
G234	G223	1
G245	G542	1
G245	G283	1
G245	G600	1
G245	G487	1
G245	G528	1
G245	G106	1
G245	G844	1
G245	G395	1
G245	G845	1
G245	G704	1
G245	G46	1
G245	G71	1
G245	G227	1
G245	G260	1
G245	G664	1
G245	G827	1
G245	G403	1
G245	G225	1
G245	G118	1
G245	G28	1
G245	G628	1
G245	G137	1
G245	G23	1
G245	G179	1
G245	G654	1
G245	G130	1
G245	G134	1
G245	G501	1
G245	G210	1
G245	G418	1
G245	G415	1
G245	G125	1
G245	G128	1
G245	G426	1
G245	G365	1
G245	G372	1
G245	G424	1
G245	G30	1
G245	G31	1
G245	G627	1
G245	G826	1
G245	G617	1
G245	G76	1
G245	G148	1
G173	G56	1
G173	G921	1
G430	G377	1
G430	G53	1
G212	G278	1
G212	G254	1
G142	G357	1
G142	G287	1
G145	G77	1
G145	G85	1
G145	G0	1
G90	G215	1
G90	G287	1
G215	G130	1
G215	G90	1
G215	G287	1
G77	G208	1
G77	G145	1
G77	G85	1
G77	G0	1
G85	G446	1
G85	G145	1
G85	G77	1
G85	G0	1
G0	G139	1
G0	G145	1
G0	G77	1
G0	G85	1
G174	G127	1
G174	G355	1
G174	G287	1
G54	G416	1
G6	G446	1
G290	G231	1
G290	G4	1
G4	G231	1
G4	G290	1
G4	G380	1
G380	G42	1
G380	G4	1
G310	G253	1
G310	G126	1
G310	G271	1
G304	G542	1
G304	G823	1
G304	G283	1
G304	G578	1
G304	G735	1
G304	G892	1
G304	G105	1
G304	G82	1
G304	G907	1
G304	G541	1
G304	G898	1
G304	G127	1
G304	G388	1
G304	G67	1
G304	G231	1
G304	G393	1
G304	G213	1
G304	G1	1
G304	G403	1
G304	G460	1
G304	G56	1
G304	G374	1
G304	G118	1
G304	G817	1
G304	G354	1
G304	G95	1
G304	G141	1
G304	G820	1
G304	G604	1
G304	G768	1
G304	G333	1
G304	G57	1
G304	G364	1
G304	G518	1
G304	G517	1
G304	G50	1
G304	G355	1
G304	G719	1
G304	G254	1
G304	G223	1
G304	G432	1
G304	G31	1
G304	G88	1
G304	G644	1
G304	G279	1
G304	G41	1
G424	G105	1
G424	G246	1
G424	G67	1
G424	G1	1
G424	G839	1
G424	G169	1
G424	G374	1
G424	G118	1
G424	G141	1
G424	G151	1
G424	G50	1
G424	G331	1
G424	G355	1
G424	G152	1
G424	G254	1
G424	G443	1
G424	G182	1
G248	G619	1
G248	G395	1
G248	G122	1
G248	G39	1
G248	G137	1
G248	G130	1
G248	G337	1
G17	G921	1
G318	G428	1
G30	G153	1
G30	G542	1
G30	G800	1
G30	G625	1
G30	G679	1
G30	G651	1
G30	G37	1
G30	G730	1
G30	G578	1
G30	G846	1
G30	G100	1
G30	G592	1
G30	G528	1
G30	G66	1
G30	G645	1
G30	G315	1
G30	G762	1
G30	G673	1
G30	G641	1
G30	G486	1
G30	G26	1
G30	G21	1
G30	G353	1
G30	G685	1
G30	G323	1
G30	G122	1
G30	G778	1
G30	G171	1
G30	G102	1
G30	G772	1
G30	G864	1
G30	G630	1
G30	G294	1
G30	G887	1
G30	G67	1
G30	G851	1
G30	G112	1
G30	G36	1
G30	G346	1
G30	G856	1
G30	G634	1
G30	G421	1
G30	G598	1
G30	G545	1
G30	G339	1
G30	G169	1
G30	G643	1
G30	G894	1
G30	G396	1
G30	G553	1
G30	G118	1
G30	G601	1
G30	G320	1
G30	G660	1
G30	G562	1
G30	G628	1
G30	G176	1
G30	G433	1
G30	G445	1
G30	G698	1
G30	G582	1
G30	G394	1
G30	G616	1
G30	G300	1
G30	G319	1
G30	G439	1
G30	G377	1
G30	G571	1
G30	G495	1
G30	G508	1
G30	G585	1
G30	G646	1
G30	G275	1
G30	G947	1
G30	G25	1
G30	G236	1
G30	G134	1
G30	G343	1
G30	G434	1
G30	G151	1
G30	G913	1
G30	G172	1
G30	G140	1
G30	G255	1
G30	G334	1
G30	G33	1
G30	G276	1
G30	G83	1
G30	G666	1
G30	G143	1
G30	G636	1
G30	G7	1
G30	G311	1
G30	G312	1
G30	G302	1
G30	G814	1
G30	G154	1
G30	G750	1
G30	G527	1
G30	G426	1
G30	G640	1
G30	G615	1
G30	G399	1
G30	G530	1
G30	G515	1
G30	G19	1
G30	G314	1
G30	G223	1
G30	G372	1
G30	G694	1
G30	G815	1
G30	G145	1
G30	G309	1
G30	G11	1
G30	G318	1
G30	G195	1
G30	G746	1
G30	G451	1
G30	G88	1
G30	G606	1
G30	G509	1
G30	G882	1
G30	G854	1
G30	G287	1
G30	G794	1
G30	G240	1
G30	G45	1
G30	G458	1
G30	G783	1
G30	G638	1
G30	G559	1
G30	G870	1
G30	G368	1
G30	G869	1
G30	G416	1
G30	G138	1
G30	G201	1
G30	G186	1
G375	G371	1
G375	G103	1
G375	G187	1
G375	G130	1
G375	G104	1
G375	G152	1
G31	G371	1
G31	G103	1
G31	G130	1
G59	G371	1
G59	G152	1
G88	G625	1
G88	G238	1
G88	G122	1
G88	G277	1
G88	G597	1
G88	G388	1
G88	G822	1
G88	G225	1
G88	G374	1
G88	G901	1
G88	G320	1
G88	G99	1
G88	G286	1
G88	G137	1
G88	G354	1
G88	G95	1
G88	G236	1
G88	G659	1
G88	G104	1
G88	G336	1
G88	G234	1
G88	G98	1
G88	G484	1
G98	G225	1
G98	G152	1
G391	G219	1
G391	G395	1
G391	G29	1
G391	G346	1
G391	G389	1
G391	G340	1
G391	G119	1
G391	G42	1
G391	G428	1
G391	G401	1
G391	G236	1
G391	G411	1
G391	G287	1
G391	G299	1
G391	G422	1
G68	G928	1
G68	G935	1
G436	G225	1
G436	G854	1
G436	G287	1
G436	G443	1
G429	G43	1
G429	G907	1
G429	G388	1
G429	G67	1
G429	G868	1
G429	G165	1
G429	G403	1
G429	G577	1
G429	G937	1
G429	G333	1
G429	G440	1
G429	G19	1
G429	G164	1
G429	G424	1
G429	G287	1
G287	G611	1
G287	G250	1
G287	G548	1
G287	G728	1
G287	G555	1
G287	G219	1
G287	G402	1
G287	G425	1
G287	G29	1
G287	G323	1
G287	G34	1
G287	G858	1
G287	G171	1
G287	G46	1
G287	G326	1
G287	G103	1
G287	G187	1
G287	G277	1
G287	G227	1
G287	G695	1
G287	G393	1
G287	G213	1
G287	G260	1
G287	G764	1
G287	G225	1
G287	G389	1
G287	G161	1
G287	G324	1
G287	G265	1
G287	G357	1
G287	G178	1
G287	G811	1
G287	G582	1
G287	G394	1
G287	G616	1
G287	G354	1
G287	G439	1
G287	G915	1
G287	G830	1
G287	G342	1
G287	G80	1
G287	G831	1
G287	G126	1
G287	G947	1
G287	G134	1
G287	G590	1
G287	G151	1
G287	G921	1
G287	G252	1
G287	G518	1
G287	G649	1
G287	G150	1
G287	G580	1
G287	G307	1
G287	G814	1
G287	G750	1
G287	G101	1
G287	G378	1
G287	G104	1
G287	G365	1
G287	G379	1
G287	G824	1
G287	G142	1
G287	G90	1
G287	G215	1
G287	G77	1
G287	G174	1
G287	G248	1
G287	G30	1
G287	G375	1
G287	G451	1
G287	G88	1
G287	G391	1
G287	G812	1
G287	G854	1
G287	G436	1
G287	G429	1
G287	G240	1
G287	G890	1
G287	G617	1
G287	G443	1
G287	G182	1
G287	G368	1
G287	G76	1
G287	G416	1
G287	G18	1
G199	G890	1
G392	G321	1
G392	G225	1
G392	G279	1
G229	G400	1
G229	G253	1
G229	G134	1
G229	G352	1
G229	G24	1
G299	G785	1
G299	G391	1
G299	G777	1
G133	G127	1
G133	G300	1
G133	G63	1
G133	G399	1
G111	G355	1
G86	G156	1
G86	G699	1
G86	G778	1
G86	G82	1
G86	G127	1
G86	G388	1
G86	G69	1
G86	G403	1
G86	G894	1
G86	G135	1
G86	G439	1
G86	G244	1
G86	G401	1
G86	G228	1
G86	G343	1
G86	G449	1
G86	G125	1
G86	G355	1
G86	G271	1
G86	G280	1
G86	G824	1
G86	G88	1
G86	G45	1
G86	G279	1
G443	G141	1
G443	G401	1
G443	G434	1
G443	G151	1
G443	G921	1
G443	G923	1
G443	G424	1
G443	G436	1
G443	G182	1
G182	G250	1
G182	G184	1
G182	G928	1
G182	G262	1
G182	G141	1
G182	G401	1
G182	G590	1
G182	G151	1
G182	G921	1
G182	G276	1
G182	G270	1
G182	G282	1
G182	G923	1
G182	G399	1
G182	G152	1
G182	G424	1
G182	G287	1
G182	G443	1
G163	G313	1
G163	G15	1
G368	G221	1
G368	G79	1
G368	G354	1
G368	G80	1
G368	G921	1
G368	G152	1
G368	G287	1
G279	G943	1
G279	G713	1
G279	G277	1
G279	G328	1
G279	G225	1
G279	G134	1
G279	G590	1
G279	G752	1
G279	G355	1
G279	G152	1
G279	G746	1
G279	G392	1
G76	G399	1
G148	G418	1
G200	G354	1
G416	G590	1
G416	G54	1
G416	G746	1
G416	G287	1
G138	G770	1
G138	G810	1
G138	G159	1
G138	G421	1
G138	G168	1
G138	G284	1
G138	G795	1
G138	G261	1
G138	G228	1
G138	G172	1
G138	G518	1
G138	G125	1
G138	G355	1
G138	G234	1
G138	G644	1
G138	G240	1
G352	G229	1
G78	G328	1
G24	G229	1
G422	G56	1
G422	G391	1
G32	G341	1
G41	G280	1
G41	G306	1
G402	G733	1
G402	G618	1
G402	G761	1
G402	G699	1
G402	G568	1
G402	G262	1
G402	G231	1
G402	G479	1
G402	G89	1
G402	G3	1
G402	G286	1
G402	G119	1
G402	G937	1
G402	G616	1
G402	G654	1
G402	G342	1
G402	G533	1
G402	G808	1
G402	G636	1
G402	G311	1
G402	G755	1
G402	G344	1
G402	G640	1
G402	G491	1
G402	G152	1
G402	G482	1
G402	G370	1
G402	G627	1
G402	G279	1
G103	G106	1
G103	G315	1
G103	G349	1
G103	G886	1
G103	G732	1
G103	G939	1
G103	G594	1
G103	G351	1
G103	G231	1
G103	G92	1
G103	G860	1
G103	G366	1
G103	G115	1
G103	G357	1
G103	G556	1
G103	G729	1
G103	G134	1
G103	G754	1
G103	G449	1
G103	G276	1
G103	G292	1
G103	G814	1
G103	G848	1
G103	G259	1
G103	G77	1
G103	G575	1
G103	G229	1
G103	G299	1
G103	G133	1
G103	G783	1
G103	G457	1
G103	G544	1
G114	G351	1
G71	G38	1
G71	G250	1
G71	G82	1
G71	G479	1
G71	G39	1
G71	G320	1
G71	G23	1
G71	G130	1
G71	G342	1
G71	G275	1
G71	G550	1
G71	G304	1
G71	G88	1
G71	G78	1
G231	G858	1
G231	G479	1
G231	G83	1
G393	G106	1
G393	G650	1
G393	G858	1
G393	G321	1
G393	G898	1
G393	G371	1
G393	G277	1
G393	G231	1
G393	G403	1
G393	G545	1
G393	G249	1
G393	G774	1
G393	G265	1
G393	G118	1
G393	G49	1
G393	G562	1
G393	G119	1
G393	G178	1
G393	G342	1
G393	G808	1
G393	G143	1
G393	G307	1
G393	G7	1
G393	G125	1
G393	G362	1
G393	G756	1
G393	G640	1
G393	G530	1
G393	G453	1
G393	G432	1
G393	G424	1
G393	G88	1
G393	G98	1
G393	G627	1
G393	G200	1
G112	G88	1
G217	G911	1
G217	G349	1
G217	G699	1
G217	G402	1
G217	G262	1
G217	G934	1
G217	G479	1
G217	G136	1
G217	G665	1
G217	G883	1
G217	G901	1
G217	G176	1
G217	G286	1
G217	G119	1
G217	G289	1
G217	G925	1
G217	G95	1
G217	G654	1
G217	G342	1
G217	G241	1
G217	G116	1
G217	G276	1
G217	G518	1
G217	G808	1
G217	G311	1
G217	G614	1
G217	G491	1
G217	G848	1
G217	G372	1
G217	G797	1
G217	G644	1
G217	G569	1
G217	G627	1
G217	G279	1
G89	G569	1
G92	G470	1
G92	G619	1
G92	G315	1
G92	G395	1
G92	G184	1
G92	G21	1
G92	G765	1
G92	G891	1
G92	G922	1
G92	G518	1
G346	G608	1
G346	G456	1
G346	G395	1
G346	G184	1
G346	G222	1
G346	G667	1
G403	G298	1
G403	G699	1
G403	G184	1
G403	G479	1
G403	G136	1
G403	G289	1
G403	G926	1
G403	G151	1
G403	G752	1
G403	G276	1
G403	G311	1
G403	G19	1
G403	G372	1
G403	G424	1
G403	G627	1
G403	G279	1
G284	G921	1
G56	G800	1
G56	G670	1
G56	G618	1
G56	G490	1
G56	G106	1
G56	G699	1
G56	G21	1
G56	G745	1
G56	G898	1
G56	G262	1
G56	G231	1
G56	G213	1
G56	G332	1
G56	G479	1
G56	G827	1
G56	G328	1
G56	G796	1
G56	G65	1
G56	G136	1
G56	G901	1
G56	G562	1
G56	G289	1
G56	G925	1
G56	G342	1
G56	G194	1
G56	G743	1
G56	G518	1
G56	G808	1
G56	G755	1
G56	G667	1
G56	G491	1
G56	G862	1
G56	G432	1
G56	G468	1
G56	G11	1
G56	G509	1
G56	G890	1
G56	G627	1
G56	G279	1
G56	G148	1
G319	G130	1
G95	G424	1
G15	G262	1
G80	G608	1
G80	G802	1
G80	G921	1
G228	G911	1
G228	G846	1
G228	G805	1
G228	G595	1
G228	G761	1
G228	G56	1
G228	G819	1
G134	G162	1
G367	G181	1
G367	G83	1
G386	G298	1
G386	G106	1
G386	G650	1
G386	G82	1
G386	G112	1
G386	G284	1
G386	G72	1
G386	G143	1
G386	G853	1
G386	G248	1
G152	G136	1
G390	G657	1
G390	G568	1
G390	G934	1
G390	G167	1
G390	G479	1
G390	G403	1
G390	G284	1
G390	G261	1
G390	G119	1
G390	G289	1
G390	G226	1
G390	G504	1
G390	G181	1
G390	G311	1
G245	G762	1
G30	G106	1
G30	G349	1
G30	G358	1
G30	G217	1
G30	G403	1
G30	G654	1
G30	G130	1
G30	G72	1
G30	G116	1
G30	G518	1
G30	G808	1
G30	G344	1
G30	G491	1
G30	G848	1
G30	G152	1
G30	G432	1
G30	G468	1
G30	G703	1
G30	G644	1
G30	G627	1
G30	G148	1
G30	G263	1
G375	G265	1
G375	G143	1
G287	G305	1
G287	G490	1
G287	G100	1
G287	G529	1
G287	G699	1
G287	G662	1
G287	G834	1
G287	G934	1
G287	G328	1
G287	G403	1
G287	G545	1
G287	G289	1
G287	G55	1
G287	G415	1
G287	G808	1
G287	G311	1
G287	G540	1
G287	G468	1
G287	G896	1
G287	G627	1
