G27	G270	1
G27	G11	1
G27	G333	1
G27	G395	1
G27	G318	1
G27	G294	1
G27	G288	1
G27	G122	1
G27	G130	1
G27	G135	1
G27	G415	1
G27	G475	1
G27	G86	1
G27	G518	1
G27	G233	1
G27	G521	1
G27	G0	1
G27	G347	1
G27	G181	1
G27	G234	1
G27	G236	1
G27	G38	1
G27	G549	1
G27	G81	1
G27	G527	1
G27	G17	1
G27	G532	1
G27	G454	1
G27	G418	1
G27	G306	1
G27	G487	1
G27	G506	1
G27	G373	1
G27	G170	1
G27	G239	1
G27	G102	1
G27	G328	1
G27	G43	1
G27	G7	1
G27	G289	1
G27	G121	1
G27	G15	1
G27	G279	1
G27	G491	1
G27	G537	1
G27	G143	1
G27	G213	1
G27	G47	1
G27	G357	1
G27	G503	1
G27	G21	1
G27	G137	1
G27	G223	1
G27	G367	1
G27	G385	1
G27	G128	1
G27	G116	1
G27	G33	1
G27	G221	1
G27	G324	1
G27	G542	1
G27	G72	1
G27	G132	1
G27	G202	1
G27	G457	1
G27	G344	1
G27	G483	1
G27	G141	1
G27	G40	1
G27	G386	1
G27	G251	1
G27	G369	1
G27	G501	1
G27	G492	1
G27	G500	1
G27	G365	1
G27	G176	1
G27	G207	1
G27	G494	1
G27	G555	1
G27	G183	1
G27	G232	1
G27	G76	1
G27	G411	1
G27	G519	1
G27	G262	1
G27	G533	1
G27	G79	1
G27	G358	1
G27	G362	1
G27	G406	1
G27	G486	1
G27	G95	1
G27	G394	1
G27	G107	1
G27	G535	1
G27	G278	1
G27	G226	1
G27	G71	1
G27	G439	1
G27	G498	1
G27	G352	1
G27	G315	1
G27	G441	1
G27	G311	1
G27	G468	1
G27	G304	1
G27	G127	1
G27	G129	1
G27	G90	1
G27	G336	1
G27	G478	1
G27	G197	1
G27	G96	1
G27	G206	1
G27	G480	1
G27	G257	1
G27	G298	1
G27	G374	1
G27	G282	1
G27	G55	1
G27	G261	1
G27	G97	1
G27	G94	1
G27	G400	1
G27	G511	1
G27	G250	1
G27	G69	1
G27	G179	1
G27	G377	1
G27	G42	1
G27	G126	1
G27	G361	1
G27	G329	1
G27	G275	1
G27	G50	1
G27	G87	1
G27	G196	1
G27	G310	1
G27	G61	1
G27	G2	1
G27	G46	1
G27	G366	1
G27	G286	1
G27	G230	1
G27	G452	1
G27	G477	1
G27	G380	1
G27	G255	1
G27	G134	1
G27	G510	1
G27	G292	1
G27	G391	1
G27	G56	1
G27	G225	1
G27	G203	1
G27	G285	1
G27	G432	1
G27	G353	1
G27	G8	1
G27	G392	1
G27	G496	1
G27	G104	1
G27	G190	1
G27	G520	1
G27	G370	1
G27	G14	1
G27	G252	1
G27	G481	1
G27	G155	1
G27	G219	1
G27	G538	1
G27	G259	1
G27	G539	1
G27	G192	1
G27	G312	1
G27	G283	1
G27	G355	1
G27	G106	1
G27	G39	1
G27	G407	1
G27	G274	1
G27	G123	1
G27	G523	1
G27	G443	1
G27	G142	1
G27	G403	1
G27	G187	1
G27	G509	1
G27	G526	1
G27	G490	1
G27	G120	1
G27	G212	1
G27	G461	1
G27	G227	1
G27	G455	1
G27	G60	1
G27	G272	1
G27	G350	1
G27	G448	1
G27	G150	1
G27	G144	1
G27	G108	1
G27	G164	1
G27	G424	1
G27	G305	1
G27	G240	1
G27	G52	1
G27	G293	1
G27	G359	1
G27	G534	1
G27	G429	1
G27	G440	1
G27	G166	1
G27	G263	1
G27	G471	1
G27	G265	1
G27	G182	1
G27	G383	1
G27	G44	1
G27	G309	1
G27	G522	1
G27	G419	1
G27	G83	1
G27	G393	1
G27	G31	1
G27	G211	1
G27	G162	1
G27	G444	1
G27	G34	1
G27	G368	1
G27	G378	1
G27	G485	1
G27	G185	1
G27	G229	1
G27	G536	1
G27	G186	1
G27	G331	1
G27	G13	1
G27	G417	1
G27	G25	1
G27	G556	1
G27	G287	1
G27	G171	1
G27	G136	1
G27	G302	1
G27	G404	1
G27	G19	1
G27	G430	1
G27	G67	1
G27	G224	1
G27	G497	1
G27	G48	1
G27	G177	1
G27	G45	1
G27	G314	1
G27	G320	1
G27	G422	1
G27	G180	1
G27	G10	1
G27	G414	1
G27	G449	1
G27	G84	1
G27	G473	1
G27	G421	1
G27	G133	1
G27	G340	1
G27	G507	1
G27	G222	1
G27	G194	1
G27	G66	1
G27	G399	1
G27	G57	1
G27	G58	1
G27	G29	1
G27	G271	1
G27	G410	1
G27	G73	1
G27	G516	1
G27	G100	1
G27	G334	1
G27	G463	1
G27	G326	1
G27	G18	1
G27	G301	1
G27	G193	1
G27	G154	1
G27	G508	1
G27	G446	1
G27	G260	1
G27	G524	1
G27	G237	1
G27	G269	1
G27	G428	1
G27	G493	1
G27	G277	1
G27	G426	1
G27	G216	1
G27	G479	1
G27	G416	1
G27	G188	1
G27	G220	1
G27	G99	1
G27	G525	1
G27	G35	1
G27	G442	1
G27	G514	1
G27	G495	1
G27	G114	1
G27	G249	1
G27	G105	1
G27	G235	1
G27	G217	1
G27	G550	1
G27	G558	1
G27	G541	1
G27	G502	1
G27	G384	1
G27	G427	1
G27	G462	1
G27	G321	1
G27	G6	1
G27	G435	1
G27	G54	1
G27	G210	1
G27	G499	1
G27	G469	1
G27	G214	1
G27	G256	1
G27	G68	1
G27	G110	1
G27	G529	1
G27	G175	1
G27	G517	1
G27	G215	1
G27	G70	1
G27	G244	1
G27	G147	1
G27	G174	1
G27	G546	1
G27	G553	1
G27	G351	1
G27	G360	1
G27	G438	1
G27	G109	1
G27	G241	1
G27	G327	1
G27	G12	1
G27	G398	1
G27	G389	1
G27	G356	1
G27	G91	1
G27	G552	1
G27	G543	1
G27	G299	1
G27	G316	1
G27	G254	1
G27	G23	1
G27	G228	1
G27	G291	1
G27	G258	1
G27	G169	1
G27	G512	1
G27	G456	1
G27	G53	1
G27	G460	1
G27	G148	1
G27	G390	1
G27	G402	1
G27	G9	1
G27	G118	1
G27	G338	1
G27	G184	1
G27	G16	1
G27	G474	1
G27	G412	1
G27	G149	1
G27	G409	1
G27	G273	1
G27	G330	1
G27	G173	1
G27	G466	1
G27	G28	1
G27	G379	1
G27	G297	1
G27	G89	1
G27	G242	1
G27	G253	1
G27	G401	1
G27	G484	1
G27	G26	1
G27	G548	1
G27	G465	1
G27	G167	1
G27	G276	1
G27	G408	1
G27	G433	1
G27	G238	1
G8	G318	1
G8	G545	1
G8	G51	1
G8	G6	1
G8	G49	1
G8	G247	1
G8	G415	1
G8	G31	1
G8	G444	1
G8	G105	1
G8	G40	1
G8	G0	1
G8	G24	1
G8	G302	1
G8	G144	1
G8	G546	1
G8	G316	1
G8	G243	1
G8	G325	1
G8	G402	1
G8	G205	1
G8	G32	1
G8	G166	1
G8	G365	1
G8	G411	1
G8	G515	1
G8	G427	1
G8	G558	1
G8	G176	1
G8	G307	1
G8	G396	1
G8	G430	1
G8	G185	1
G8	G238	1
G8	G163	1
G8	G63	1
G8	G191	1
G8	G20	1
G8	G461	1
G8	G493	1
G8	G45	1
G8	G337	1
G8	G96	1
G8	G120	1
G8	G30	1
G8	G182	1
G8	G98	1
G8	G72	1
G8	G361	1
G8	G485	1
G8	G39	1
G8	G41	1
G8	G14	1
G8	G48	1
G8	G477	1
G8	G135	1
G8	G363	1
G8	G50	1
G8	G327	1
G8	G445	1
G8	G175	1
G8	G17	1
G8	G206	1
G8	G357	1
G8	G301	1
G8	G499	1
G8	G36	1
G8	G321	1
G8	G294	1
G8	G58	1
G8	G145	1
G8	G252	1
G8	G554	1
G8	G284	1
G8	G532	1
G8	G5	1
G8	G26	1
G8	G417	1
G8	G433	1
G8	G384	1
G8	G458	1
G8	G53	1
G8	G23	1
G8	G29	1
G8	G436	1
G8	G260	1
G8	G22	1
G8	G442	1
G8	G404	1
G8	G219	1
G8	G231	1
G8	G429	1
G8	G397	1
G8	G127	1
G8	G230	1
G8	G453	1
G8	G88	1
G8	G187	1
G8	G539	1
G8	G526	1
G8	G468	1
G8	G114	1
G8	G425	1
G8	G364	1
G8	G28	1
G8	G483	1
G8	G199	1
G8	G315	1
G8	G333	1
G8	G412	1
G8	G338	1
G8	G155	1
G8	G355	1
G8	G296	1
G8	G500	1
G8	G115	1
G8	G482	1
G8	G122	1
G8	G542	1
G8	G464	1
G8	G59	1
G8	G12	1
G8	G258	1
G8	G83	1
G8	G149	1
G8	G407	1
G8	G308	1
G8	G174	1
G8	G259	1
G8	G104	1
G8	G451	1
G8	G3	1
G8	G288	1
G8	G450	1
G8	G358	1
G8	G553	1
G8	G242	1
G8	G70	1
G8	G495	1
G8	G112	1
G8	G285	1
G8	G326	1
G8	G222	1
G8	G138	1
G8	G523	1
G8	G233	1
G8	G218	1
G8	G438	1
G8	G228	1
G8	G164	1
G8	G462	1
G8	G269	1
G8	G61	1
G8	G496	1
G8	G300	1
G8	G282	1
G8	G110	1
G8	G383	1
G8	G229	1
G8	G331	1
G8	G38	1
G8	G465	1
G8	G18	1
G8	G516	1
G8	G375	1
G8	G469	1
G8	G520	1
G8	G329	1
G8	G527	1
G8	G395	1
G8	G54	1
G8	G95	1
G8	G519	1
G8	G109	1
G8	G188	1
G8	G508	1
G8	G467	1
G8	G197	1
G8	G227	1
G8	G510	1
G8	G7	1
G8	G217	1
G8	G549	1
G8	G43	1
G8	G263	1
G8	G389	1
G8	G369	1
G8	G168	1
G8	G267	1
G8	G392	1
G8	G344	1
G8	G161	1
G8	G257	1
G8	G69	1
G8	G418	1
G8	G534	1
G8	G250	1
G8	G351	1
G7	G494	1
G7	G347	1
G7	G128	1
G7	G311	1
G7	G102	1
G7	G454	1
G7	G141	1
G7	G28	1
G7	G47	1
G7	G233	1
G7	G415	1
G7	G239	1
G7	G283	1
G7	G526	1
G7	G527	1
G7	G373	1
G7	G452	1
G7	G358	1
G7	G414	1
G7	G395	1
G7	G501	1
G7	G427	1
G7	G421	1
G7	G123	1
G7	G525	1
G7	G179	1
G7	G264	1
G7	G370	1
G7	G314	1
G7	G33	1
G7	G430	1
G7	G21	1
G7	G116	1
G7	G277	1
G7	G86	1
G7	G410	1
G7	G197	1
G7	G378	1
G7	G491	1
G7	G417	1
G7	G318	1
G7	G293	1
G7	G328	1
G7	G555	1
G7	G409	1
G7	G503	1
G7	G107	1
G7	G424	1
G7	G377	1
G7	G50	1
G7	G42	1
G7	G383	1
G7	G306	1
G7	G385	1
G7	G548	1
G7	G130	1
G7	G500	1
G7	G274	1
G7	G422	1
G7	G45	1
G7	G192	1
G7	G288	1
G7	G279	1
G7	G375	1
G7	G27	1
G7	G213	1
G7	G110	1
G7	G359	1
G7	G132	1
G7	G134	1
G7	G336	1
G7	G537	1
G7	G87	1
G7	G207	1
G7	G225	1
G7	G38	1
G7	G543	1
G7	G43	1
G7	G66	1
G7	G203	1
G7	G137	1
G7	G212	1
G7	G294	1
G7	G60	1
G7	G513	1
G7	G367	1
G7	G278	1
G7	G16	1
G7	G291	1
G7	G266	1
G7	G265	1
G7	G521	1
G7	G261	1
G7	G394	1
G7	G369	1
G7	G126	1
G7	G518	1
G7	G365	1
G7	G170	1
G7	G236	1
G7	G340	1
G7	G549	1
G7	G257	1
G7	G185	1
G7	G522	1
G7	G354	1
G7	G558	1
G7	G529	1
G7	G309	1
G7	G305	1
G7	G153	1
G7	G84	1
G7	G71	1
G7	G184	1
G7	G181	1
G7	G481	1
G7	G8	1
G7	G285	1
G7	G180	1
G7	G177	1
G7	G234	1
G7	G371	1
G7	G77	1
G7	G94	1
G7	G419	1
G7	G535	1
G7	G222	1
G7	G229	1
G7	G463	1
G7	G121	1
G7	G133	1
G7	G289	1
G7	G512	1
G7	G511	1
G7	G324	1
G7	G533	1
G7	G380	1
G7	G251	1
G7	G432	1
G7	G327	1
G7	G223	1
G7	G0	1
G7	G431	1
G7	G226	1
G7	G67	1
G7	G202	1
G7	G510	1
G7	G337	1
G7	G360	1
G7	G506	1
G7	G532	1
G7	G204	1
G7	G25	1
G7	G2	1
G7	G120	1
G7	G441	1
G7	G183	1
G7	G429	1
G7	G352	1
G7	G459	1
G7	G474	1
G7	G478	1
G7	G104	1
G7	G502	1
G7	G70	1
G7	G485	1
G7	G530	1
G7	G54	1
G7	G150	1
G7	G310	1
G7	G262	1
G7	G524	1
G7	G162	1
G7	G331	1
G7	G164	1
G7	G254	1
G7	G144	1
G7	G252	1
G7	G477	1
G7	G315	1
G7	G241	1
G7	G439	1
G7	G391	1
G7	G312	1
G7	G321	1
G7	G468	1
G7	G143	1
G7	G386	1
G7	G554	1
G7	G118	1
G7	G486	1
G7	G416	1
G7	G492	1
G7	G255	1
G7	G272	1
G7	G329	1
G7	G169	1
G7	G498	1
G7	G240	1
G7	G418	1
G7	G178	1
G7	G411	1
G7	G127	1
G7	G76	1
G7	G235	1
G7	G58	1
G35	G189	1
G35	G260	1
G35	G187	1
G35	G355	1
G35	G351	1
G35	G13	1
G35	G395	1
G35	G514	1
G35	G50	1
G35	G228	1
G35	G455	1
G35	G170	1
G35	G120	1
G35	G487	1
G35	G537	1
G35	G102	1
G35	G525	1
G35	G7	1
G35	G147	1
G35	G432	1
G35	G278	1
G35	G511	1
G35	G209	1
G35	G418	1
G35	G429	1
G35	G500	1
G35	G315	1
G35	G377	1
G35	G59	1
G35	G510	1
G35	G402	1
G35	G344	1
G35	G347	1
G35	G17	1
G35	G452	1
G35	G554	1
G35	G337	1
G35	G56	1
G35	G438	1
G35	G321	1
G35	G38	1
G35	G498	1
G35	G181	1
G35	G69	1
G35	G83	1
G35	G536	1
G35	G451	1
G35	G279	1
G35	G399	1
G35	G15	1
G35	G378	1
G35	G219	1
G35	G424	1
G35	G183	1
G35	G307	1
G35	G447	1
G35	G526	1
G35	G392	1
G35	G134	1
G35	G72	1
G35	G365	1
G35	G456	1
G35	G372	1
G35	G43	1
G35	G232	1
G35	G124	1
G35	G194	1
G35	G303	1
G35	G320	1
G35	G21	1
G35	G286	1
G35	G79	1
G35	G421	1
G35	G454	1
G35	G29	1
G35	G404	1
G35	G44	1
G35	G388	1
G35	G250	1
G35	G11	1
G35	G275	1
G35	G419	1
G35	G294	1
G35	G87	1
G35	G497	1
G35	G330	1
G35	G233	1
G35	G74	1
G35	G70	1
G35	G539	1
G35	G202	1
G35	G481	1
G35	G371	1
G35	G329	1
G35	G261	1
G35	G513	1
G35	G217	1
G35	G198	1
G35	G431	1
G35	G130	1
G35	G25	1
G35	G52	1
G35	G538	1
G35	G190	1
G35	G28	1
G35	G218	1
G35	G477	1
G35	G237	1
G35	G5	1
G35	G42	1
G35	G141	1
G35	G282	1
G35	G363	1
G35	G62	1
G35	G312	1
G35	G47	1
G35	G179	1
G35	G491	1
G35	G448	1
G35	G353	1
G35	G516	1
G35	G527	1
G35	G39	1
G35	G409	1
G35	G90	1
G35	G327	1
G35	G518	1
G35	G94	1
G35	G160	1
G35	G457	1
G35	G495	1
G35	G8	1
G35	G107	1
G35	G81	1
G35	G227	1
G35	G48	1
G35	G465	1
G35	G192	1
G35	G406	1
G35	G31	1
G35	G95	1
G35	G135	1
G35	G439	1
G35	G293	1
G35	G273	1
G35	G541	1
G35	G2	1
G35	G54	1
G35	G215	1
G35	G221	1
G35	G367	1
G35	G173	1
G35	G314	1
G35	G53	1
G35	G296	1
G35	G373	1
G35	G20	1
G35	G257	1
G35	G263	1
G35	G51	1
G35	G174	1
G35	G308	1
G35	G155	1
G35	G161	1
G35	G369	1
G35	G140	1
G35	G61	1
G35	G383	1
G35	G97	1
G35	G128	1
G35	G523	1
G35	G138	1
G35	G326	1
G35	G496	1
G35	G311	1
G35	G501	1
G35	G426	1
G35	G391	1
G35	G197	1
G35	G96	1
G35	G555	1
G35	G255	1
G35	G494	1
G35	G485	1
G35	G239	1
G35	G309	1
G35	G6	1
G35	G444	1
G35	G443	1
G35	G245	1
G35	G60	1
G35	G154	1
G35	G422	1
G35	G27	1
G35	G57	1
G35	G291	1
G35	G441	1
G35	G445	1
G35	G324	1
G35	G453	1
G35	G533	1
G35	G323	1
G35	G549	1
G35	G238	1
G35	G281	1
G35	G33	1
G35	G222	1
G35	G300	1
G35	G132	1
G35	G368	1
G35	G58	1
G35	G139	1
G35	G129	1
G35	G213	1
G35	G414	1
G35	G520	1
G35	G9	1
G35	G99	1
G35	G207	1
G35	G235	1
G35	G269	1
G35	G334	1
G35	G449	1
G35	G540	1
G35	G478	1
G35	G163	1
G35	G63	1
G35	G150	1
G35	G390	1
G35	G361	1
G35	G14	1
G35	G522	1
G35	G403	1
G35	G366	1
G35	G108	1
G35	G305	1
G35	G22	1
G35	G534	1
G35	G271	1
G35	G142	1
G35	G3	1
G35	G12	1
G35	G224	1
G35	G475	1
G35	G479	1
G35	G467	1
G35	G118	1
G35	G542	1
G35	G425	1
G35	G283	1
G35	G30	1
G35	G176	1
G35	G370	1
G35	G115	1
G35	G259	1
G35	G435	1
G35	G519	1
G35	G106	1
G35	G100	1
G35	G166	1
G35	G212	1
G35	G175	1
G35	G346	1
G35	G148	1
G35	G136	1
G35	G559	1
G35	G502	1
G35	G333	1
G35	G558	1
G35	G105	1
G35	G1	1
G35	G112	1
G35	G490	1
G35	G265	1
G35	G508	1
G35	G262	1
G35	G471	1
G35	G167	1
G35	G247	1
G35	G381	1
G35	G304	1
G35	G10	1
G35	G144	1
G35	G493	1
G35	G427	1
G35	G40	1
G35	G499	1
G35	G461	1
G35	G4	1
G35	G145	1
G35	G504	1
G35	G122	1
G35	G380	1
G35	G287	1
G35	G230	1
G35	G385	1
G35	G398	1
G35	G66	1
G35	G258	1
G35	G387	1
G35	G109	1
G35	G338	1
G35	G375	1
G35	G133	1
G35	G32	1
G35	G480	1
G35	G78	1
G35	G393	1
G35	G442	1
G35	G341	1
G35	G252	1
G35	G374	1
G35	G299	1
G35	G104	1
G35	G153	1
G35	G349	1
G35	G415	1
G35	G484	1
G35	G483	1
G35	G0	1
G35	G463	1
G35	G264	1
G35	G535	1
G35	G428	1
G35	G46	1
G35	G301	1
G35	G469	1
G35	G285	1
G35	G532	1
G35	G458	1
G35	G284	1
G35	G505	1
G35	G26	1
G35	G464	1
G35	G506	1
G35	G199	1
G35	G462	1
G35	G242	1
G35	G389	1
G35	G191	1
G35	G270	1
G35	G407	1
G35	G384	1
G35	G272	1
G35	G517	1
G35	G408	1
G35	G91	1
G35	G244	1
G35	G71	1
G35	G126	1
G35	G67	1
G35	G446	1
G35	G325	1
G35	G185	1
G35	G318	1
G35	G288	1
G35	G127	1
G35	G89	1
G35	G114	1
G35	G248	1
G35	G249	1
G35	G203	1
G35	G417	1
G35	G550	1
G35	G182	1
G35	G488	1
G35	G158	1
G35	G356	1
G35	G231	1
G35	G110	1
G35	G76	1
G35	G553	1
G35	G180	1
G35	G37	1
G35	G18	1
G35	G234	1
G35	G515	1
G35	G297	1
G35	G423	1
G35	G473	1
G35	G509	1
G35	G36	1
G35	G379	1
G35	G492	1
G35	G65	1
G35	G23	1
G35	G359	1
G35	G225	1
G35	G159	1
G35	G400	1
G35	G73	1
G35	G246	1
G35	G84	1
G35	G482	1
G35	G236	1
G35	G149	1
G57	G526	1
G57	G162	1
G57	G69	1
G57	G494	1
G57	G39	1
G57	G31	1
G57	G250	1
G57	G235	1
G57	G417	1
G57	G190	1
G57	G357	1
G57	G378	1
G57	G47	1
G57	G395	1
G57	G320	1
G57	G510	1
G57	G467	1
G57	G27	1
G57	G537	1
G57	G221	1
G57	G424	1
G57	G294	1
G57	G102	1
G57	G219	1
G57	G166	1
G57	G38	1
G57	G518	1
G57	G17	1
G57	G216	1
G57	G170	1
G57	G150	1
G57	G21	1
G57	G527	1
G57	G309	1
G57	G556	1
G57	G260	1
G57	G141	1
G57	G315	1
G57	G253	1
G57	G130	1
G57	G40	1
G57	G213	1
G57	G352	1
G57	G255	1
G57	G422	1
G57	G356	1
G57	G403	1
G57	G365	1
G57	G25	1
G57	G45	1
G57	G181	1
G57	G292	1
G57	G236	1
G57	G503	1
G57	G81	1
G57	G12	1
G57	G247	1
G3	G38	1
G3	G11	1
G3	G141	1
G3	G362	1
G3	G526	1
G3	G429	1
G3	G97	1
G3	G183	1
G3	G52	1
G3	G270	1
G3	G328	1
G3	G239	1
G3	G17	1
G3	G16	1
G3	G274	1
G3	G83	1
G3	G189	1
G3	G352	1
G3	G535	1
G3	G218	1
G3	G486	1
G3	G537	1
G3	G512	1
G3	G102	1
G3	G181	1
G3	G206	1
G3	G439	1
G3	G285	1
G3	G357	1
G3	G475	1
G3	G480	1
G3	G96	1
G3	G355	1
G3	G135	1
G3	G493	1
G3	G367	1
G3	G213	1
G3	G9	1
G3	G386	1
G3	G549	1
G3	G6	1
G3	G203	1
G3	G523	1
G3	G47	1
G3	G244	1
G3	G7	1
G3	G154	1
G3	G14	1
G3	G19	1
G3	G170	1
G3	G370	1
G3	G114	1
G3	G501	1
G3	G378	1
G3	G54	1
G3	G392	1
G3	G491	1
G3	G158	1
G3	G532	1
G3	G524	1
G3	G187	1
G3	G292	1
G3	G202	1
G3	G538	1
G3	G404	1
G3	G324	1
G3	G259	1
G3	G520	1
G3	G130	1
G3	G393	1
G3	G474	1
G3	G522	1
G3	G31	1
G3	G55	1
G3	G43	1
G3	G288	1
G3	G394	1
G3	G525	1
G3	G20	1
G3	G410	1
G3	G490	1
G3	G466	1
G3	G421	1
G3	G388	1
G3	G0	1
G3	G447	1
G3	G498	1
G3	G468	1
G3	G399	1
G3	G222	1
G3	G34	1
G3	G283	1
G3	G261	1
G3	G395	1
G3	G161	1
G3	G541	1
G3	G344	1
G3	G204	1
G3	G107	1
G3	G418	1
G3	G41	1
G3	G506	1
G3	G263	1
G3	G383	1
G3	G241	1
G3	G214	1
G3	G306	1
G3	G207	1
G3	G536	1
G3	G502	1
G3	G331	1
G3	G333	1
G3	G42	1
G3	G477	1
G3	G265	1
G3	G255	1
G3	G124	1
G3	G143	1
G3	G27	1
G3	G449	1
G3	G432	1
G3	G233	1
G3	G116	1
G3	G369	1
G3	G230	1
G3	G240	1
G3	G177	1
G3	G529	1
G3	G190	1
G3	G279	1
G3	G237	1
G3	G403	1
G3	G518	1
G3	G21	1
G3	G402	1
G3	G179	1
G3	G467	1
G3	G69	1
G3	G50	1
G3	G464	1
G3	G232	1
G3	G260	1
G3	G297	1
G3	G35	1
G3	G197	1
G3	G25	1
G3	G120	1
G3	G484	1
G3	G86	1
G3	G10	1
G3	G253	1
G3	G379	1
G3	G485	1
G3	G275	1
G3	G553	1
G3	G217	1
G3	G391	1
G3	G347	1
G3	G365	1
G3	G315	1
G3	G509	1
G3	G296	1
G3	G51	1
G3	G366	1
G3	G457	1
G3	G478	1
G3	G430	1
G3	G514	1
G3	G286	1
G3	G252	1
G3	G281	1
G3	G425	1
G3	G424	1
G3	G205	1
G3	G48	1
G3	G330	1
G3	G353	1
G3	G104	1
G3	G377	1
G3	G123	1
G3	G349	1
G3	G134	1
G3	G389	1
G3	G72	1
G3	G294	1
G3	G454	1
G3	G238	1
G3	G511	1
G3	G412	1
G3	G452	1
G3	G320	1
G3	G39	1
G3	G505	1
G3	G411	1
G3	G66	1
G3	G305	1
G3	G407	1
G3	G515	1
G3	G373	1
G3	G173	1
G3	G84	1
G3	G556	1
G3	G334	1
G3	G221	1
G3	G312	1
G3	G1	1
G3	G257	1
G3	G248	1
G3	G101	1
G3	G269	1
G3	G227	1
G3	G497	1
G3	G495	1
G3	G371	1
G3	G359	1
G3	G122	1
G3	G527	1
G3	G311	1
G3	G406	1
G3	G446	1
G3	G94	1
G3	G329	1
G3	G2	1
G3	G28	1
G3	G417	1
G3	G277	1
G3	G427	1
G3	G408	1
G3	G80	1
G3	G194	1
G3	G87	1
G3	G74	1
G3	G44	1
G3	G550	1
G3	G540	1
G3	G400	1
G3	G380	1
G3	G300	1
G3	G374	1
G3	G309	1
G3	G494	1
G3	G426	1
G3	G282	1
G3	G18	1
G3	G293	1
G3	G372	1
G3	G5	1
G3	G414	1
G3	G358	1
G3	G81	1
G3	G32	1
G3	G224	1
G3	G147	1
G3	G115	1
G3	G419	1
G3	G409	1
G3	G458	1
G3	G356	1
G3	G67	1
G3	G61	1
G3	G476	1
G3	G13	1
G3	G88	1
G3	G266	1
G3	G479	1
G3	G110	1
G3	G68	1
G3	G40	1
G3	G510	1
G3	G368	1
G3	G174	1
G3	G201	1
G3	G453	1
G3	G229	1
G3	G155	1
G3	G219	1
G3	G12	1
G3	G533	1
G3	G90	1
G3	G318	1
G3	G45	1
G3	G448	1
G3	G508	1
G3	G59	1
G3	G129	1
G3	G139	1
G3	G456	1
G3	G164	1
G3	G15	1
G3	G166	1
G3	G60	1
G3	G78	1
G3	G346	1
G3	G127	1
G3	G192	1
G3	G71	1
G3	G504	1
G3	G558	1
G3	G136	1
G3	G303	1
G3	G58	1
G3	G338	1
G3	G182	1
G3	G513	1
G3	G247	1
G3	G106	1
G3	G250	1
G3	G133	1
G3	G175	1
G3	G313	1
G3	G156	1
G3	G487	1
G3	G95	1
G3	G33	1
G3	G128	1
G3	G112	1
G3	G481	1
G3	G56	1
G3	G289	1
G3	G415	1
G3	G496	1
G3	G249	1
G3	G167	1
G3	G57	1
G3	G29	1
G3	G150	1
G3	G314	1
G3	G554	1
G3	G542	1
G3	G30	1
G3	G438	1
G3	G163	1
G3	G63	1
G3	G398	1
G3	G209	1
G3	G53	1
G3	G435	1
G3	G99	1
G3	G469	1
G3	G301	1
G19	G457	1
G19	G141	1
G19	G56	1
G19	G275	1
G19	G71	1
G19	G107	1
G19	G333	1
G19	G16	1
G19	G465	1
G19	G50	1
G19	G537	1
G19	G42	1
G19	G347	1
G19	G253	1
G19	G202	1
G19	G298	1
G19	G318	1
G19	G11	1
G19	G28	1
G19	G192	1
G19	G240	1
G19	G105	1
G19	G267	1
G19	G96	1
G19	G77	1
G19	G512	1
G19	G480	1
G19	G514	1
G19	G212	1
G19	G132	1
G19	G185	1
G19	G443	1
G19	G549	1
G19	G72	1
G19	G555	1
G19	G381	1
G19	G558	1
G19	G199	1
G19	G21	1
G19	G204	1
G19	G452	1
G19	G499	1
G19	G294	1
G19	G233	1
G19	G219	1
G19	G177	1
G19	G232	1
G19	G236	1
G19	G57	1
G19	G448	1
G19	G395	1
G19	G47	1
G19	G328	1
G19	G388	1
G19	G147	1
G19	G78	1
G19	G463	1
G19	G230	1
G19	G45	1
G19	G518	1
G19	G311	1
G19	G136	1
G19	G46	1
G19	G309	1
G19	G306	1
G19	G206	1
G19	G261	1
G19	G120	1
G19	G453	1
G19	G279	1
G19	G26	1
G19	G130	1
G19	G95	1
G19	G527	1
G19	G377	1
G19	G305	1
G19	G498	1
G19	G223	1
G19	G404	1
G19	G194	1
G19	G297	1
G19	G529	1
G19	G372	1
G19	G491	1
G19	G353	1
G19	G40	1
G19	G289	1
G19	G501	1
G19	G81	1
G19	G378	1
G19	G270	1
G19	G383	1
G19	G478	1
G19	G525	1
G19	G88	1
G19	G366	1
G19	G17	1
G19	G153	1
G19	G31	1
G19	G154	1
G19	G229	1
G19	G181	1
G19	G526	1
G19	G365	1
G19	G97	1
G19	G228	1
G19	G129	1
G19	G532	1
G19	G104	1
G19	G9	1
G19	G282	1
G19	G241	1
G19	G288	1
G19	G190	1
G19	G464	1
G19	G530	1
G19	G226	1
G19	G123	1
G19	G237	1
G19	G170	1
G19	G33	1
G19	G102	1
G19	G179	1
G19	G264	1
G19	G221	1
G19	G35	1
G19	G182	1
G19	G406	1
G19	G271	1
G19	G197	1
G19	G252	1
G19	G116	1
G19	G370	1
G19	G38	1
G19	G169	1
G19	G293	1
G19	G225	1
G19	G106	1
G19	G373	1
G19	G513	1
G19	G494	1
G45	G7	1
G45	G132	1
G45	G395	1
G45	G11	1
G45	G233	1
G45	G421	1
G45	G329	1
G45	G87	1
G45	G439	1
G45	G252	1
G45	G500	1
G45	G234	1
G45	G378	1
G45	G122	1
G45	G222	1
G45	G333	1
G45	G90	1
G45	G38	1
G45	G102	1
G45	G521	1
G45	G105	1
G45	G236	1
G45	G150	1
G45	G147	1
G45	G170	1
G45	G514	1
G45	G498	1
G45	G492	1
G45	G352	1
G45	G179	1
G45	G383	1
G45	G225	1
G45	G244	1
G45	G43	1
G45	G197	1
G45	G533	1
G45	G468	1
G45	G262	1
G45	G506	1
G45	G525	1
G45	G501	1
G45	G318	1
G45	G495	1
G45	G229	1
G45	G432	1
G45	G263	1
G45	G261	1
G45	G84	1
G45	G283	1
G45	G83	1
G45	G94	1
G45	G136	1
G45	G529	1
G45	G347	1
G45	G311	1
G45	G265	1
G45	G518	1
G45	G181	1
G45	G394	1
G45	G294	1
G45	G201	1
G45	G101	1
G45	G306	1
G45	G130	1
G45	G250	1
G45	G326	1
G45	G66	1
G45	G15	1
G45	G491	1
G45	G358	1
G45	G526	1
G45	G497	1
G45	G527	1
G45	G21	1
G45	G365	1
G45	G285	1
G45	G213	1
G45	G80	1
G45	G72	1
G45	G415	1
G45	G96	1
G45	G226	1
G45	G31	1
G45	G467	1
G45	G411	1
G45	G355	1
G45	G429	1
G45	G452	1
G45	G440	1
G45	G336	1
G45	G520	1
G45	G502	1
G45	G351	1
G45	G231	1
G45	G315	1
G45	G272	1
G45	G0	1
G45	G511	1
G45	G212	1
G45	G477	1
G45	G19	1
G45	G202	1
G45	G237	1
G45	G50	1
G45	G406	1
G45	G391	1
G45	G223	1
G45	G288	1
G45	G120	1
G45	G308	1
G45	G418	1
G45	G93	1
G45	G312	1
G45	G328	1
G45	G361	1
G45	G16	1
G45	G81	1
G45	G116	1
G45	G298	1
G45	G410	1
G45	G196	1
G45	G54	1
G45	G487	1
G45	G274	1
G45	G373	1
G45	G203	1
G45	G409	1
G45	G34	1
G45	G175	1
G45	G536	1
G45	G133	1
G45	G192	1
G45	G25	1
G45	G320	1
G45	G67	1
G45	G313	1
G45	G448	1
G45	G538	1
G45	G509	1
G45	G126	1
G45	G254	1
G45	G12	1
G45	G219	1
G45	G416	1
G45	G86	1
G45	G260	1
G45	G555	1
G45	G121	1
G45	G71	1
G45	G407	1
G45	G353	1
G45	G494	1
G45	G380	1
G45	G481	1
G45	G478	1
G45	G76	1
G45	G46	1
G45	G340	1
G45	G176	1
G45	G488	1
G45	G70	1
G45	G427	1
G45	G56	1
G45	G169	1
G45	G141	1
G45	G508	1
G45	G496	1
G45	G302	1
G45	G490	1
G45	G324	1
G45	G27	1
G45	G211	1
G45	G200	1
G45	G47	1
G45	G293	1
G45	G13	1
G45	G441	1
G45	G414	1
G45	G357	1
G45	G190	1
G45	G304	1
G45	G430	1
G45	G17	1
G45	G30	1
G45	G286	1
G45	G279	1
G45	G255	1
G45	G367	1
G45	G180	1
G45	G14	1
G45	G359	1
G45	G309	1
G45	G215	1
G45	G57	1
G45	G245	1
G45	G2	1
G45	G207	1
G45	G519	1
G45	G400	1
G45	G535	1
G45	G403	1
G45	G522	1
G45	G107	1
G45	G185	1
G45	G123	1
G45	G118	1
G45	G154	1
G45	G128	1
G45	G52	1
G45	G69	1
G45	G553	1
G45	G422	1
G45	G168	1
G45	G392	1
G45	G110	1
G45	G314	1
G45	G404	1
G45	G275	1
G45	G346	1
G45	G374	1
G45	G42	1
G45	G532	1
G45	G384	1
G45	G344	1
G45	G499	1
G45	G331	1
G45	G307	1
G45	G178	1
G45	G104	1
G45	G457	1
G45	G503	1
G45	G443	1
G45	G356	1
G45	G183	1
G45	G426	1
G45	G40	1
G45	G393	1
G45	G542	1
G45	G227	1
G45	G29	1
G45	G558	1
G45	G419	1
G45	G424	1
G45	G337	1
G45	G127	1
G45	G270	1
G45	G327	1
G45	G377	1
G45	G182	1
G45	G431	1
G45	G276	1
G45	G483	1
G45	G10	1
G45	G48	1
G45	G453	1
G45	G114	1
G45	G471	1
G45	G549	1
G45	G370	1
G45	G249	1
G45	G195	1
G45	G462	1
G45	G204	1
G45	G425	1
G45	G454	1
G45	G385	1
G45	G474	1
G45	G149	1
G45	G188	1
G45	G106	1
G45	G193	1
G45	G543	1
G45	G449	1
G45	G360	1
G45	G235	1
G45	G239	1
G45	G79	1
G45	G299	1
G45	G142	1
G45	G310	1
G45	G41	1
G45	G456	1
G45	G485	1
G45	G26	1
G45	G446	1
G45	G289	1
G45	G230	1
G45	G548	1
G45	G33	1
G45	G162	1
G45	G277	1
G45	G539	1
G45	G368	1
G45	G463	1
G45	G221	1
G45	G292	1
G45	G278	1
G45	G480	1
G45	G366	1
G45	G435	1
G45	G291	1
G45	G269	1
G45	G350	1
G45	G171	1
G45	G166	1
G45	G486	1
G45	G417	1
G45	G341	1
G45	G112	1
G45	G537	1
G45	G205	1
G45	G257	1
G45	G61	1
G45	G35	1
G45	G173	1
G45	G134	1
G45	G153	1
G45	G232	1
G45	G475	1
G45	G89	1
G45	G513	1
G45	G251	1
G45	G164	1
G45	G323	1
G45	G493	1
G45	G461	1
G45	G44	1
G45	G177	1
G45	G55	1
G45	G405	1
G45	G465	1
G45	G369	1
G45	G240	1
G45	G8	1
G45	G140	1
G45	G9	1
G45	G354	1
G45	G469	1
G45	G444	1
G45	G242	1
G45	G39	1
G45	G60	1
G45	G534	1
G45	G174	1
G45	G143	1
G45	G187	1
G45	G550	1
G45	G137	1
G45	G62	1
G45	G216	1
G45	G144	1
G45	G184	1
G45	G78	1
G45	G194	1
G45	G398	1
G45	G100	1
G45	G442	1
G45	G399	1
G45	G99	1
G45	G510	1
G45	G271	1
G45	G28	1
G45	G338	1
G45	G458	1
G45	G246	1
G45	G401	1
G45	G156	1
G45	G523	1
G45	G210	1
G45	G77	1
G45	G135	1
G45	G259	1
G45	G512	1
G45	G167	1
G45	G515	1
G45	G321	1
G45	G59	1
G45	G371	1
G45	G507	1
G45	G524	1
G45	G238	1
G45	G389	1
G45	G88	1
G45	G396	1
G45	G305	1
G45	G470	1
G45	G546	1
G45	G108	1
G45	G32	1
G45	G18	1
G45	G517	1
G45	G473	1
G45	G386	1
G45	G220	1
G45	G206	1
G45	G217	1
G45	G379	1
G45	G433	1
G45	G334	1
G45	G479	1
G45	G504	1
G45	G541	1
G26	G307	1
G26	G177	1
G26	G336	1
G26	G169	1
G26	G244	1
G26	G388	1
G26	G481	1
G26	G298	1
G26	G240	1
G26	G459	1
G26	G538	1
G26	G190	1
G26	G233	1
G26	G435	1
G26	G333	1
G26	G136	1
G26	G327	1
G26	G7	1
G26	G432	1
G26	G222	1
G26	G93	1
G26	G348	1
G26	G140	1
G26	G324	1
G26	G474	1
G26	G278	1
G26	G410	1
G26	G211	1
G26	G558	1
G26	G266	1
G26	G274	1
G26	G30	1
G26	G503	1
G26	G352	1
G26	G183	1
G26	G272	1
G26	G320	1
G26	G379	1
G26	G254	1
G26	G430	1
G26	G77	1
G26	G398	1
G26	G354	1
G26	G184	1
G26	G84	1
G26	G197	1
G26	G491	1
G26	G45	1
G26	G114	1
G26	G380	1
G26	G395	1
G26	G227	1
G26	G276	1
G26	G123	1
G26	G464	1
G26	G180	1
G26	G53	1
G26	G434	1
G26	G448	1
G26	G229	1
G26	G479	1
G26	G318	1
G26	G154	1
G26	G252	1
G26	G195	1
G26	G500	1
G26	G223	1
G26	G217	1
G26	G164	1
G26	G116	1
G26	G301	1
G26	G245	1
G26	G312	1
G26	G215	1
G26	G374	1
G26	G328	1
G26	G347	1
G26	G383	1
G26	G279	1
G26	G212	1
G26	G178	1
G26	G463	1
G26	G431	1
G26	G529	1
G26	G424	1
G26	G478	1
G26	G365	1
G26	G38	1
G26	G401	1
G26	G130	1
G26	G556	1
G26	G234	1
G26	G19	1
G26	G120	1
G26	G61	1
G26	G201	1
G26	G101	1
G26	G486	1
G26	G526	1
G26	G72	1
G26	G291	1
G26	G241	1
G26	G288	1
G26	G548	1
G26	G524	1
G26	G47	1
G26	G501	1
G26	G385	1
G26	G21	1
G26	G440	1
G26	G437	1
G26	G96	1
G26	G149	1
G26	G517	1
G26	G168	1
G26	G118	1
G26	G367	1
G26	G83	1
G26	G102	1
G26	G175	1
G26	G74	1
G26	G277	1
G26	G27	1
G26	G153	1
G26	G449	1
G26	G522	1
G26	G371	1
G26	G539	1
G26	G29	1
G26	G283	1
G26	G127	1
G26	G251	1
G26	G204	1
G26	G387	1
G26	G43	1
G26	G549	1
G26	G460	1
G26	G418	1
G26	G360	1
G26	G71	1
G26	G515	1
G26	G546	1
G26	G179	1
G26	G530	1
G26	G28	1
G26	G443	1
G26	G239	1
G26	G527	1
G26	G225	1
G26	G132	1
G26	G15	1
G26	G35	1
G26	G210	1
G26	G9	1
G26	G12	1
G30	G25	1
G30	G184	1
G30	G545	1
G28	G266	1
G28	G512	1
G28	G149	1
G28	G455	1
G28	G299	1
G28	G333	1
G28	G226	1
G28	G1	1
G28	G116	1
G28	G241	1
G28	G294	1
G28	G136	1
G28	G106	1
G28	G249	1
G28	G459	1
G28	G288	1
G28	G102	1
G28	G463	1
G28	G16	1
G28	G483	1
G28	G196	1
G28	G114	1
G28	G311	1
G28	G524	1
G28	G366	1
G28	G550	1
G28	G352	1
G28	G349	1
G28	G429	1
G28	G11	1
G28	G5	1
G28	G485	1
G28	G492	1
G28	G81	1
G28	G13	1
G28	G526	1
G28	G478	1
G28	G328	1
G28	G50	1
G28	G558	1
G28	G138	1
G28	G51	1
G28	G452	1
G28	G170	1
G28	G503	1
G28	G391	1
G28	G522	1
G28	G229	1
G28	G38	1
G28	G166	1
G28	G549	1
G28	G83	1
G28	G306	1
G28	G287	1
G28	G289	1
G28	G443	1
G28	G320	1
G28	G426	1
G28	G298	1
G28	G532	1
G28	G379	1
G28	G527	1
G28	G428	1
G28	G315	1
G28	G274	1
G28	G47	1
G28	G283	1
G28	G323	1
G28	G441	1
G28	G474	1
G28	G351	1
G28	G518	1
G28	G392	1
G28	G525	1
G28	G79	1
G28	G87	1
G28	G57	1
G28	G457	1
G28	G318	1
G28	G181	1
G28	G218	1
G28	G185	1
G28	G516	1
G28	G141	1
G28	G537	1
G28	G135	1
G28	G107	1
G28	G310	1
G28	G514	1
G28	G530	1
G28	G317	1
G28	G359	1
G28	G150	1
G28	G66	1
G28	G354	1
G28	G190	1
G28	G312	1
G28	G308	1
G28	G23	1
G28	G180	1
G28	G59	1
G28	G53	1
G28	G201	1
G28	G197	1
G28	G104	1
G28	G144	1
G28	G95	1
G28	G355	1
G28	G475	1
G28	G130	1
G28	G439	1
G28	G33	1
G28	G499	1
G28	G521	1
G28	G403	1
G28	G41	1
G28	G412	1
G28	G261	1
G28	G344	1
G28	G395	1
G28	G449	1
G28	G461	1
G28	G188	1
G28	G285	1
G28	G555	1
G28	G84	1
G28	G7	1
G28	G148	1
G28	G56	1
G28	G418	1
G28	G401	1
G28	G9	1
G28	G272	1
G28	G330	1
G28	G129	1
G28	G128	1
G28	G31	1
G28	G464	1
G28	G427	1
G28	G292	1
G28	G347	1
G28	G404	1
G28	G177	1
G28	G237	1
G28	G293	1
G28	G44	1
G28	G424	1
G28	G291	1
G28	G321	1
G28	G72	1
G28	G473	1
G28	G219	1
G28	G502	1
G28	G501	1
G28	G204	1
G28	G406	1
G28	G357	1
G28	G279	1
G28	G223	1
G28	G389	1
G28	G377	1
G28	G365	1
G28	G10	1
G28	G487	1
G28	G481	1
G28	G451	1
G28	G277	1
G28	G356	1
G28	G305	1
G28	G164	1
G28	G71	1
G28	G417	1
G28	G445	1
G28	G52	1
G28	G431	1
G28	G494	1
G28	G265	1
G28	G541	1
G28	G479	1
G28	G383	1
G28	G510	1
G28	G179	1
G28	G529	1
G28	G27	1
G28	G373	1
G28	G207	1
G28	G221	1
G28	G8	1
G28	G539	1
G28	G25	1
G28	G184	1
G28	G367	1
G28	G259	1
G28	G386	1
G28	G410	1
G28	G238	1
G28	G192	1
G28	G93	1
G28	G76	1
G28	G233	1
G28	G498	1
G28	G534	1
G28	G271	1
G28	G448	1
G28	G227	1
G28	G500	1
G28	G282	1
G28	G19	1
G28	G467	1
G28	G239	1
G28	G454	1
G28	G105	1
G28	G262	1
G28	G222	1
G28	G358	1
G28	G217	1
G28	G362	1
G28	G45	1
G28	G275	1
G28	G423	1
G28	G254	1
G28	G127	1
G28	G232	1
G28	G513	1
G28	G205	1
G28	G155	1
G28	G257	1
G28	G213	1
G28	G230	1
G28	G17	1
G28	G134	1
G28	G62	1
G28	G436	1
G28	G385	1
G28	G263	1
G28	G77	1
G28	G326	1
G28	G533	1
G28	G202	1
G28	G430	1
G28	G14	1
G28	G21	1
G28	G286	1
G28	G120	1
G28	G508	1
G28	G273	1
G28	G329	1
G28	G255	1
G28	G491	1
G28	G244	1
G28	G447	1
G28	G108	1
G28	G169	1
G28	G338	1
G28	G94	1
G28	G414	1
G28	G142	1
G28	G250	1
G28	G39	1
G28	G372	1
G28	G12	1
G28	G2	1
G28	G368	1
G28	G35	1
G28	G194	1
G28	G334	1
G28	G278	1
G28	G505	1
G28	G411	1
G28	G0	1
G28	G535	1
G28	G270	1
G28	G314	1
G28	G40	1
G28	G394	1
G28	G538	1
G28	G252	1
G28	G42	1
G28	G6	1
G28	G100	1
G28	G468	1
G28	G553	1
G28	G236	1
G28	G554	1
G28	G309	1
G28	G162	1
G28	G168	1
G28	G43	1
G28	G480	1
G28	G425	1
G28	G486	1
G28	G371	1
G28	G126	1
G28	G415	1
G28	G520	1
G28	G195	1
G28	G58	1
G28	G348	1
G28	G147	1
G28	G369	1
G28	G462	1
G28	G399	1
G28	G370	1
G28	G242	1
G28	G469	1
G28	G363	1
G28	G68	1
G28	G437	1
G28	G69	1
G28	G24	1
G28	G388	1
G28	G248	1
G28	G247	1
G28	G187	1
G28	G497	1
G28	G30	1
G28	G80	1
G28	G158	1
G28	G215	1
G28	G132	1
G28	G353	1
G28	G511	1
G12	G370	1
G12	G421	1
G12	G47	1
G12	G283	1
G12	G399	1
G12	G38	1
G12	G555	1
G12	G60	1
G12	G347	1
G12	G522	1
G12	G218	1
G12	G377	1
G12	G42	1
G12	G132	1
G12	G43	1
G12	G443	1
G12	G197	1
G12	G239	1
G12	G278	1
G12	G207	1
G12	G395	1
G12	G194	1
G12	G134	1
G12	G261	1
G12	G312	1
G12	G452	1
G12	G418	1
G12	G69	1
G12	G498	1
G12	G429	1
G12	G235	1
G12	G499	1
G12	G367	1
G12	G373	1
G12	G518	1
G12	G527	1
G12	G233	1
G12	G526	1
G12	G392	1
G12	G383	1
G12	G303	1
G12	G308	1
G12	G128	1
G12	G127	1
G12	G176	1
G12	G213	1
G12	G112	1
G12	G491	1
G12	G337	1
G12	G170	1
G12	G424	1
G12	G126	1
G12	G556	1
G12	G190	1
G12	G81	1
G12	G192	1
G12	G99	1
G12	G219	1
G12	G83	1
G12	G327	1
G12	G436	1
G12	G230	1
G12	G102	1
G12	G369	1
G12	G95	1
G12	G541	1
G12	G232	1
G12	G457	1
G12	G107	1
G12	G477	1
G12	G142	1
G12	G202	1
G12	G257	1
G12	G315	1
G12	G130	1
G12	G9	1
G12	G493	1
G12	G90	1
G12	G419	1
G12	G448	1
G12	G179	1
G12	G275	1
G12	G344	1
G12	G314	1
G12	G490	1
G12	G263	1
G12	G465	1
G12	G447	1
G12	G87	1
G12	G181	1
G12	G329	1
G12	G311	1
G12	G217	1
G12	G293	1
G12	G250	1
G12	G471	1
G12	G357	1
G12	G271	1
G12	G32	1
G12	G279	1
G12	G7	1
G12	G294	1
G12	G227	1
G12	G120	1
G12	G79	1
G12	G50	1
G12	G330	1
G12	G334	1
G12	G135	1
G12	G537	1
G12	G48	1
G12	G353	1
G12	G31	1
G12	G536	1
G12	G6	1
G12	G372	1
G12	G523	1
G12	G514	1
G12	G485	1
G12	G26	1
G12	G406	1
G12	G255	1
G12	G71	1
G12	G94	1
G12	G445	1
G12	G549	1
G12	G356	1
G12	G110	1
G12	G494	1
G12	G285	1
G12	G305	1
G12	G487	1
G12	G21	1
G12	G520	1
G12	G150	1
G12	G28	1
G12	G542	1
G12	G8	1
G12	G265	1
G12	G474	1
G12	G454	1
G12	G478	1
G12	G70	1
G12	G333	1
G12	G409	1
G12	G534	1
G12	G341	1
G12	G116	1
G12	G378	1
G12	G141	1
G12	G281	1
G12	G496	1
G12	G11	1
G12	G33	1
G12	G495	1
G12	G52	1
G12	G122	1
G12	G56	1
G12	G259	1
G12	G252	1
G12	G167	1
G12	G147	1
G12	G27	1
G12	G138	1
G12	G483	1
G12	G479	1
G12	G14	1
G12	G302	1
G12	G513	1
G12	G516	1
G12	G375	1
G12	G13	1
G12	G346	1
G12	G224	1
G12	G426	1
G12	G529	1
G12	G54	1
G12	G309	1
G12	G404	1
G12	G286	1
G12	G497	1
G12	G484	1
G12	G215	1
G12	G519	1
G12	G77	1
G12	G2	1
G12	G84	1
G12	G164	1
G12	G61	1
G12	G221	1
G12	G175	1
G12	G338	1
G12	G384	1
G12	G114	1
G12	G222	1
G12	G539	1
G12	G10	1
G12	G62	1
G12	G391	1
G12	G129	1
G12	G532	1
G12	G500	1
G12	G22	1
G12	G456	1
G12	G72	1
G12	G326	1
G12	G550	1
G12	G86	1
G12	G451	1
G12	G106	1
G12	G501	1
G12	G66	1
G12	G320	1
G12	G203	1
G12	G307	1
G12	G508	1
G12	G289	1
G12	G461	1
G12	G358	1
G12	G502	1
G12	G510	1
G12	G300	1
G12	G4	1
G12	G475	1
G12	G149	1
G12	G39	1
G12	G57	1
G12	G37	1
G12	G366	1
G12	G96	1
G12	G511	1
G12	G258	1
G12	G136	1
G12	G288	1
G12	G73	1
G12	G133	1
G12	G449	1
G12	G246	1
G12	G238	1
G12	G441	1
G12	G173	1
G12	G234	1
G12	G237	1
G12	G427	1
G12	G352	1
G12	G166	1
G12	G25	1
G12	G316	1
G12	G394	1
G12	G30	1
G12	G266	1
G12	G228	1
G12	G365	1
G12	G158	1
G12	G191	1
G12	G299	1
G12	G53	1
G12	G398	1
G12	G59	1
G12	G29	1
G12	G262	1
G12	G161	1
G12	G351	1
G12	G242	1
G12	G45	1
G12	G481	1
G12	G18	1
G12	G269	1
G12	G124	1
G12	G17	1
G12	G264	1
G12	G282	1
G12	G254	1
G12	G188	1
G12	G538	1
G12	G368	1
G12	G439	1
G12	G446	1
G12	G453	1
G12	G108	1
G12	G243	1
G12	G182	1
G12	G58	1
G12	G467	1
G12	G480	1
G12	G67	1
G12	G389	1
G12	G468	1
G12	G355	1
G12	G318	1
G12	G229	1
G12	G417	1
G12	G425	1
G12	G248	1
G12	G492	1
G12	G5	1
G12	G533	1
G12	G401	1
G12	G160	1
G12	G403	1
G12	G450	1
G12	G1	1
G12	G163	1
G12	G63	1
G12	G521	1
G12	G16	1
G12	G23	1
G12	G504	1
G12	G244	1
G12	G123	1
G12	G93	1
G12	G437	1
G12	G51	1
G12	G435	1
G12	G412	1
G12	G185	1
G12	G205	1
G12	G76	1
G12	G80	1
G12	G503	1
G12	G183	1
G12	G240	1
G12	G187	1
G12	G546	1
G12	G236	1
G12	G154	1
G12	G145	1
G12	G196	1
G12	G35	1
G12	G408	1
G12	G272	1
G12	G348	1
G12	G105	1
G12	G388	1
G12	G212	1
G12	G328	1
G12	G464	1
G12	G554	1
G12	G44	1
G12	G321	1
G12	G553	1
G12	G415	1
G12	G156	1
G12	G169	1
G12	G515	1
G12	G411	1
G12	G324	1
G12	G204	1
G12	G3	1
G12	G301	1
G12	G267	1
G12	G298	1
G12	G359	1
G12	G440	1
G12	G137	1
G12	G393	1
G12	G431	1
G12	G422	1
G12	G380	1
G12	G245	1
G12	G306	1
G12	G512	1
G12	G525	1
G12	G144	1
G12	G155	1
G12	G340	1
G12	G193	1
G12	G423	1
G12	G385	1
G12	G231	1
G12	G274	1
G12	G410	1
G12	G469	1
G12	G374	1
G12	G506	1
G12	G331	1
G12	G104	1
G12	G226	1
G12	G486	1
G12	G402	1
G12	G211	1
G12	G40	1
G12	G371	1
G12	G109	1
G12	G277	1
G12	G223	1
G12	G68	1
G12	G100	1
G12	G414	1
G12	G249	1
G12	G177	1
G12	G396	1
G12	G361	1
G12	G270	1
G12	G390	1
G12	G466	1
G12	G505	1
G12	G400	1
G12	G517	1
G12	G458	1
G12	G225	1
G12	G199	1
G12	G174	1
G12	G247	1
G12	G168	1
G12	G545	1
G12	G41	1
G12	G432	1
G12	G19	1
G12	G15	1
G12	G444	1
G12	G78	1
G12	G363	1
G12	G91	1
G12	G251	1
G12	G336	1
G12	G463	1
G12	G558	1
G12	G442	1
G12	G24	1
G12	G0	1
G12	G201	1
G12	G101	1
G12	G165	1
G12	G434	1
G12	G89	1
G12	G381	1
G12	G524	1
G12	G530	1
G12	G200	1
G12	G139	1
G12	G162	1
G12	G276	1
G12	G241	1
G12	G557	1
G12	G143	1
G12	G386	1
G12	G189	1
G12	G325	1
G12	G284	1
G12	G292	1
G12	G349	1
G12	G354	1
G12	G115	1
G12	G97	1
G12	G507	1
G12	G253	1
G12	G291	1
G12	G430	1
G12	G195	1
G12	G310	1
G12	G350	1
G12	G46	1
G12	G438	1
G12	G488	1
G12	G49	1
G12	G387	1
G12	G540	1
G12	G273	1
G29	G170	1
G29	G213	1
G29	G526	1
G29	G506	1
G29	G179	1
G29	G81	1
G29	G424	1
G29	G141	1
G29	G10	1
G29	G391	1
G29	G257	1
G29	G239	1
G29	G43	1
G29	G367	1
G29	G356	1
G29	G21	1
G29	G534	1
G29	G56	1
G29	G197	1
G29	G25	1
G29	G369	1
G29	G394	1
G29	G17	1
G29	G2	1
G29	G487	1
G29	G263	1
G29	G181	1
G29	G483	1
G29	G373	1
G29	G457	1
G29	G275	1
G29	G329	1
G29	G478	1
G29	G150	1
G29	G207	1
G29	G279	1
G29	G106	1
G29	G5	1
G29	G255	1
G29	G94	1
G29	G203	1
G29	G60	1
G29	G259	1
G29	G452	1
G29	G42	1
G29	G395	1
G29	G518	1
G29	G219	1
G29	G38	1
G29	G102	1
G29	G498	1
G29	G69	1
G29	G261	1
G29	G527	1
G29	G411	1
G29	G202	1
G29	G347	1
G29	G491	1
G29	G406	1
G29	G294	1
G29	G418	1
G29	G542	1
G29	G158	1
G29	G533	1
G29	G14	1
G29	G485	1
G29	G52	1
G29	G370	1
G29	G126	1
G29	G79	1
G29	G326	1
G29	G383	1
G29	G12	1
G29	G11	1
G29	G166	1
G29	G521	1
G29	G496	1
G29	G480	1
G29	G88	1
G29	G454	1
G29	G293	1
G29	G421	1
G29	G285	1
G29	G415	1
G29	G233	1
G29	G477	1
G29	G265	1
G29	G328	1
G29	G130	1
G29	G332	1
G29	G134	1
G29	G555	1
G29	G71	1
G29	G333	1
G29	G539	1
G29	G61	1
G29	G377	1
G29	G54	1
G29	G453	1
G29	G495	1
G29	G50	1
G29	G234	1
G29	G273	1
G29	G517	1
G29	G31	1
G29	G98	1
G29	G36	1
G29	G204	1
G29	G57	1
G29	G364	1
G29	G228	1
G29	G429	1
G29	G494	1
G29	G282	1
G29	G425	1
G29	G276	1
G29	G443	1
G29	G538	1
G29	G296	1
G29	G384	1
G29	G324	1
G29	G300	1
G29	G53	1
G29	G231	1
G29	G448	1
G29	G554	1
G29	G84	1
G29	G258	1
G29	G26	1
G29	G532	1
G29	G227	1
G29	G302	1
G29	G514	1
G29	G430	1
G29	G407	1
G29	G221	1
G29	G174	1
G29	G315	1
G29	G535	1
G29	G96	1
G29	G286	1
G29	G105	1
G29	G408	1
G29	G379	1
G29	G247	1
G34	G181	1
G34	G232	1
G34	G329	1
G34	G555	1
G34	G219	1
G34	G227	1
G34	G294	1
G34	G69	1
G34	G194	1
G34	G383	1
G34	G221	1
G34	G520	1
G34	G452	1
G34	G47	1
G34	G150	1
G34	G527	1
G34	G370	1
G34	G309	1
G34	G417	1
G34	G70	1
G34	G306	1
G34	G33	1
G34	G511	1
G34	G518	1
G34	G21	1
G34	G542	1
G34	G424	1
G34	G42	1
G34	G491	1
G34	G498	1
G34	G483	1
G34	G395	1
G34	G461	1
G34	G537	1
G34	G90	1
G34	G293	1
G34	G312	1
G34	G79	1
G34	G107	1
G34	G340	1
G34	G81	1
G34	G179	1
G34	G311	1
G34	G368	1
G34	G222	1
G34	G344	1
G34	G500	1
G34	G369	1
G34	G305	1
G34	G333	1
G34	G25	1
G34	G43	1
G34	G494	1
G34	G7	1
G34	G392	1
G34	G406	1
G34	G366	1
G34	G50	1
G34	G271	1
G34	G286	1
G34	G8	1
G34	G197	1
G34	G487	1
G34	G166	1
G34	G468	1
G34	G67	1
G34	G229	1
G34	G279	1
G34	G233	1
G34	G347	1
G34	G120	1
G34	G102	1
G34	G377	1
G34	G250	1
G34	G328	1
G34	G72	1
G34	G17	1
G34	G315	1
G34	G526	1
G34	G190	1
G34	G185	1
G34	G263	1
G34	G213	1
G34	G523	1
G34	G13	1
G34	G536	1
G34	G288	1
G34	G367	1
G34	G358	1
G34	G285	1
G34	G71	1
G34	G142	1
G34	G410	1
G34	G128	1
G34	G114	1
G34	G426	1
G34	G57	1
G34	G320	1
G34	G116	1
G34	G127	1
G34	G86	1
G34	G261	1
G34	G141	1
G34	G378	1
G34	G361	1
G34	G239	1
G34	G477	1
G34	G96	1
G34	G192	1
G34	G519	1
G34	G207	1
G34	G27	1
G34	G318	1
G34	G224	1
G34	G485	1
G34	G481	1
G34	G162	1
G34	G550	1
G34	G359	1
G34	G52	1
G34	G202	1
G34	G324	1
G34	G496	1
G34	G275	1
G34	G538	1
G34	G95	1
G34	G533	1
G34	G457	1
G34	G310	1
G34	G83	1
G34	G478	1
G34	G373	1
G34	G502	1
G34	G272	1
G34	G532	1
G34	G175	1
G34	G471	1
G34	G40	1
G34	G418	1
G34	G38	1
G34	G134	1
G34	G130	1
G34	G314	1
G34	G255	1
G34	G235	1
G34	G357	1
G34	G443	1
G34	G252	1
G34	G492	1
G34	G129	1
G34	G265	1
G34	G439	1
G34	G56	1
G34	G87	1
G34	G61	1
G34	G384	1
G34	G454	1
G34	G558	1
G34	G29	1
G34	G356	1
G34	G355	1
G34	G539	1
G34	G182	1
G34	G534	1
G34	G54	1
G34	G374	1
G34	G2	1
G34	G110	1
G34	G234	1
G34	G180	1
G34	G105	1
G34	G45	1
G34	G14	1
G34	G521	1
G34	G549	1
G34	G407	1
G34	G525	1
G34	G352	1
G34	G389	1
G34	G490	1
G34	G510	1
G34	G123	1
G34	G136	1
G34	G415	1
G34	G144	1
G34	G259	1
G34	G164	1
G34	G429	1
G34	G278	1
G34	G66	1
G34	G517	1
G34	G104	1
G34	G126	1
G34	G421	1
G34	G106	1
G34	G133	1
G34	G176	1
G34	G467	1
G34	G170	1
G34	G100	1
G34	G174	1
G34	G516	1
G34	G132	1
G34	G462	1
G34	G211	1
G34	G403	1
G34	G416	1
G34	G326	1
G34	G203	1
G34	G411	1
G34	G334	1
G34	G10	1
G34	G223	1
G34	G60	1
G34	G501	1
G34	G385	1
G34	G353	1
G34	G237	1
G34	G391	1
G34	G257	1
G34	G331	1
G34	G155	1
G34	G277	1
G34	G15	1
G34	G76	1
G34	G442	1
G34	G399	1
G34	G168	1
G34	G327	1
G34	G548	1
G34	G351	1
G34	G143	1
G34	G58	1
G34	G262	1
G34	G230	1
G34	G35	1
G34	G444	1
G34	G430	1
G34	G404	1
G34	G435	1
G34	G84	1
G34	G506	1
G34	G427	1
G34	G188	1
G34	G394	1
G34	G159	1
G34	G121	1
G34	G476	1
G34	G167	1
G34	G283	1
G34	G269	1
G34	G422	1
G34	G393	1
G34	G307	1
G34	G432	1
G34	G99	1
G34	G514	1
G34	G226	1
G34	G122	1
G34	G225	1
G34	G535	1
G34	G44	1
G34	G469	1
G34	G386	1
G34	G193	1
G34	G509	1
G34	G260	1
G34	G169	1
G34	G553	1
G34	G365	1
G34	G77	1
G34	G39	1
G34	G154	1
G34	G251	1
G34	G0	1
G34	G499	1
G34	G554	1
G34	G480	1
G34	G249	1
G34	G94	1
G34	G80	1
G34	G419	1
G34	G31	1
G34	G360	1
G34	G512	1
G34	G379	1
G34	G30	1
G34	G91	1
G34	G546	1
G34	G448	1
G34	G147	1
G34	G541	1
G34	G414	1
G34	G200	1
G34	G270	1
G34	G446	1
G34	G321	1
G34	G425	1
G34	G112	1
G34	G244	1
G34	G16	1
G34	G472	1
G34	G93	1
G34	G97	1
G34	G28	1
G34	G245	1
G34	G388	1
G34	G274	1
G34	G292	1
G34	G46	1
G34	G12	1
G34	G456	1
G34	G440	1
G34	G201	1
G34	G101	1
G34	G89	1
G34	G336	1
G34	G26	1
G34	G238	1
G34	G465	1
G34	G508	1
G34	G254	1
G34	G289	1
G34	G212	1
G34	G453	1
G34	G522	1
G34	G412	1
G34	G59	1
G34	G380	1
G34	G484	1
G34	G276	1
G34	G330	1
G34	G32	1
G34	G217	1
G34	G195	1
G34	G543	1
G34	G68	1
G34	G216	1
G34	G529	1
G34	G205	1
G34	G236	1
G34	G381	1
G34	G231	1
G34	G11	1
G34	G135	1
G34	G497	1
G34	G183	1
G34	G215	1
G34	G316	1
G34	G282	1
G34	G505	1
G34	G304	1
G34	G441	1
G34	G350	1
G34	G363	1
G34	G118	1
G34	G493	1
G34	G466	1
G34	G19	1
G34	G243	1
G34	G284	1
G34	G145	1
G34	G341	1
G34	G156	1
G34	G449	1
G34	G348	1
G34	G196	1
G34	G23	1
G34	G218	1
G34	G503	1
G34	G108	1
G34	G530	1
G34	G401	1
G34	G137	1
G34	G556	1
G34	G242	1
G34	G247	1
G34	G408	1
G34	G115	1
G34	G475	1
G34	G298	1
G34	G48	1
G34	G266	1
G34	G246	1
G34	G78	1
G34	G317	1
G34	G165	1
G34	G88	1
G34	G24	1
G34	G187	1
G34	G149	1
G34	G291	1
G34	G507	1
G34	G62	1
G34	G431	1
G34	G297	1
G34	G323	1
G34	G437	1
G34	G559	1
G34	G302	1
G34	G9	1
G34	G402	1
G34	G322	1
G34	G191	1
G34	G455	1
G34	G332	1
G34	G364	1
G34	G479	1
G34	G362	1
G34	G220	1
G40	G294	1
G40	G385	1
G40	G262	1
G40	G328	1
G40	G506	1
G40	G411	1
G40	G72	1
G40	G318	1
G40	G492	1
G40	G288	1
G40	G537	1
G40	G279	1
G40	G239	1
G40	G289	1
G40	G324	1
G40	G270	1
G40	G298	1
G40	G394	1
G40	G170	1
G40	G395	1
G40	G274	1
G40	G236	1
G40	G521	1
G40	G391	1
G40	G86	1
G40	G130	1
G40	G491	1
G40	G136	1
G40	G336	1
G40	G306	1
G40	G223	1
G40	G538	1
G40	G107	1
G40	G518	1
G40	G47	1
G40	G347	1
G40	G374	1
G40	G532	1
G40	G233	1
G40	G419	1
G40	G121	1
G40	G196	1
G40	G275	1
G40	G232	1
G40	G14	1
G40	G202	1
G40	G0	1
G40	G501	1
G40	G418	1
G40	G43	1
G40	G487	1
G40	G212	1
G40	G333	1
G40	G234	1
G40	G251	1
G40	G15	1
G40	G179	1
G40	G378	1
G40	G533	1
G40	G498	1
G40	G137	1
G40	G477	1
G40	G431	1
G40	G352	1
G40	G315	1
G40	G143	1
G40	G370	1
G40	G171	1
G40	G476	1
G40	G424	1
G40	G87	1
G40	G441	1
G40	G526	1
G40	G329	1
G40	G102	1
G40	G21	1
G40	G414	1
G40	G458	1
G40	G392	1
G40	G314	1
G40	G265	1
G40	G468	1
G40	G535	1
G40	G226	1
G40	G180	1
G40	G503	1
G40	G31	1
G40	G12	1
G40	G229	1
G40	G84	1
G40	G197	1
G40	G116	1
G40	G365	1
G40	G169	1
G40	G195	1
G40	G66	1
G40	G542	1
G40	G369	1
G40	G203	1
G40	G285	1
G40	G432	1
G40	G11	1
G40	G263	1
G40	G213	1
G40	G39	1
G40	G162	1
G40	G27	1
G40	G448	1
G40	G176	1
G40	G520	1
G40	G311	1
G40	G190	1
G40	G211	1
G40	G96	1
G40	G128	1
G40	G241	1
G40	G415	1
G40	G76	1
G40	G264	1
G40	G340	1
G40	G154	1
G40	G527	1
G40	G33	1
G40	G416	1
G40	G106	1
G40	G7	1
G40	G192	1
G40	G17	1
G40	G344	1
G40	G55	1
G40	G357	1
G40	G486	1
G40	G225	1
G40	G254	1
G40	G421	1
G40	G56	1
G40	G250	1
G40	G220	1
G40	G252	1
G40	G452	1
G40	G173	1
G40	G304	1
G40	G534	1
G40	G510	1
G40	G181	1
G40	G496	1
G40	G222	1
G40	G276	1
G40	G69	1
G40	G134	1
G40	G358	1
G40	G466	1
G40	G516	1
G40	G193	1
G40	G355	1
G40	G227	1
G40	G481	1
G40	G549	1
G40	G261	1
G40	G383	1
G40	G417	1
G40	G126	1
G40	G555	1
G40	G8	1
G40	G454	1
G40	G156	1
G40	G305	1
G40	G515	1
G40	G351	1
G40	G524	1
G40	G207	1
G40	G194	1
G40	G457	1
G40	G553	1
G40	G483	1
G40	G129	1
G40	G500	1
G40	G310	1
G40	G367	1
G40	G2	1
G40	G259	1
G40	G400	1
G40	G133	1
G40	G529	1
G40	G278	1
G40	G67	1
G40	G435	1
G40	G52	1
G40	G78	1
G40	G266	1
G40	G50	1
G40	G38	1
G40	G360	1
G40	G35	1
G40	G509	1
G40	G346	1
G40	G61	1
G40	G277	1
G40	G204	1
G40	G141	1
G40	G485	1
G40	G523	1
G40	G183	1
G40	G371	1
G40	G244	1
G40	G320	1
G40	G272	1
G40	G240	1
G40	G114	1
G40	G434	1
G40	G60	1
G40	G100	1
G40	G200	1
G40	G556	1
G40	G164	1
G40	G366	1
G40	G216	1
G40	G25	1
G40	G142	1
G40	G353	1
G40	G123	1
G40	G182	1
G40	G104	1
G40	G83	1
G40	G185	1
G40	G127	1
G40	G401	1
G40	G10	1
G40	G293	1
G40	G255	1
G40	G380	1
G40	G30	1
G40	G439	1
G40	G120	1
G40	G219	1
G40	G215	1
G40	G77	1
G40	G46	1
G40	G512	1
G40	G543	1
G40	G256	1
G40	G440	1
G40	G384	1
G40	G74	1
G40	G548	1
G40	G473	1
G40	G449	1
G40	G429	1
G40	G312	1
G40	G99	1
G40	G178	1
G40	G552	1
G40	G356	1
G40	G302	1
G40	G377	1
G40	G397	1
G40	G42	1
G40	G245	1
G40	G410	1
G40	G283	1
G40	G159	1
G40	G438	1
G40	G430	1
G40	G79	1
G40	G45	1
G40	G309	1
G40	G257	1
G40	G221	1
G16	G395	1
G16	G169	1
G16	G278	1
G16	G500	1
G16	G266	1
G16	G474	1
G16	G424	1
G16	G233	1
G16	G274	1
G16	G120	1
G16	G229	1
G16	G279	1
G16	G336	1
G16	G240	1
G16	G318	1
G16	G307	1
G16	G430	1
G16	G225	1
G16	G7	1
G16	G333	1
G16	G254	1
G16	G298	1
G16	G192	1
G16	G27	1
G16	G190	1
G16	G431	1
G16	G558	1
G16	G434	1
G16	G498	1
G16	G328	1
G16	G77	1
G16	G398	1
G16	G503	1
G16	G443	1
G16	G383	1
G16	G38	1
G16	G50	1
G16	G388	1
G16	G347	1
G16	G134	1
G16	G276	1
G16	G177	1
G16	G83	1
G16	G371	1
G16	G354	1
G16	G89	1
G16	G385	1
G16	G291	1
G16	G116	1
G16	G272	1
G16	G19	1
G16	G217	1
G16	G197	1
G16	G427	1
G16	G183	1
G16	G522	1
G16	G459	1
G16	G365	1
G16	G141	1
G16	G93	1
G16	G529	1
G16	G136	1
G16	G359	1
G16	G524	1
G16	G549	1
G16	G178	1
G16	G373	1
G16	G56	1
G16	G175	1
G16	G366	1
G16	G102	1
G16	G153	1
G16	G461	1
G16	G501	1
G16	G267	1
G16	G239	1
G16	G223	1
G16	G71	1
G16	G203	1
G16	G397	1
G16	G96	1
G16	G47	1
G16	G255	1
G16	G87	1
G16	G252	1
G16	G380	1
G16	G502	1
G16	G374	1
G16	G11	1
G16	G251	1
G16	G204	1
G16	G337	1
G16	G312	1
G16	G45	1
G16	G150	1
G16	G452	1
G16	G481	1
G16	G417	1
G16	G441	1
G16	G264	1
G16	G212	1
G16	G244	1
G16	G361	1
G16	G184	1
G16	G250	1
G16	G94	1
G16	G21	1
G16	G222	1
G16	G123	1
G16	G370	1
G16	G84	1
G16	G527	1
G16	G509	1
G16	G538	1
G16	G315	1
G16	G331	1
G16	G479	1
G16	G61	1
G16	G262	1
G16	G357	1
G16	G118	1
G16	G43	1
G16	G285	1
G16	G486	1
G16	G463	1
G16	G149	1
G16	G261	1
G16	G72	1
G16	G104	1
G16	G39	1
G16	G401	1
G16	G130	1
G16	G283	1
G16	G554	1
G16	G164	1
G16	G241	1
G16	G210	1
G16	G196	1
G16	G195	1
G16	G491	1
G16	G477	1
G16	G129	1
G16	G288	1
G16	G179	1
G16	G433	1
G16	G249	1
G16	G126	1
G16	G556	1
G16	G358	1
G16	G202	1
G16	G294	1
G16	G327	1
G16	G473	1
G16	G478	1
G16	G193	1
G16	G30	1
G16	G544	1
G16	G352	1
G16	G437	1
G16	G265	1
G16	G275	1
G16	G211	1
G16	G391	1
G16	G320	1
G16	G324	1
G16	G454	1
G16	G377	1
G16	G494	1
G16	G511	1
G16	G52	1
G16	G176	1
G16	G387	1
G16	G187	1
G16	G440	1
G16	G180	1
G16	G226	1
G16	G518	1
G16	G277	1
G16	G270	1
G16	G227	1
G16	G201	1
G16	G101	1
G16	G435	1
G16	G533	1
G16	G181	1
G16	G155	1
G16	G340	1
G16	G409	1
G16	G138	1
G16	G444	1
G16	G543	1
G16	G411	1
G16	G23	1
G16	G353	1
G16	G460	1
G16	G311	1
G16	G475	1
G16	G517	1
G16	G432	1
G16	G539	1
G16	G170	1
G16	G35	1
G16	G287	1
G16	G399	1
G16	G76	1
G16	G468	1
G16	G449	1
G16	G378	1
G16	G421	1
G16	G293	1
G16	G306	1
G16	G132	1
G16	G555	1
G16	G40	1
G16	G386	1
G16	G317	1
G16	G248	1
G16	G286	1
G16	G348	1
G16	G228	1
G16	G372	1
G16	G392	1
G16	G215	1
G16	G521	1
G16	G81	1
G16	G121	1
G16	G455	1
G16	G218	1
G16	G410	1
G16	G301	1
G16	G66	1
G16	G245	1
G16	G429	1
G16	G520	1
G16	G144	1
G16	G137	1
G16	G128	1
G16	G302	1
G16	G88	1
G16	G525	1
G16	G476	1
G16	G305	1
G16	G207	1
G16	G375	1
G16	G282	1
G16	G236	1
G16	G483	1
G16	G309	1
G16	G2	1
G16	G360	1
G16	G329	1
G16	G384	1
G16	G514	1
G16	G496	1
G16	G504	1
G16	G232	1
G16	G490	1
G16	G497	1
G16	G55	1
G16	G322	1
G16	G548	1
G16	G0	1
G16	G512	1
G16	G256	1
G16	G316	1
G16	G492	1
G16	G143	1
G16	G28	1
G16	G393	1
G16	G453	1
G16	G127	1
G16	G114	1
G16	G53	1
G16	G135	1
G16	G194	1
G16	G526	1
G16	G42	1
G16	G273	1
G16	G532	1
G16	G415	1
G16	G462	1
G16	G133	1
G16	G174	1
G16	G260	1
G16	G200	1
G16	G13	1
G16	G368	1
G16	G400	1
G16	G33	1
G16	G419	1
G16	G418	1
G16	G349	1
G16	G321	1
G16	G406	1
G16	G523	1
G16	G10	1
G16	G60	1
G16	G219	1
G16	G242	1
G16	G168	1
G16	G464	1
G16	G515	1
G16	G158	1
G16	G213	1
G16	G485	1
G16	G234	1
G16	G465	1
G16	G59	1
G16	G405	1
G16	G107	1
G16	G389	1
G16	G484	1
G16	G412	1
G16	G154	1
G16	G147	1
G16	G271	1
G16	G257	1
G16	G487	1
G16	G506	1
G16	G439	1
G16	G189	1
G16	G214	1
G16	G5	1
G16	G148	1
G16	G314	1
G16	G86	1
G16	G330	1
G16	G480	1
G16	G542	1
G16	G414	1
G16	G367	1
G16	G394	1
G16	G14	1
G16	G41	1
G16	G289	1
G16	G69	1
G16	G142	1
G16	G407	1
G16	G535	1
G16	G447	1
G16	G404	1
G16	G173	1
G16	G363	1
G16	G25	1
G16	G540	1
G16	G235	1
G16	G140	1
G16	G448	1
G16	G346	1
G16	G20	1
G16	G495	1
G16	G122	1
G16	G516	1
G16	G230	1
G16	G326	1
G16	G58	1
G16	G258	1
G16	G3	1
G16	G26	1
G16	G238	1
G16	G17	1
G16	G24	1
G16	G436	1
G16	G534	1
G16	G263	1
G16	G9	1
G16	G36	1
G16	G416	1
G16	G34	1
G16	G15	1
G16	G530	1
G16	G182	1
G16	G100	1
G16	G341	1
G16	G216	1
G16	G281	1
G16	G139	1
G16	G467	1
G16	G457	1
G16	G351	1
G16	G62	1
G16	G308	1
G16	G108	1
G16	G513	1
G16	G156	1
G16	G159	1
G16	G362	1
G16	G12	1
G16	G390	1
G16	G44	1
G16	G95	1
G16	G369	1
G16	G8	1
G16	G466	1
G16	G51	1
G16	G451	1
G16	G471	1
G16	G166	1
G16	G295	1
G16	G428	1
G16	G493	1
G16	G310	1
G16	G458	1
G16	G54	1
G16	G319	1
G16	G78	1
G16	G67	1
G16	G224	1
G16	G237	1
G16	G379	1
G16	G381	1
G16	G162	1
G16	G438	1
G16	G209	1
G16	G259	1
G16	G73	1
G16	G124	1
G16	G221	1
G16	G456	1
G16	G90	1
G16	G80	1
G16	G537	1
G16	G74	1
G16	G546	1
G16	G253	1
G16	G231	1
G16	G344	1
G16	G79	1
G16	G355	1
G16	G499	1
G16	G423	1
G16	G356	1
G16	G97	1
G16	G70	1
G16	G37	1
G16	G408	1
G16	G402	1
G16	G469	1
G16	G557	1
G16	G510	1
G16	G269	1
G16	G332	1
G16	G299	1
G16	G185	1
G16	G57	1
G16	G205	1
G16	G109	1
G16	G296	1
G16	G29	1
G16	G188	1
G16	G446	1
G16	G191	1
G16	G422	1
G16	G106	1
G16	G284	1
G16	G99	1
G16	G442	1
G16	G206	1
G16	G426	1
G16	G300	1
G16	G1	1
G16	G112	1
G16	G403	1
G16	G519	1
G16	G553	1
G16	G507	1
G16	G425	1
G16	G338	1
G16	G4	1
G16	G68	1
G16	G46	1
G16	G297	1
G16	G18	1
G16	G350	1
G16	G110	1
G16	G243	1
G16	G145	1
G16	G505	1
G16	G292	1
G16	G541	1
G16	G105	1
G16	G396	1
G16	G246	1
G16	G450	1
G16	G482	1
G16	G167	1
G16	G508	1
G16	G536	1
G16	G163	1
G16	G63	1
G16	G32	1
G16	G199	1
G16	G98	1
G16	G91	1
G16	G6	1
G16	G550	1
G16	G334	1
G16	G303	1
