G214	G17	1
G214	G127	1
G214	G94	1
G102	G169	1
G201	G239	1
G201	G96	1
G201	G41	1
G201	G127	1
G201	G314	1
G213	G1026	1
G213	G643	1
G213	G159	1
G301	G643	1
G64	G110	1
G239	G387	1
G239	G17	1
G45	G162	1
G45	G303	1
G221	G941	1
G6	G1013	1
G6	G96	1
G6	G136	1
G6	G585	1
G6	G454	1
G6	G275	1
G6	G971	1
G6	G17	1
G6	G41	1
G6	G314	1
G6	G110	1
G218	G1013	1
G218	G176	1
G26	G1026	1
G26	G971	1
G26	G110	1
G101	G46	1
G101	G971	1
G313	G1013	1
G313	G6	1
G313	G574	1
G313	G658	1
G313	G1099	1
G313	G261	1
G313	G860	1
G313	G303	1
G313	G767	1
G313	G164	1
G313	G210	1
G313	G314	1
G313	G110	1
G153	G162	1
G55	G1026	1
G58	G1019	1
G58	G119	1
G107	G313	1
G107	G119	1
G107	G547	1
G107	G303	1
G107	G46	1
G44	G110	1
G119	G44	1
G96	G313	1
G96	G323	1
G96	G303	1
G96	G971	1
G96	G288	1
G96	G172	1
G96	G1086	1
G96	G110	1
G136	G96	1
G244	G1062	1
G81	G1312	1
G81	G96	1
G81	G643	1
G81	G28	1
G243	G1026	1
G243	G303	1
G243	G174	1
G243	G191	1
G243	G203	1
G243	G1042	1
G198	G940	1
G198	G6	1
G198	G971	1
G162	G639	1
G56	G1026	1
G56	G319	1
G56	G164	1
G56	G220	1
G56	G314	1
G259	G860	1
G303	G930	1
G303	G419	1
G303	G1027	1
G303	G574	1
G303	G96	1
G303	G860	1
G303	G800	1
G303	G1211	1
G303	G288	1
G303	G17	1
G303	G172	1
G303	G384	1
G303	G655	1
G303	G470	1
G303	G1042	1
G303	G314	1
G303	G110	1
G286	G129	1
G196	G109	1
G142	G930	1
G142	G1026	1
G90	G196	1
G9	G27	1
G144	G313	1
G164	G313	1
G46	G110	1
G38	G833	1
G39	G976	1
G176	G1026	1
G176	G96	1
G176	G259	1
G228	G196	1
G228	G174	1
G133	G174	1
G52	G174	1
G121	G1266	1
G288	G1266	1
G288	G620	1
G288	G1287	1
G288	G96	1
G288	G159	1
G288	G46	1
G288	G459	1
G288	G971	1
G288	G17	1
G288	G609	1
G288	G389	1
G288	G862	1
G288	G636	1
G288	G967	1
G288	G1077	1
G318	G162	1
G17	G92	1
G17	G354	1
G17	G111	1
G17	G567	1
G17	G1026	1
G17	G239	1
G17	G387	1
G17	G218	1
G17	G1027	1
G17	G574	1
G17	G1253	1
G17	G153	1
G17	G96	1
G17	G585	1
G17	G1099	1
G17	G1306	1
G17	G764	1
G17	G860	1
G17	G259	1
G17	G226	1
G17	G164	1
G17	G174	1
G17	G75	1
G17	G41	1
G17	G655	1
G17	G470	1
G17	G1239	1
G17	G195	1
G17	G636	1
G17	G112	1
G17	G863	1
G17	G372	1
G17	G94	1
G17	G314	1
G17	G280	1
G17	G110	1
G17	G1013	1
G174	G17	1
G75	G17	1
G172	G174	1
G172	G78	1
G169	G17	1
G169	G127	1
G297	G110	1
G41	G91	1
G41	G197	1
G41	G313	1
G41	G652	1
G191	G1013	1
G191	G325	1
G191	G230	1
G191	G1243	1
G160	G1013	1
G160	G1026	1
G160	G96	1
G160	G109	1
G160	G798	1
G195	G354	1
G195	G44	1
G195	G860	1
G195	G636	1
G195	G314	1
G195	G280	1
G127	G92	1
G127	G354	1
G127	G387	1
G127	G26	1
G127	G96	1
G127	G585	1
G127	G259	1
G127	G17	1
G127	G1239	1
G127	G636	1
G127	G372	1
G127	G314	1
G127	G280	1
G127	G110	1
G27	G239	1
G30	G639	1
G30	G110	1
G129	G1026	1
G129	G1099	1
G129	G30	1
G178	G1026	1
G178	G1099	1
G178	G246	1
G178	G162	1
G178	G261	1
G178	G303	1
G178	G30	1
G216	G703	1
G216	G334	1
G216	G1026	1
G216	G176	1
G216	G174	1
G203	G158	1
G203	G930	1
G203	G64	1
G203	G91	1
G203	G419	1
G203	G1026	1
G203	G239	1
G203	G137	1
G203	G1287	1
G203	G1187	1
G203	G26	1
G203	G313	1
G203	G96	1
G203	G257	1
G203	G303	1
G203	G177	1
G203	G1028	1
G203	G353	1
G203	G144	1
G203	G459	1
G203	G1244	1
G203	G591	1
G203	G7	1
G203	G169	1
G203	G655	1
G203	G901	1
G203	G1145	1
G203	G30	1
G203	G490	1
G203	G1111	1
G203	G636	1
G203	G372	1
G203	G314	1
G203	G280	1
G203	G639	1
G203	G362	1
G203	G554	1
G203	G1052	1
G112	G620	1
G112	G319	1
G112	G313	1
G112	G56	1
G112	G46	1
G112	G971	1
G112	G110	1
G53	G92	1
G53	G313	1
G53	G96	1
G53	G198	1
G53	G196	1
G53	G971	1
G53	G925	1
G53	G127	1
G53	G314	1
G53	G110	1
G272	G313	1
G272	G228	1
G272	G690	1
G272	G314	1
G256	G110	1
G141	G375	1
G181	G162	1
G200	G334	1
G251	G1026	1
G251	G110	1
G62	G239	1
G62	G833	1
G35	G118	1
G110	G241	1
G110	G1229	1
G110	G1013	1
G110	G116	1
G110	G1026	1
G110	G644	1
G110	G1253	1
G110	G313	1
G110	G96	1
G110	G1227	1
G110	G171	1
G110	G162	1
G110	G144	1
G110	G159	1
G110	G392	1
G110	G46	1
G110	G971	1
G110	G17	1
G110	G172	1
G110	G297	1
G110	G325	1
G110	G127	1
G110	G27	1
G110	G636	1
G110	G200	1
G110	G639	1
G110	G196	1
G199	G27	1
G199	G53	1
G12	G46	1
G277	G288	1
G310	G971	1
G310	G1042	1
G78	G218	1
G78	G1042	1
G1	G941	1
G1	G259	1
G1	G544	1
G294	G163	1
G316	G221	1
G236	G1026	1
G242	G17	1
G150	G44	1
G238	G96	1
G158	G1067	1
G158	G1083	1
G158	G1304	1
G158	G1001	1
G158	G1223	1
G158	G238	1
G158	G87	1
G158	G570	1
G158	G650	1
G158	G201	1
G158	G241	1
G158	G1137	1
G158	G600	1
G158	G1214	1
G158	G91	1
G158	G1201	1
G158	G866	1
G158	G747	1
G158	G116	1
G158	G193	1
G158	G777	1
G158	G1250	1
G158	G394	1
G158	G589	1
G158	G914	1
G158	G42	1
G158	G922	1
G158	G973	1
G158	G651	1
G158	G48	1
G158	G644	1
G158	G838	1
G158	G508	1
G158	G452	1
G158	G407	1
G158	G981	1
G158	G920	1
G158	G956	1
G158	G313	1
G158	G153	1
G158	G55	1
G158	G1004	1
G158	G146	1
G158	G44	1
G158	G1309	1
G158	G175	1
G158	G1186	1
G158	G379	1
G158	G16	1
G158	G941	1
G158	G1091	1
G158	G1094	1
G158	G257	1
G158	G911	1
G158	G4	1
G158	G515	1
G158	G603	1
G158	G1144	1
G158	G177	1
G158	G104	1
G158	G196	1
G158	G943	1
G158	G190	1
G158	G459	1
G158	G1209	1
G158	G382	1
G158	G482	1
G158	G133	1
G158	G583	1
G158	G17	1
G158	G165	1
G158	G72	1
G158	G400	1
G158	G172	1
G158	G1248	1
G158	G41	1
G158	G855	1
G158	G65	1
G158	G1136	1
G158	G909	1
G158	G1219	1
G158	G1175	1
G158	G1123	1
G158	G356	1
G158	G195	1
G158	G127	1
G158	G740	1
G158	G870	1
G158	G1265	1
G158	G396	1
G158	G30	1
G158	G437	1
G158	G3	1
G158	G517	1
G158	G203	1
G158	G344	1
G158	G25	1
G158	G112	1
G158	G1173	1
G158	G863	1
G158	G308	1
G158	G364	1
G158	G494	1
G158	G314	1
G158	G1029	1
G158	G1241	1
G158	G57	1
G158	G460	1
G158	G1263	1
G158	G285	1
G158	G632	1
G158	G947	1
G158	G990	1
G158	G316	1
G158	G54	1
G158	G77	1
G158	G19	1
G158	G118	1
G158	G100	1
G87	G158	1
G214	G243	1
G214	G468	1
G214	G325	1
G214	G702	1
G214	G636	1
G214	G887	1
G267	G42	1
G267	G243	1
G267	G216	1
G267	G278	1
G267	G161	1
G267	G276	1
G267	G289	1
G267	G1110	1
G267	G1057	1
G108	G216	1
G108	G53	1
G282	G146	1
G282	G697	1
G201	G92	1
G201	G6	1
G201	G136	1
G201	G144	1
G201	G164	1
G201	G240	1
G201	G325	1
G201	G578	1
G241	G44	1
G241	G243	1
G241	G303	1
G241	G226	1
G241	G142	1
G241	G288	1
G241	G216	1
G241	G112	1
G241	G110	1
G213	G92	1
G213	G6	1
G213	G96	1
G213	G136	1
G213	G303	1
G213	G144	1
G213	G240	1
G213	G325	1
G213	G578	1
G301	G164	1
G64	G906	1
G64	G1289	1
G64	G1179	1
G64	G1229	1
G64	G600	1
G64	G829	1
G64	G1214	1
G64	G1233	1
G64	G739	1
G64	G838	1
G64	G221	1
G64	G981	1
G64	G1121	1
G64	G153	1
G64	G850	1
G64	G585	1
G64	G350	1
G64	G1126	1
G64	G868	1
G64	G120	1
G64	G1077	1
G64	G1236	1
G64	G1167	1
G64	G311	1
G64	G196	1
G64	G473	1
G64	G883	1
G64	G550	1
G64	G751	1
G64	G722	1
G64	G433	1
G64	G140	1
G64	G716	1
G64	G910	1
G64	G979	1
G64	G717	1
G64	G892	1
G64	G967	1
G64	G8	1
G64	G304	1
G64	G836	1
G64	G1282	1
G64	G1263	1
G64	G847	1
G64	G242	1
G64	G921	1
G83	G226	1
G279	G3	1
G91	G243	1
G91	G53	1
G296	G730	1
G296	G870	1
G296	G430	1
G296	G665	1
G296	G988	1
G296	G1127	1
G99	G192	1
G99	G1248	1
G116	G192	1
G116	G1248	1
G116	G242	1
G193	G27	1
G193	G202	1
G123	G27	1
G115	G311	1
G115	G27	1
G115	G35	1
G145	G1054	1
G145	G1267	1
G145	G248	1
G239	G534	1
G239	G906	1
G239	G1295	1
G239	G1304	1
G239	G1016	1
G239	G238	1
G239	G628	1
G239	G685	1
G239	G650	1
G239	G241	1
G239	G1051	1
G239	G597	1
G239	G91	1
G239	G812	1
G239	G1286	1
G239	G1006	1
G239	G588	1
G239	G1193	1
G239	G419	1
G239	G334	1
G239	G964	1
G239	G1026	1
G239	G48	1
G239	G754	1
G239	G50	1
G239	G472	1
G239	G153	1
G239	G949	1
G239	G833	1
G239	G1031	1
G239	G501	1
G239	G1059	1
G239	G1307	1
G239	G350	1
G239	G865	1
G239	G697	1
G239	G1091	1
G239	G911	1
G239	G643	1
G239	G352	1
G239	G162	1
G239	G261	1
G239	G1300	1
G239	G157	1
G239	G76	1
G239	G15	1
G239	G196	1
G239	G182	1
G239	G164	1
G239	G883	1
G239	G46	1
G239	G275	1
G239	G792	1
G239	G59	1
G239	G79	1
G239	G260	1
G239	G176	1
G239	G7	1
G239	G228	1
G239	G1215	1
G239	G626	1
G239	G318	1
G239	G1294	1
G239	G321	1
G239	G41	1
G239	G389	1
G239	G738	1
G239	G599	1
G239	G1123	1
G239	G978	1
G239	G1265	1
G239	G480	1
G239	G27	1
G239	G862	1
G239	G448	1
G239	G721	1
G239	G854	1
G239	G200	1
G239	G544	1
G239	G314	1
G239	G1033	1
G239	G639	1
G239	G362	1
G239	G1263	1
G239	G285	1
G239	G990	1
G239	G54	1
G239	G118	1
G71	G169	1
G204	G697	1
G45	G146	1
G45	G7	1
G45	G181	1
G42	G267	1
G42	G175	1
G42	G7	1
G42	G160	1
G42	G216	1
G42	G161	1
G42	G276	1
G319	G146	1
G319	G112	1
G20	G263	1
G20	G0	1
G20	G192	1
G20	G850	1
G20	G1248	1
G263	G20	1
G263	G192	1
G0	G20	1
G0	G192	1
G0	G850	1
G0	G1248	1
G192	G99	1
G192	G116	1
G192	G20	1
G192	G263	1
G192	G0	1
G192	G850	1
G192	G1248	1
G192	G61	1
G179	G1292	1
G179	G218	1
G179	G773	1
G179	G1044	1
G179	G266	1
G179	G434	1
G137	G1292	1
G137	G261	1
G137	G303	1
G221	G92	1
G221	G6	1
G221	G96	1
G221	G136	1
G221	G144	1
G221	G240	1
G221	G176	1
G221	G325	1
G221	G578	1
G6	G1289	1
G6	G201	1
G6	G213	1
G6	G1026	1
G6	G221	1
G6	G218	1
G6	G658	1
G6	G107	1
G6	G95	1
G6	G198	1
G6	G780	1
G6	G300	1
G6	G176	1
G6	G249	1
G6	G228	1
G6	G288	1
G6	G681	1
G6	G1175	1
G6	G160	1
G6	G127	1
G6	G262	1
G6	G202	1
G6	G129	1
G6	G178	1
G6	G112	1
G6	G53	1
G6	G272	1
G6	G200	1
G6	G362	1
G29	G96	1
G29	G243	1
G29	G311	1
G29	G160	1
G29	G27	1
G29	G200	1
G306	G864	1
G306	G361	1
G306	G678	1
G306	G1305	1
G306	G761	1
G306	G844	1
G306	G92	1
G306	G1317	1
G306	G706	1
G306	G993	1
G306	G458	1
G306	G201	1
G306	G429	1
G306	G932	1
G306	G442	1
G306	G994	1
G306	G498	1
G306	G597	1
G306	G1214	1
G306	G747	1
G306	G607	1
G306	G812	1
G306	G837	1
G306	G1129	1
G306	G1155	1
G306	G457	1
G306	G1182	1
G306	G715	1
G306	G589	1
G306	G239	1
G306	G1125	1
G306	G522	1
G306	G1003	1
G306	G572	1
G306	G1025	1
G306	G944	1
G306	G431	1
G306	G757	1
G306	G1287	1
G306	G505	1
G306	G197	1
G306	G1280	1
G306	G634	1
G306	G574	1
G306	G43	1
G306	G553	1
G306	G86	1
G306	G233	1
G306	G981	1
G306	G26	1
G306	G255	1
G306	G1010	1
G306	G313	1
G306	G117	1
G306	G769	1
G306	G1235	1
G306	G752	1
G306	G755	1
G306	G107	1
G306	G912	1
G306	G1019	1
G306	G950	1
G306	G501	1
G306	G244	1
G306	G412	1
G306	G1099	1
G306	G350	1
G306	G366	1
G306	G919	1
G306	G602	1
G306	G438	1
G306	G1164	1
G306	G323	1
G306	G1262	1
G306	G243	1
G306	G1094	1
G306	G67	1
G306	G183	1
G306	G692	1
G306	G1300	1
G306	G422	1
G306	G520	1
G306	G85	1
G306	G23	1
G306	G463	1
G306	G300	1
G306	G954	1
G306	G353	1
G135	G285	1
G306	G240	1
G306	G46	1
G306	G760	1
G306	G1008	1
G306	G382	1
G306	G512	1
G306	G765	1
G306	G529	1
G306	G890	1
G306	G1296	1
G306	G1279	1
G306	G1222	1
G306	G939	1
G306	G972	1
G306	G1166	1
G306	G341	1
G306	G577	1
G306	G318	1
G306	G174	1
G306	G468	1
G306	G163	1
G306	G816	1
G306	G889	1
G306	G172	1
G306	G1294	1
G306	G1184	1
G306	G347	1
G306	G1261	1
G306	G1068	1
G306	G297	1
G306	G758	1
G306	G1232	1
G306	G992	1
G306	G748	1
G306	G65	1
G306	G33	1
G306	G152	1
G306	G140	1
G306	G206	1
G306	G609	1
G306	G901	1
G306	G738	1
G306	G1024	1
G306	G1270	1
G306	G823	1
G306	G719	1
G306	G1044	1
G306	G363	1
G306	G1162	1
G306	G894	1
G306	G1065	1
G306	G732	1
G306	G219	1
G306	G134	1
G306	G374	1
G306	G1220	1
G306	G870	1
G306	G548	1
G306	G1189	1
G306	G1277	1
G306	G989	1
G306	G630	1
G306	G590	1
G306	G1090	1
G306	G671	1
G306	G665	1
G306	G623	1
G306	G1000	1
G306	G853	1
G306	G1213	1
G306	G988	1
G306	G471	1
G306	G1101	1
G306	G916	1
G306	G725	1
G306	G1038	1
G306	G173	1
G306	G538	1
G306	G1288	1
G306	G138	1
G306	G720	1
G306	G278	1
G306	G161	1
G306	G489	1
G306	G248	1
G306	G859	1
G306	G967	1
G306	G1291	1
G306	G266	1
G306	G272	1
G306	G957	1
G306	G447	1
G306	G440	1
G306	G18	1
G306	G93	1
G306	G863	1
G306	G60	1
G306	G1130	1
G306	G251	1
G306	G1047	1
G306	G494	1
G306	G8	1
G306	G582	1
G306	G304	1
G306	G836	1
G306	G35	1
G306	G110	1
G306	G57	1
G306	G610	1
G306	G1263	1
G306	G277	1
G306	G987	1
G306	G402	1
G306	G285	1
G306	G235	1
G306	G632	1
G306	G646	1
G306	G631	1
G306	G1017	1
G306	G310	1
G306	G327	1
G306	G355	1
G306	G234	1
G306	G1122	1
G306	G118	1
G306	G921	1
G218	G394	1
G218	G179	1
G218	G6	1
G218	G985	1
G218	G999	1
G218	G98	1
G218	G656	1
G218	G303	1
G218	G164	1
G218	G462	1
G218	G982	1
G218	G969	1
G218	G1270	1
G218	G745	1
G218	G599	1
G218	G593	1
G218	G1278	1
G218	G823	1
G218	G1256	1
G218	G1237	1
G218	G719	1
G218	G917	1
G218	G1044	1
G218	G698	1
G218	G363	1
G218	G937	1
G218	G1219	1
G218	G342	1
G218	G425	1
G218	G127	1
G218	G216	1
G218	G170	1
G218	G200	1
G218	G1263	1
G43	G786	1
G43	G127	1
G50	G96	1
G86	G265	1
G37	G110	1
G233	G1040	1
G233	G816	1
G233	G129	1
G233	G178	1
G233	G216	1
G211	G325	1
G211	G127	1
G222	G607	1
G222	G266	1
G26	G1013	1
G26	G101	1
G26	G44	1
G26	G697	1
G26	G243	1
G26	G293	1
G26	G69	1
G26	G205	1
G26	G159	1
G26	G169	1
G26	G325	1
G26	G127	1
G26	G35	1
G26	G1263	1
G101	G26	1
G101	G24	1
G101	G55	1
G101	G44	1
G101	G697	1
G309	G216	1
G269	G693	1
G269	G972	1
G269	G341	1
G269	G1278	1
G269	G632	1
G313	G1001	1
G313	G238	1
G313	G92	1
G313	G570	1
G313	G416	1
G313	G1159	1
G313	G390	1
G313	G1050	1
G313	G788	1
G313	G1131	1
G313	G1229	1
G313	G91	1
G313	G691	1
G313	G193	1
G313	G115	1
G313	G777	1
G313	G922	1
G313	G48	1
G313	G20	1
G313	G985	1
G313	G1117	1
G313	G920	1
G313	G24	1
G313	G1139	1
G313	G752	1
G313	G501	1
G313	G136	1
G313	G1126	1
G313	G14	1
G313	G257	1
G313	G4	1
G313	G928	1
G313	G1141	1
G313	G1267	1
G313	G142	1
G313	G187	1
G313	G190	1
G313	G871	1
G313	G741	1
G313	G382	1
G313	G124	1
G313	G172	1
G313	G1248	1
G313	G395	1
G313	G1175	1
G313	G312	1
G313	G195	1
G313	G1063	1
G313	G1264	1
G313	G27	1
G313	G284	1
G313	G30	1
G313	G3	1
G313	G1273	1
G313	G203	1
G313	G170	1
G313	G814	1
G313	G1241	1
G313	G362	1
G313	G1282	1
G313	G1138	1
G313	G285	1
G313	G310	1
G313	G100	1
G313	G921	1
G153	G1223	1
G153	G238	1
G153	G458	1
G153	G390	1
G153	G1050	1
G153	G446	1
G153	G788	1
G153	G1131	1
G153	G115	1
G153	G239	1
G153	G922	1
G153	G48	1
G153	G1117	1
G153	G920	1
G153	G313	1
G153	G24	1
G153	G752	1
G153	G136	1
G153	G542	1
G153	G1126	1
G153	G257	1
G153	G4	1
G153	G928	1
G153	G1141	1
G153	G1267	1
G153	G190	1
G153	G275	1
G153	G792	1
G153	G59	1
G153	G79	1
G153	G260	1
G153	G305	1
G153	G382	1
G153	G124	1
G153	G228	1
G153	G172	1
G153	G1248	1
G153	G169	1
G153	G485	1
G153	G1089	1
G153	G312	1
G153	G1264	1
G153	G27	1
G153	G933	1
G153	G809	1
G153	G30	1
G153	G440	1
G153	G814	1
G153	G314	1
G153	G110	1
G153	G1282	1
G153	G1263	1
G153	G1138	1
G153	G285	1
G153	G316	1
G153	G847	1
G24	G101	1
G55	G101	1
G55	G697	1
G55	G228	1
G89	G606	1
G89	G915	1
G89	G1272	1
G89	G559	1
G89	G850	1
G89	G381	1
G89	G714	1
G89	G870	1
G89	G1238	1
G89	G430	1
G89	G497	1
G89	G1105	1
G89	G1319	1
G89	G802	1
G89	G671	1
G89	G552	1
G89	G665	1
G89	G903	1
G89	G853	1
G89	G500	1
G89	G988	1
G89	G1127	1
G89	G1299	1
G89	G1048	1
G271	G320	1
G107	G6	1
G107	G300	1
G107	G144	1
G107	G240	1
G107	G216	1
G107	G278	1
G107	G276	1
G107	G274	1
G146	G282	1
G146	G45	1
G146	G319	1
G146	G300	1
G146	G88	1
G146	G41	1
G146	G208	1
G146	G168	1
G146	G199	1
G146	G227	1
G146	G1075	1
G44	G150	1
G44	G241	1
G44	G26	1
G44	G101	1
G44	G697	1
G44	G243	1
G44	G164	1
G44	G293	1
G44	G69	1
G44	G205	1
G44	G159	1
G44	G325	1
G44	G80	1
G44	G151	1
G44	G312	1
G44	G191	1
G44	G93	1
G119	G239	1
G119	G27	1
G96	G238	1
G96	G803	1
G96	G1254	1
G96	G108	1
G96	G213	1
G96	G64	1
G136	G803	1
G136	G64	1
G136	G91	1
G136	G884	1
G96	G829	1
G136	G739	1
G136	G999	1
G136	G1121	1
G136	G539	1
G136	G850	1
G136	G146	1
G136	G119	1
G136	G412	1
G136	G1099	1
G136	G759	1
G136	G243	1
G96	G91	1
G136	G643	1
G136	G303	1
G136	G226	1
G136	G1028	1
G136	G473	1
G136	G1132	1
G136	G164	1
G136	G883	1
G136	G17	1
G136	G1232	1
G136	G686	1
G136	G433	1
G136	G702	1
G136	G140	1
G136	G312	1
G136	G127	1
G136	G1063	1
G136	G979	1
G136	G995	1
G136	G1111	1
G136	G278	1
G136	G181	1
G136	G1282	1
G136	G1263	1
G96	G884	1
G136	G882	1
G136	G78	1
G136	G242	1
G136	G921	1
G96	G588	1
G96	G927	1
G96	G394	1
G96	G48	1
G96	G739	1
G96	G29	1
G96	G999	1
G96	G50	1
G96	G1253	1
G96	G1121	1
G96	G539	1
G96	G850	1
G96	G146	1
G96	G119	1
G96	G412	1
G96	G1297	1
G96	G1099	1
G96	G759	1
G96	G81	1
G96	G246	1
G96	G643	1
G96	G764	1
G96	G860	1
G96	G226	1
G244	G164	1
G96	G696	1
G96	G353	1
G96	G473	1
G96	G1132	1
G96	G144	1
G96	G164	1
G96	G240	1
G96	G883	1
G96	G332	1
G96	G378	1
G96	G124	1
G96	G722	1
G96	G1232	1
G96	G686	1
G96	G433	1
G96	G702	1
G96	G140	1
G96	G917	1
G96	G312	1
G96	G1063	1
G96	G444	1
G96	G979	1
G96	G262	1
G96	G138	1
G96	G995	1
G96	G1111	1
G96	G216	1
G96	G3	1
G96	G278	1
G96	G252	1
G96	G636	1
G96	G112	1
G96	G53	1
G96	G181	1
G96	G372	1
G96	G94	1
G96	G314	1
G96	G1282	1
G96	G1263	1
G96	G882	1
G96	G78	1
G96	G242	1
G96	G921	1
G175	G42	1
G175	G243	1
G175	G2	1
G175	G596	1
G175	G7	1
G175	G151	1
G175	G312	1
G229	G95	1
G229	G36	1
G229	G147	1
G229	G208	1
G229	G209	1
G229	G122	1
G229	G152	1
G229	G212	1
G229	G140	1
G229	G84	1
G229	G206	1
G229	G131	1
G229	G283	1
G229	G256	1
G95	G6	1
G95	G229	1
G95	G36	1
G95	G208	1
G95	G209	1
G95	G122	1
G95	G152	1
G95	G212	1
G95	G140	1
G95	G84	1
G95	G206	1
G95	G131	1
G95	G718	1
G95	G283	1
G95	G256	1
G95	G78	1
G265	G86	1
G265	G225	1
G265	G215	1
G265	G141	1
G36	G727	1
G36	G229	1
G36	G95	1
G36	G1040	1
G36	G1134	1
G36	G297	1
G36	G208	1
G36	G209	1
G36	G122	1
G36	G152	1
G36	G212	1
G36	G140	1
G36	G84	1
G36	G206	1
G36	G131	1
G36	G298	1
G36	G669	1
G36	G248	1
G36	G524	1
G36	G82	1
G36	G25	1
G36	G185	1
G36	G237	1
G36	G18	1
G36	G283	1
G36	G256	1
G36	G223	1
G36	G74	1
G36	G189	1
G36	G320	1
G81	G178	1
G10	G66	1
G10	G53	1
G14	G985	1
G14	G27	1
G66	G793	1
G66	G895	1
G66	G10	1
G66	G1281	1
G66	G918	1
G66	G1079	1
G66	G1145	1
G66	G798	1
G243	G214	1
G243	G267	1
G243	G241	1
G243	G91	1
G243	G29	1
G243	G26	1
G243	G44	1
G243	G96	1
G243	G136	1
G243	G175	1
G243	G438	1
G243	G697	1
G243	G1094	1
G243	G1194	1
G243	G148	1
G243	G142	1
G243	G2	1
G243	G596	1
G243	G7	1
G243	G17	1
G243	G73	1
G243	G1136	1
G243	G578	1
G243	G151	1
G243	G312	1
G243	G160	1
G243	G127	1
G243	G27	1
G243	G130	1
G243	G178	1
G243	G216	1
G243	G200	1
G243	G110	1
G243	G285	1
G243	G316	1
G246	G96	1
G246	G303	1
G198	G1289	1
G198	G91	1
G198	G1026	1
G198	G881	1
G198	G658	1
G198	G780	1
G198	G557	1
G198	G454	1
G198	G164	1
G198	G275	1
G198	G228	1
G198	G722	1
G198	G1184	1
G198	G681	1
G198	G655	1
G198	G53	1
G198	G531	1
G198	G74	1
G198	G189	1
G198	G314	1
G198	G362	1
G198	G110	1
G198	G887	1
G98	G1013	1
G98	G386	1
G98	G218	1
G98	G293	1
G98	G69	1
G98	G205	1
G98	G159	1
G98	G325	1
G4	G1075	1
G120	G454	1
G162	G1026	1
G162	G578	1
G162	G202	1
G162	G181	1
G162	G110	1
G261	G137	1
G261	G1292	1
G261	G181	1
G147	G229	1
G147	G325	1
G56	G493	1
G56	G829	1
G56	G1269	1
G56	G1302	1
G56	G334	1
G56	G45	1
G56	G973	1
G56	G634	1
G56	G107	1
G56	G244	1
G56	G1046	1
G56	G323	1
G56	G886	1
G56	G692	1
G56	G23	1
G56	G259	1
G56	G34	1
G56	G813	1
G56	G1014	1
G56	G39	1
G56	G332	1
G56	G1020	1
G56	G80	1
G56	G1024	1
G56	G599	1
G56	G1239	1
G56	G802	1
G56	G1288	1
G56	G112	1
G56	G53	1
G56	G531	1
G56	G863	1
G56	G898	1
G56	G245	1
G56	G61	1
G56	G77	1
G56	G921	1
G23	G493	1
G23	G829	1
G23	G1269	1
G23	G334	1
G23	G204	1
G23	G45	1
G23	G973	1
G23	G634	1
G23	G539	1
G23	G833	1
G23	G175	1
G23	G1046	1
G23	G323	1
G23	G886	1
G23	G56	1
G23	G259	1
G23	G34	1
G23	G813	1
G23	G1014	1
G23	G39	1
G23	G332	1
G23	G220	1
G23	G1024	1
G23	G599	1
G23	G593	1
G23	G1239	1
G23	G425	1
G23	G1078	1
G23	G112	1
G23	G863	1
G23	G898	1
G23	G61	1
G259	G493	1
G259	G334	1
G259	G1046	1
G259	G323	1
G259	G56	1
G259	G23	1
G259	G34	1
G259	G332	1
G259	G220	1
G259	G195	1
G259	G202	1
G259	G112	1
G259	G272	1
G34	G493	1
G34	G588	1
G34	G927	1
G34	G334	1
G34	G1046	1
G34	G323	1
G34	G860	1
G34	G56	1
G34	G23	1
G34	G259	1
G34	G332	1
G34	G220	1
G34	G112	1
G34	G314	1
G34	G1263	1
G303	G92	1
G303	G803	1
G303	G1254	1
G303	G108	1
G303	G241	1
G303	G213	1
G303	G446	1
G303	G64	1
G226	G803	1
G226	G241	1
G226	G64	1
G226	G83	1
G226	G91	1
G226	G884	1
G303	G829	1
G226	G739	1
G226	G999	1
G226	G1121	1
G226	G539	1
G226	G850	1
G226	G146	1
G226	G119	1
G226	G96	1
G226	G136	1
G226	G412	1
G226	G1099	1
G226	G759	1
G303	G91	1
G226	G643	1
G226	G473	1
G226	G1132	1
G226	G164	1
G226	G883	1
G226	G1232	1
G226	G686	1
G226	G433	1
G226	G702	1
G226	G140	1
G226	G312	1
G226	G1063	1
G226	G979	1
G226	G995	1
G226	G1111	1
G226	G278	1
G226	G181	1
G303	G116	1
G226	G1282	1
G226	G1263	1
G303	G884	1
G226	G882	1
G226	G78	1
G226	G242	1
G226	G921	1
G303	G588	1
G303	G927	1
G303	G997	1
G303	G48	1
G303	G739	1
G303	G137	1
G303	G999	1
G303	G218	1
G303	G1117	1
G303	G634	1
G303	G1121	1
G303	G313	1
G303	G153	1
G303	G539	1
G303	G850	1
G303	G146	1
G303	G119	1
G303	G136	1
G303	G412	1
G303	G1297	1
G303	G1099	1
G303	G602	1
G303	G759	1
G303	G36	1
G303	G1126	1
G303	G14	1
G303	G246	1
G303	G603	1
G303	G643	1
G303	G1236	1
G303	G196	1
G303	G696	1
G303	G9	1
G303	G454	1
G303	G473	1
G303	G187	1
G303	G1132	1
G303	G144	1
G303	G164	1
G303	G240	1
G303	G883	1
G303	G378	1
G303	G1279	1
G303	G124	1
G303	G900	1
G303	G156	1
G303	G722	1
G303	G1232	1
G303	G686	1
G303	G748	1
G303	G433	1
G303	G702	1
G303	G140	1
G303	G794	1
G303	G395	1
G303	G901	1
G303	G1154	1
G303	G312	1
G303	G127	1
G303	G1063	1
G303	G380	1
G303	G444	1
G303	G916	1
G303	G979	1
G303	G1221	1
G303	G262	1
G303	G202	1
G303	G616	1
G303	G1313	1
G303	G138	1
G303	G30	1
G303	G995	1
G303	G1081	1
G303	G1111	1
G303	G3	1
G303	G278	1
G303	G252	1
G303	G524	1
G303	G203	1
G303	G53	1
G303	G1173	1
G303	G863	1
G303	G181	1
G303	G784	1
G303	G372	1
G303	G94	1
G303	G1282	1
G303	G1263	1
G303	G1052	1
G303	G882	1
G303	G78	1
G303	G947	1
G303	G872	1
G303	G1057	1
G303	G242	1
G303	G287	1
G303	G118	1
G303	G264	1
G303	G921	1
G311	G115	1
G311	G29	1
G311	G1267	1
G311	G151	1
G311	G848	1
G177	G93	1
G225	G265	1
G225	G694	1
G225	G132	1
G225	G82	1
G148	G243	1
G196	G906	1
G196	G417	1
G196	G673	1
G196	G775	1
G196	G1001	1
G196	G724	1
G196	G232	1
G196	G238	1
G196	G815	1
G196	G1087	1
G196	G803	1
G196	G1198	1
G196	G1254	1
G196	G993	1
G196	G416	1
G196	G1216	1
G196	G241	1
G196	G641	1
G196	G1159	1
G196	G1258	1
G196	G657	1
G196	G1181	1
G196	G331	1
G196	G829	1
G196	G1214	1
G196	G1269	1
G196	G812	1
G196	G123	1
G196	G777	1
G196	G964	1
G196	G1026	1
G196	G239	1
G196	G914	1
G196	G644	1
G196	G661	1
G196	G1280	1
G196	G553	1
G196	G37	1
G196	G407	1
G196	G26	1
G196	G1092	1
G196	G322	1
G196	G24	1
G196	G953	1
G196	G606	1
G196	G949	1
G196	G584	1
G196	G1309	1
G196	G501	1
G196	G47	1
G196	G194	1
G196	G1307	1
G196	G175	1
G196	G1186	1
G196	G366	1
G196	G774	1
G196	G789	1
G196	G970	1
G196	G1114	1
G196	G602	1
G196	G1126	1
G196	G97	1
G196	G120	1
G196	G515	1
G196	G603	1
G196	G520	1
G196	G656	1
G196	G311	1
G196	G148	1
G196	G88	1
G196	G9	1
G196	G948	1
G196	G835	1
G196	G560	1
G196	G767	1
G196	G2	1
G196	G871	1
G196	G275	1
G196	G792	1
G196	G59	1
G196	G79	1
G196	G260	1
G196	G329	1
G196	G713	1
G196	G228	1
G196	G121	1
G196	G174	1
G196	G399	1
G196	G926	1
G196	G722	1
G196	G1248	1
G196	G804	1
G196	G41	1
G196	G855	1
G196	G470	1
G196	G65	1
G196	G1136	1
G196	G609	1
G196	G389	1
G196	G738	1
G196	G614	1
G196	G1175	1
G196	G771	1
G196	G1162	1
G196	G1089	1
G196	G342	1
G196	G219	1
G196	G963	1
G196	G415	1
G196	G978	1
G196	G430	1
G196	G497	1
G196	G1213	1
G196	G471	1
G196	G333	1
G196	G445	1
G196	G538	1
G196	G1221	1
G196	G509	1
G196	G519	1
G196	G388	1
G196	G1041	1
G196	G403	1
G196	G262	1
G196	G717	1
G196	G579	1
G196	G216	1
G196	G278	1
G196	G276	1
G196	G735	1
G196	G728	1
G196	G448	1
G196	G154	1
G196	G1243	1
G196	G237	1
G196	G863	1
G196	G62	1
G196	G405	1
G196	G814	1
G196	G314	1
G196	G491	1
G196	G1029	1
G196	G1241	1
G196	G35	1
G196	G105	1
G196	G610	1
G196	G1138	1
G196	G235	1
G196	G1057	1
G142	G241	1
G142	G243	1
G300	G6	1
G300	G407	1
G300	G107	1
G300	G146	1
G300	G228	1
G300	G288	1
G300	G127	1
G300	G262	1
G88	G407	1
G88	G146	1
G9	G182	1
G9	G141	1
G9	G1057	1
G182	G9	1
G187	G860	1
G164	G764	1
G164	G860	1
G164	G314	1
G144	G764	1
G144	G860	1
G144	G314	1
G240	G764	1
G240	G860	1
G240	G314	1
G190	G1057	1
G2	G175	1
G2	G243	1
G2	G240	1
G2	G596	1
G2	G7	1
G2	G1136	1
G2	G151	1
G2	G312	1
G293	G808	1
G293	G1013	1
G293	G1026	1
G293	G644	1
G293	G386	1
G293	G26	1
G293	G44	1
G293	G98	1
G293	G69	1
G293	G205	1
G293	G159	1
G293	G325	1
G69	G808	1
G69	G1013	1
G69	G1026	1
G69	G644	1
G69	G386	1
G69	G26	1
G69	G44	1
G69	G98	1
G69	G293	1
G69	G205	1
G69	G159	1
G69	G325	1
G69	G110	1
G205	G808	1
G205	G1013	1
G205	G1026	1
G205	G644	1
G205	G386	1
G205	G26	1
G205	G44	1
G205	G697	1
G205	G98	1
G205	G293	1
G205	G69	1
G205	G159	1
G205	G325	1
G159	G1013	1
G159	G1026	1
G159	G644	1
G159	G386	1
G159	G26	1
G159	G606	1
G159	G44	1
G159	G98	1
G159	G293	1
G159	G69	1
G159	G205	1
G159	G325	1
G59	G620	1
G59	G239	1
G59	G153	1
G59	G833	1
G59	G196	1
G59	G353	1
G59	G275	1
G59	G792	1
G59	G79	1
G59	G260	1
G59	G228	1
G59	G62	1
G59	G314	1
G275	G562	1
G275	G620	1
G275	G239	1
G275	G153	1
G275	G833	1
G275	G1227	1
G275	G198	1
G275	G196	1
G275	G353	1
G275	G792	1
G275	G59	1
G275	G79	1
G275	G260	1
G275	G228	1
G275	G210	1
G275	G470	1
G275	G130	1
G275	G203	1
G275	G62	1
G275	G314	1
G275	G78	1
G79	G620	1
G79	G239	1
G79	G153	1
G79	G833	1
G79	G196	1
G79	G353	1
G79	G275	1
G79	G792	1
G79	G59	1
G79	G260	1
G79	G228	1
G79	G62	1
G79	G314	1
G260	G620	1
G260	G239	1
G260	G153	1
G260	G833	1
G260	G196	1
G260	G353	1
G260	G275	1
G260	G792	1
G260	G59	1
G260	G79	1
G260	G228	1
G260	G62	1
G260	G314	1
G39	G1304	1
G39	G442	1
G39	G83	1
G39	G588	1
G39	G842	1
G39	G838	1
G39	G263	1
G39	G726	1
G39	G86	1
G39	G953	1
G39	G119	1
G39	G96	1
G39	G244	1
G39	G1094	1
G39	G67	1
G39	G106	1
G39	G261	1
G39	G142	1
G39	G9	1
G39	G1274	1
G39	G1222	1
G39	G133	1
G39	G492	1
G39	G41	1
G39	G855	1
G39	G73	1
G39	G880	1
G39	G1180	1
G39	G1174	1
G39	G662	1
G39	G109	1
G39	G546	1
G39	G401	1
G39	G527	1
G39	G979	1
G39	G484	1
G39	G556	1
G39	G1111	1
G39	G129	1
G39	G276	1
G39	G199	1
G39	G402	1
G176	G6	1
G176	G144	1
G176	G240	1
G176	G698	1
G176	G216	1
G176	G1263	1
G249	G6	1
G7	G45	1
G7	G42	1
G7	G175	1
G7	G243	1
G7	G2	1
G7	G596	1
G7	G151	1
G7	G312	1
G7	G27	1
G220	G1027	1
G220	G574	1
G220	G860	1
G220	G314	1
G228	G562	1
G228	G620	1
G228	G239	1
G228	G6	1
G228	G153	1
G228	G55	1
G228	G833	1
G228	G1227	1
G228	G198	1
G228	G300	1
G228	G1271	1
G228	G353	1
G228	G275	1
G228	G792	1
G228	G59	1
G228	G79	1
G228	G260	1
G228	G41	1
G228	G470	1
G228	G395	1
G228	G130	1
G228	G168	1
G228	G203	1
G228	G308	1
G228	G314	1
G228	G199	1
G21	G722	1
G52	G160	1
G121	G856	1
G121	G164	1
G121	G314	1
G121	G335	1
G288	G241	1
G288	G1026	1
G288	G6	1
G288	G300	1
G288	G1175	1
G288	G1263	1
G318	G722	1
G17	G1056	1
G17	G983	1
G17	G409	1
G17	G785	1
G17	G588	1
G17	G927	1
G17	G419	1
G17	G243	1
G17	G198	1
G17	G581	1
G17	G1077	1
G17	G1132	1
G17	G144	1
G17	G240	1
G17	G220	1
G17	G165	1
G17	G1170	1
G17	G425	1
G17	G1145	1
G17	G127	1
G17	G1221	1
G17	G967	1
G174	G92	1
G174	G985	1
G174	G860	1
G174	G165	1
G174	G195	1
G174	G127	1
G174	G967	1
G174	G440	1
G174	G314	1
G174	G280	1
G174	G110	1
G174	G1263	1
G165	G92	1
G165	G17	1
G165	G174	1
G165	G195	1
G165	G127	1
G165	G272	1
G165	G314	1
G75	G1027	1
G75	G736	1
G75	G764	1
G75	G860	1
G75	G127	1
G75	G280	1
G75	G242	1
G72	G1060	1
G72	G1200	1
G72	G164	1
G72	G702	1
G72	G65	1
G72	G80	1
G72	G208	1
G72	G33	1
G72	G209	1
G72	G122	1
G72	G152	1
G72	G212	1
G72	G140	1
G72	G84	1
G72	G206	1
G72	G114	1
G72	G264	1
G163	G41	1
G163	G425	1
G163	G202	1
G163	G216	1
G163	G1075	1
G258	G1170	1
G258	G160	1
G172	G1295	1
G172	G678	1
G172	G390	1
G172	G466	1
G172	G1258	1
G172	G48	1
G172	G197	1
G172	G595	1
G172	G98	1
G172	G603	1
G172	G520	1
G172	G1061	1
G172	G240	1
G172	G159	1
G172	G382	1
G172	G1279	1
G172	G583	1
G172	G1191	1
G172	G633	1
G172	G935	1
G172	G80	1
G172	G212	1
G172	G479	1
G172	G599	1
G172	G1180	1
G172	G988	1
G172	G717	1
G172	G721	1
G172	G1257	1
G172	G308	1
G172	G143	1
G210	G275	1
G210	G78	1
G292	G1193	1
G292	G731	1
G292	G1066	1
G292	G468	1
G292	G552	1
G292	G511	1
G169	G71	1
G169	G26	1
G169	G325	1
G169	G178	1
G169	G35	1
G169	G1263	1
G13	G216	1
G139	G894	1
G41	G146	1
G41	G228	1
G41	G163	1
G41	G268	1
G41	G848	1
G41	G1263	1
G73	G243	1
G65	G1172	1
G65	G72	1
G80	G775	1
G80	G44	1
G80	G1307	1
G80	G56	1
G80	G1172	1
G80	G72	1
G80	G216	1
G80	G320	1
G208	G727	1
G208	G146	1
G208	G229	1
G208	G95	1
G208	G36	1
G208	G1040	1
G208	G1134	1
G208	G1172	1
G208	G72	1
G208	G297	1
G208	G209	1
G208	G122	1
G208	G152	1
G208	G212	1
G208	G140	1
G208	G84	1
G208	G206	1
G208	G131	1
G208	G298	1
G208	G669	1
G208	G248	1
G208	G524	1
G208	G82	1
G208	G25	1
G208	G185	1
G208	G237	1
G208	G18	1
G208	G283	1
G208	G256	1
G208	G223	1
G208	G74	1
G208	G189	1
G208	G320	1
G33	G1172	1
G33	G72	1
G33	G206	1
G209	G727	1
G209	G229	1
G209	G95	1
G209	G36	1
G209	G1040	1
G209	G1134	1
G209	G1172	1
G209	G72	1
G209	G297	1
G209	G208	1
G209	G122	1
G209	G152	1
G209	G212	1
G209	G140	1
G209	G84	1
G209	G206	1
G209	G131	1
G209	G298	1
G209	G669	1
G209	G248	1
G209	G524	1
G209	G82	1
G209	G25	1
G209	G185	1
G209	G237	1
G209	G18	1
G209	G283	1
G209	G256	1
G209	G223	1
G209	G74	1
G209	G189	1
G209	G320	1
G122	G727	1
G122	G1272	1
G122	G229	1
G122	G95	1
G122	G36	1
G122	G1040	1
G122	G1134	1
G122	G382	1
G122	G468	1
G122	G714	1
G122	G1172	1
G122	G72	1
G122	G297	1
G122	G208	1
G122	G209	1
G122	G152	1
G122	G212	1
G122	G140	1
G122	G84	1
G122	G206	1
G122	G131	1
G122	G114	1
G122	G298	1
G122	G430	1
G122	G903	1
G122	G988	1
G122	G669	1
G122	G248	1
G122	G524	1
G122	G82	1
G122	G25	1
G122	G185	1
G122	G266	1
G122	G237	1
G122	G18	1
G122	G283	1
G122	G256	1
G122	G223	1
G122	G74	1
G122	G189	1
G122	G320	1
G122	G264	1
G152	G727	1
G152	G693	1
G152	G600	1
G152	G229	1
G152	G95	1
G152	G36	1
G152	G1040	1
G152	G1134	1
G152	G468	1
G152	G714	1
G152	G1172	1
G152	G72	1
G152	G297	1
G152	G208	1
G152	G209	1
G152	G122	1
G152	G212	1
G152	G140	1
G152	G84	1
G152	G206	1
G152	G131	1
G152	G114	1
G152	G298	1
G152	G430	1
G152	G497	1
G152	G1319	1
G152	G802	1
G152	G903	1
G152	G853	1
G152	G988	1
G152	G680	1
G152	G669	1
G152	G248	1
G152	G524	1
G152	G82	1
G152	G25	1
G152	G185	1
G152	G266	1
G152	G237	1
G152	G18	1
G152	G283	1
G152	G256	1
G152	G223	1
G152	G74	1
G152	G189	1
G152	G320	1
G152	G264	1
G212	G727	1
G212	G1066	1
G212	G229	1
G212	G95	1
G212	G36	1
G212	G1040	1
G212	G1134	1
G212	G792	1
G212	G1172	1
G212	G72	1
G212	G297	1
G212	G208	1
G212	G209	1
G212	G122	1
G212	G152	1
G212	G140	1
G212	G84	1
G212	G206	1
G212	G131	1
G212	G298	1
G212	G430	1
G212	G552	1
G212	G853	1
G212	G669	1
G212	G248	1
G212	G524	1
G212	G82	1
G212	G25	1
G212	G185	1
G212	G237	1
G212	G18	1
G212	G283	1
G212	G256	1
G212	G223	1
G212	G74	1
G212	G189	1
G212	G320	1
G140	G727	1
G140	G229	1
G140	G95	1
G140	G36	1
G140	G1040	1
G140	G1134	1
G140	G468	1
G140	G1172	1
G140	G72	1
G140	G297	1
G140	G208	1
G140	G209	1
G140	G122	1
G140	G152	1
G140	G212	1
G140	G84	1
G140	G206	1
G140	G131	1
G140	G114	1
G140	G298	1
G140	G669	1
G140	G248	1
G140	G524	1
G140	G82	1
G140	G25	1
G140	G185	1
G140	G266	1
G140	G237	1
G140	G18	1
G140	G283	1
G140	G256	1
G140	G223	1
G140	G74	1
G140	G189	1
G140	G320	1
G140	G264	1
G84	G727	1
G84	G229	1
G84	G95	1
G84	G36	1
G84	G1040	1
G84	G1134	1
G84	G972	1
G84	G1172	1
G84	G72	1
G84	G297	1
G84	G325	1
G84	G208	1
G84	G209	1
G84	G122	1
G84	G152	1
G84	G212	1
G84	G140	1
G84	G206	1
G84	G131	1
G84	G298	1
G84	G669	1
G84	G248	1
G84	G524	1
G84	G82	1
G84	G25	1
G84	G185	1
G84	G237	1
G84	G18	1
G84	G283	1
G84	G256	1
G84	G223	1
G84	G74	1
G84	G189	1
G84	G320	1
G84	G632	1
G84	G264	1
G206	G727	1
G206	G229	1
G206	G95	1
G206	G36	1
G206	G1040	1
G206	G1134	1
G206	G1172	1
G206	G72	1
G206	G297	1
G206	G208	1
G206	G33	1
G206	G209	1
G206	G122	1
G206	G152	1
G206	G212	1
G206	G140	1
G206	G84	1
G206	G131	1
G206	G298	1
G206	G669	1
G206	G248	1
G206	G524	1
G206	G82	1
G206	G25	1
G206	G185	1
G206	G237	1
G206	G18	1
G206	G283	1
G206	G256	1
G206	G223	1
G206	G74	1
G206	G189	1
G206	G320	1
G131	G727	1
G131	G229	1
G131	G95	1
G131	G36	1
G131	G1040	1
G131	G1134	1
G131	G297	1
G131	G208	1
G131	G209	1
G131	G122	1
G131	G152	1
G131	G212	1
G131	G140	1
G131	G84	1
G131	G206	1
G131	G114	1
G131	G298	1
G131	G669	1
G131	G248	1
G131	G524	1
G131	G82	1
G131	G25	1
G131	G185	1
G131	G266	1
G131	G237	1
G131	G18	1
G131	G283	1
G131	G256	1
G131	G223	1
G131	G74	1
G131	G189	1
G131	G320	1
G131	G264	1
G114	G1172	1
G114	G72	1
G114	G325	1
G114	G122	1
G114	G152	1
G114	G140	1
G114	G131	1
G114	G266	1
G317	G1140	1
G151	G44	1
G151	G175	1
G151	G697	1
G151	G243	1
G151	G311	1
G151	G2	1
G151	G596	1
G151	G7	1
G151	G816	1
G151	G325	1
G151	G312	1
G151	G191	1
G151	G27	1
G151	G93	1
G151	G110	1
G312	G44	1
G312	G175	1
G312	G243	1
G312	G2	1
G312	G596	1
G312	G7	1
G312	G816	1
G312	G325	1
G312	G151	1
G312	G531	1
G312	G93	1
G312	G511	1
G191	G1026	1
G191	G44	1
G191	G697	1
G191	G243	1
G191	G151	1
G191	G178	1
G191	G251	1
G132	G225	1
G132	G425	1
G160	G42	1
G160	G6	1
G160	G29	1
G160	G243	1
G160	G52	1
G160	G258	1
G298	G777	1
G298	G36	1
G298	G603	1
G298	G208	1
G298	G209	1
G298	G122	1
G298	G152	1
G298	G212	1
G298	G140	1
G298	G84	1
G298	G206	1
G298	G131	1
G298	G237	1
G298	G18	1
G298	G223	1
G298	G74	1
G298	G189	1
G298	G320	1
G195	G864	1
G127	G158	1
G127	G1056	1
G127	G983	1
G127	G409	1
G127	G785	1
G127	G827	1
G127	G588	1
G127	G927	1
G127	G777	1
G127	G419	1
G127	G481	1
G127	G6	1
G195	G775	1
G127	G218	1
G127	G1027	1
G127	G574	1
G127	G43	1
G127	G86	1
G127	G211	1
G127	G247	1
G127	G1099	1
G127	G243	1
G127	G198	1
G127	G1134	1
G127	G1267	1
G127	G736	1
G127	G764	1
G127	G860	1
G127	G581	1
G127	G303	1
G127	G300	1
G127	G187	1
G127	G1132	1
G127	G144	1
G127	G164	1
G127	G240	1
G127	G176	1
G127	G220	1
G127	G174	1
G127	G165	1
G127	G75	1
G127	G325	1
G127	G1170	1
G127	G425	1
G127	G1145	1
G127	G195	1
G195	G464	1
G195	G102	1
G127	G538	1
G127	G477	1
G127	G203	1
G127	G967	1
G127	G272	1
G127	G141	1
G127	G94	1
G127	G488	1
G127	G1263	1
G195	G1229	1
G127	G5	1
G195	G827	1
G195	G481	1
G195	G45	1
G195	G1027	1
G195	G86	1
G195	G247	1
G195	G1100	1
G195	G1134	1
G195	G764	1
G195	G259	1
G195	G34	1
G195	G618	1
G195	G537	1
G195	G121	1
G195	G17	1
G195	G174	1
G195	G165	1
G195	G75	1
G195	G140	1
G195	G1128	1
G195	G1175	1
G195	G127	1
G195	G1221	1
G195	G477	1
G195	G1064	1
G195	G272	1
G195	G440	1
G195	G200	1
G195	G372	1
G195	G544	1
G195	G488	1
G195	G110	1
G195	G841	1
G219	G325	1
G219	G702	1
G155	G199	1
G302	G128	1
G27	G15	1
G173	G707	1
G262	G6	1
G262	G300	1
G284	G313	1
G284	G531	1
G284	G1263	1
G202	G1320	1
G202	G193	1
G202	G419	1
G202	G6	1
G202	G50	1
G202	G483	1
G202	G119	1
G202	G162	1
G202	G259	1
G202	G557	1
G202	G591	1
G202	G1211	1
G202	G17	1
G202	G163	1
G202	G536	1
G202	G27	1
G202	G274	1
G202	G94	1
G268	G41	1
G268	G216	1
G268	G1075	1
G268	G1057	1
G130	G243	1
G130	G1194	1
G130	G275	1
G130	G596	1
G130	G228	1
G168	G146	1
G168	G228	1
G30	G1263	1
G250	G178	1
G250	G1263	1
G129	G6	1
G129	G233	1
G129	G144	1
G129	G240	1
G129	G39	1
G129	G27	1
G129	G848	1
G129	G178	1
G129	G203	1
G129	G251	1
G129	G1263	1
G129	G54	1
G129	G100	1
G178	G6	1
G178	G233	1
G178	G81	1
G178	G243	1
G178	G144	1
G178	G240	1
G178	G169	1
G178	G191	1
G178	G250	1
G178	G129	1
G178	G203	1
G178	G531	1
G178	G200	1
G178	G251	1
G178	G245	1
G178	G1052	1
G178	G100	1
G216	G1001	1
G216	G267	1
G216	G108	1
G216	G241	1
G216	G42	1
G216	G218	1
G216	G233	1
G216	G309	1
G216	G107	1
G216	G96	1
G216	G697	1
G216	G243	1
G216	G104	1
G216	G196	1
G216	G163	1
G216	G13	1
G216	G80	1
G216	G27	1
G216	G268	1
G216	G278	1
G216	G161	1
G216	G276	1
G216	G272	1
G216	G289	1
G216	G110	1
G3	G279	1
G3	G697	1
G278	G267	1
G278	G107	1
G278	G96	1
G278	G303	1
G278	G27	1
G278	G216	1
G278	G161	1
G278	G276	1
G278	G289	1
G278	G143	1
G278	G1057	1
G161	G267	1
G161	G42	1
G161	G27	1
G161	G216	1
G161	G278	1
G161	G276	1
G161	G289	1
G276	G267	1
G276	G42	1
G276	G107	1
G276	G27	1
G276	G216	1
G276	G278	1
G276	G161	1
G276	G289	1
G252	G96	1
G252	G303	1
G215	G265	1
G11	G248	1
G248	G727	1
G248	G145	1
G248	G36	1
G248	G1040	1
G248	G1134	1
G248	G1074	1
G248	G835	1
G248	G468	1
G248	G297	1
G248	G325	1
G248	G208	1
G248	G209	1
G248	G122	1
G248	G152	1
G248	G212	1
G248	G140	1
G248	G84	1
G248	G206	1
G248	G131	1
G248	G669	1
G248	G11	1
G248	G524	1
G248	G82	1
G248	G25	1
G248	G185	1
G203	G1049	1
G203	G1013	1
G203	G827	1
G203	G1182	1
G203	G1117	1
G203	G664	1
G203	G705	1
G203	G376	1
G203	G243	1
G203	G1091	1
G203	G515	1
G203	G164	1
G203	G240	1
G203	G398	1
G203	G611	1
G203	G275	1
G203	G971	1
G203	G228	1
G203	G1086	1
G203	G41	1
G203	G681	1
G203	G1136	1
G203	G794	1
G203	G614	1
G203	G195	1
G203	G127	1
G203	G202	1
G203	G129	1
G203	G178	1
G203	G53	1
G203	G863	1
G203	G110	1
G203	G78	1
G203	G947	1
G128	G302	1
G82	G727	1
G82	G36	1
G82	G1040	1
G82	G1134	1
G82	G225	1
G82	G1015	1
G82	G297	1
G82	G208	1
G82	G209	1
G82	G122	1
G82	G152	1
G82	G212	1
G82	G140	1
G82	G84	1
G82	G206	1
G82	G131	1
G82	G669	1
G82	G248	1
G82	G524	1
G82	G253	1
G82	G25	1
G82	G185	1
G82	G60	1
G154	G816	1
G253	G82	1
G25	G727	1
G25	G36	1
G25	G1040	1
G25	G1134	1
G25	G1015	1
G25	G297	1
G25	G208	1
G25	G209	1
G25	G122	1
G25	G152	1
G25	G212	1
G25	G140	1
G25	G84	1
G25	G206	1
G25	G131	1
G25	G669	1
G25	G248	1
G25	G524	1
G25	G82	1
G25	G185	1
G185	G727	1
G185	G36	1
G185	G1040	1
G185	G1134	1
G185	G1015	1
G185	G297	1
G185	G208	1
G185	G209	1
G185	G122	1
G185	G152	1
G185	G212	1
G185	G140	1
G185	G84	1
G185	G206	1
G185	G131	1
G185	G669	1
G185	G248	1
G185	G524	1
G185	G82	1
G185	G25	1
G266	G179	1
G266	G222	1
G266	G816	1
G266	G122	1
G266	G152	1
G266	G140	1
G266	G131	1
G266	G114	1
G49	G697	1
G112	G417	1
G112	G775	1
G112	G158	1
G112	G1049	1
G112	G241	1
G112	G960	1
G112	G493	1
G112	G126	1
G112	G296	1
G112	G785	1
G112	G1302	1
G112	G334	1
G112	G481	1
G112	G522	1
G112	G263	1
G112	G580	1
G112	G6	1
G112	G197	1
G112	G923	1
G112	G247	1
G112	G1253	1
G112	G55	1
G112	G850	1
G112	G113	1
G112	G1019	1
G112	G535	1
G112	G96	1
G112	G136	1
G112	G379	1
G112	G970	1
G112	G1046	1
G112	G323	1
G112	G97	1
G112	G261	1
G112	G520	1
G112	G157	1
G112	G23	1
G112	G259	1
G112	G34	1
G112	G303	1
G112	G813	1
G112	G144	1
G112	G164	1
G112	G240	1
G112	G275	1
G112	G332	1
G112	G7	1
G112	G220	1
G112	G751	1
G112	G722	1
G112	G384	1
G112	G655	1
G112	G80	1
G112	G1170	1
G112	G1260	1
G112	G1162	1
G112	G1123	1
G112	G1154	1
G112	G160	1
G112	G989	1
G112	G968	1
G112	G517	1
G112	G166	1
G112	G53	1
G112	G272	1
G112	G531	1
G112	G1047	1
G112	G314	1
G112	G699	1
G112	G460	1
G112	G1263	1
G112	G277	1
G112	G285	1
G112	G1310	1
G112	G78	1
G112	G236	1
G53	G534	1
G53	G417	1
G53	G775	1
G53	G1049	1
G53	G108	1
G53	G1160	1
G53	G960	1
G53	G126	1
G53	G91	1
G53	G1013	1
G53	G296	1
G53	G884	1
G53	G481	1
G53	G1026	1
G53	G922	1
G53	G522	1
G53	G263	1
G53	G580	1
G53	G6	1
G53	G197	1
G53	G247	1
G53	G309	1
G53	G55	1
G53	G850	1
G53	G113	1
G53	G897	1
G53	G1126	1
G53	G10	1
G53	G603	1
G53	G261	1
G53	G157	1
G53	G56	1
G53	G303	1
G53	G766	1
G53	G144	1
G53	G164	1
G53	G240	1
G53	G220	1
G53	G172	1
G53	G722	1
G53	G384	1
G53	G80	1
G53	G33	1
G53	G1260	1
G53	G1123	1
G53	G662	1
G53	G302	1
G53	G989	1
G53	G659	1
G53	G1288	1
G53	G178	1
G53	G517	1
G53	G636	1
G53	G112	1
G53	G272	1
G53	G251	1
G53	G245	1
G53	G94	1
G53	G1047	1
G53	G885	1
G53	G391	1
G53	G899	1
G53	G460	1
G53	G285	1
G53	G947	1
G53	G242	1
G272	G417	1
G272	G960	1
G272	G126	1
G272	G522	1
G272	G263	1
G272	G580	1
G272	G6	1
G272	G197	1
G272	G247	1
G272	G55	1
G272	G850	1
G272	G113	1
G272	G261	1
G272	G157	1
G272	G56	1
G272	G259	1
G272	G303	1
G272	G1156	1
G272	G165	1
G272	G855	1
G272	G1260	1
G272	G1123	1
G272	G989	1
G272	G216	1
G272	G517	1
G272	G112	1
G272	G53	1
G272	G94	1
G272	G544	1
G272	G1047	1
G272	G460	1
G217	G697	1
G217	G237	1
G217	G315	1
G237	G777	1
G237	G36	1
G237	G208	1
G237	G209	1
G237	G122	1
G237	G152	1
G237	G212	1
G237	G140	1
G237	G84	1
G237	G206	1
G237	G131	1
G237	G298	1
G237	G718	1
G237	G217	1
G237	G18	1
G237	G223	1
G237	G74	1
G237	G189	1
G237	G320	1
G18	G777	1
G18	G36	1
G18	G208	1
G18	G209	1
G18	G122	1
G18	G152	1
G18	G212	1
G18	G140	1
G18	G84	1
G18	G206	1
G18	G131	1
G18	G298	1
G18	G237	1
G18	G315	1
G18	G223	1
G18	G74	1
G18	G189	1
G18	G320	1
G315	G217	1
G315	G18	1
G93	G306	1
G93	G44	1
G93	G697	1
G93	G177	1
G93	G151	1
G93	G312	1
G283	G229	1
G283	G95	1
G283	G36	1
G283	G208	1
G283	G209	1
G283	G122	1
G283	G152	1
G283	G212	1
G283	G140	1
G283	G84	1
G283	G206	1
G283	G131	1
G283	G188	1
G283	G256	1
G188	G283	1
G188	G256	1
G256	G1049	1
G256	G1193	1
G256	G229	1
G256	G95	1
G256	G36	1
G256	G90	1
G256	G208	1
G256	G209	1
G256	G122	1
G256	G152	1
G256	G212	1
G256	G140	1
G256	G84	1
G256	G206	1
G256	G131	1
G256	G1044	1
G256	G698	1
G256	G363	1
G256	G283	1
G256	G188	1
G231	G297	1
G141	G265	1
G141	G9	1
G141	G127	1
G141	G1263	1
G170	G218	1
G274	G107	1
G274	G202	1
G274	G110	1
G223	G36	1
G223	G208	1
G223	G209	1
G223	G122	1
G223	G152	1
G223	G212	1
G223	G140	1
G223	G84	1
G223	G206	1
G223	G131	1
G223	G298	1
G223	G237	1
G223	G18	1
G223	G74	1
G223	G189	1
G223	G320	1
G74	G379	1
G74	G36	1
G74	G198	1
G74	G208	1
G74	G209	1
G74	G122	1
G74	G152	1
G74	G212	1
G74	G140	1
G74	G84	1
G74	G206	1
G74	G131	1
G74	G298	1
G74	G237	1
G74	G18	1
G74	G223	1
G74	G189	1
G74	G320	1
G189	G693	1
G189	G36	1
G189	G198	1
G189	G857	1
G189	G751	1
G189	G208	1
G189	G209	1
G189	G122	1
G189	G152	1
G189	G212	1
G189	G140	1
G189	G84	1
G189	G206	1
G189	G131	1
G189	G298	1
G189	G237	1
G189	G18	1
G189	G223	1
G189	G74	1
G189	G320	1
G320	G777	1
G320	G271	1
G320	G36	1
G320	G80	1
G320	G208	1
G320	G209	1
G320	G122	1
G320	G152	1
G320	G212	1
G320	G140	1
G320	G84	1
G320	G206	1
G320	G131	1
G320	G298	1
G320	G237	1
G320	G18	1
G320	G223	1
G320	G74	1
G320	G189	1
G60	G82	1
G181	G45	1
G181	G261	1
G200	G1013	1
G200	G6	1
G200	G29	1
G200	G218	1
G200	G243	1
G200	G303	1
G200	G15	1
G200	G176	1
G200	G178	1
G251	G191	1
G251	G129	1
G251	G178	1
G245	G455	1
G245	G815	1
G245	G349	1
G245	G829	1
G245	G1233	1
G245	G1286	1
G245	G306	1
G245	G247	1
G245	G162	1
G245	G76	1
G245	G68	1
G245	G172	1
G245	G855	1
G245	G1165	1
G245	G1089	1
G245	G558	1
G245	G527	1
G245	G178	1
G245	G25	1
G245	G49	1
G245	G1057	1
G62	G275	1
G62	G792	1
G62	G59	1
G62	G79	1
G62	G260	1
G308	G228	1
G280	G17	1
G280	G174	1
G280	G75	1
G280	G314	1
G280	G637	1
G280	G1138	1
G61	G192	1
G61	G1248	1
G289	G267	1
G289	G216	1
G289	G278	1
G289	G161	1
G289	G276	1
G8	G578	1
G35	G115	1
G35	G26	1
G35	G169	1
G35	G224	1
G35	G1075	1
G110	G1067	1
G110	G92	1
G110	G267	1
G110	G884	1
G110	G334	1
G110	G394	1
G110	G48	1
G110	G319	1
G110	G6	1
G110	G1119	1
G110	G37	1
G110	G26	1
G110	G309	1
G110	G1121	1
G110	G153	1
G110	G55	1
G110	G107	1
G110	G1099	1
G110	G919	1
G110	G865	1
G110	G697	1
G110	G243	1
G110	G198	1
G110	G4	1
G110	G603	1
G110	G295	1
G110	G147	1
G110	G104	1
G110	G164	1
G110	G240	1
G110	G69	1
G110	G1244	1
G110	G819	1
G110	G583	1
G110	G174	1
G110	G816	1
G110	G722	1
G110	G1261	1
G110	G41	1
G110	G855	1
G110	G1136	1
G110	G578	1
G110	G395	1
G110	G317	1
G110	G151	1
G110	G662	1
G110	G1177	1
G110	G988	1
G110	G471	1
G110	G979	1
G110	G538	1
G110	G202	1
G110	G616	1
G110	G250	1
G110	G30	1
G110	G216	1
G110	G203	1
G110	G728	1
G110	G1042	1
G110	G1080	1
G110	G49	1
G110	G112	1
G110	G1243	1
G110	G531	1
G110	G274	1
G110	G245	1
G110	G304	1
G110	G391	1
G110	G1263	1
G110	G285	1
G110	G1002	1
G199	G920	1
G199	G146	1
G199	G228	1
G199	G155	1
G12	G1026	1
G12	G922	1
G12	G1263	1
G12	G1002	1
G227	G146	1
G285	G306	1
G285	G135	1
G285	G243	1
G235	G381	1
G235	G1248	1
G235	G870	1
G235	G1238	1
G235	G430	1
G235	G497	1
G235	G1319	1
G235	G802	1
G235	G671	1
G235	G552	1
G235	G665	1
G235	G903	1
G235	G853	1
G235	G500	1
G235	G988	1
G235	G1127	1
G235	G1299	1
G235	G1048	1
G310	G580	1
G310	G176	1
G310	G1240	1
G78	G95	1
G78	G164	1
G78	G275	1
G78	G220	1
G78	G210	1
G78	G112	1
G207	G578	1
G294	G1075	1
G143	G596	1
G143	G278	1
G316	G243	1
G54	G129	1
G242	G116	1
G242	G1253	1
G242	G226	1
G242	G75	1
G242	G314	1
G118	G807	1
G118	G1295	1
G118	G1083	1
G118	G1304	1
G118	G1305	1
G118	G844	1
G118	G1001	1
G118	G1016	1
G118	G232	1
G118	G63	1
G118	G87	1
G118	G1266	1
G118	G92	1
G118	G108	1
G118	G416	1
G118	G930	1
G118	G641	1
G118	G541	1
G118	G768	1
G118	G1159	1
G118	G504	1
G118	G390	1
G118	G1050	1
G118	G1258	1
G118	G1181	1
G118	G1131	1
G118	G1009	1
G118	G331	1
G118	G866	1
G118	G296	1
G118	G116	1
G118	G624	1
G118	G607	1
G118	G812	1
G118	G345	1
G118	G1006	1
G118	G123	1
G118	G115	1
G118	G1308	1
G118	G777	1
G118	G867	1
G118	G875	1
G118	G532	1
G118	G589	1
G118	G914	1
G118	G204	1
G118	G922	1
G118	G1168	1
G118	G838	1
G118	G613	1
G118	G431	1
G118	G0	1
G118	G754	1
G118	G179	1
G118	G1187	1
G118	G505	1
G118	G418	1
G118	G406	1
G118	G221	1
G118	G184	1
G118	G29	1
G118	G306	1
G118	G999	1
G118	G1117	1
G118	G1054	1
G118	G1104	1
G118	G37	1
G118	G233	1
G118	G407	1
G118	G986	1
G118	G525	1
G118	G101	1
G118	G1092	1
G118	G322	1
G118	G472	1
G118	G1121	1
G118	G730	1
G118	G55	1
G118	G606	1
G118	G469	1
G118	G949	1
G118	G1139	1
G118	G755	1
G118	G478	1
G118	G107	1
G118	G146	1
G118	G373	1
G118	G950	1
G118	G1309	1
G118	G281	1
G118	G412	1
G118	G51	1
G118	G366	1
G118	G1114	1
G118	G759	1
G118	G81	1
G118	G1126	1
G118	G506	1
G118	G171	1
G118	G198	1
G118	G97	1
G118	G257	1
G118	G565	1
G118	G98	1
G118	G4	1
G118	G120	1
G118	G1134	1
G118	G643	1
G118	G1267	1
G118	G352	1
G118	G162	1
G118	G692	1
G118	G676	1
G118	G300	1
G118	G1028	1
G118	G1281	1
G118	G560	1
G118	G1132	1
G118	G144	1
G118	G164	1
G118	G190	1
G118	G46	1
G118	G59	1
G118	G79	1
G118	G38	1
G118	G39	1
G118	G249	1
G118	G68	1
G118	G360	1
G118	G549	1
G118	G378	1
G118	G564	1
G118	G713	1
G118	G220	1
G118	G125	1
G118	G1088	1
G118	G124	1
G118	G1249	1
G118	G773	1
G118	G694	1
G118	G228	1
G118	G133	1
G118	G900	1
G118	G1178	1
G118	G492	1
G118	G443	1
G118	G518	1
G118	G583	1
G118	G486	1
G118	G826	1
G118	G577	1
G118	G17	1
G118	G174	1
G118	G72	1
G118	G816	1
G118	G28	1
G118	G1015	1
G118	G1294	1
G118	G1248	1
G118	G1261	1
G118	G169	1
G118	G13	1
G118	G297	1
G118	G368	1
G118	G804	1
G118	G1232	1
G118	G73	1
G118	G891	1
G118	G496	1
G118	G65	1
G118	G140	1
G118	G1136	1
G118	G609	1
G118	G794	1
G118	G462	1
G118	G450	1
G118	G1024	1
G118	G982	1
G118	G716	1
G118	G969	1
G118	G823	1
G118	G952	1
G118	G719	1
G118	G698	1
G118	G937	1
G118	G625	1
G118	G1175	1
G118	G1158	1
G118	G771	1
G118	G1089	1
G118	G425	1
G118	G375	1
G118	G1123	1
G118	G191	1
G118	G132	1
G118	G1242	1
G118	G127	1
G118	G662	1
G118	G374	1
G118	G415	1
G118	G155	1
G118	G830	1
G118	G1023	1
G118	G430	1
G118	G1315	1
G118	G497	1
G118	G1206	1
G118	G635	1
G118	G1105	1
G118	G1078	1
G118	G590	1
G118	G401	1
G118	G1319	1
G118	G671	1
G118	G552	1
G118	G853	1
G118	G1240	1
G118	G1127	1
G118	G471	1
G118	G1076	1
G118	G1299	1
G118	G439	1
G118	G1157	1
G118	G659	1
G118	G333	1
G118	G510	1
G118	G173	1
G118	G1140	1
G118	G484	1
G118	G974	1
G118	G1252	1
G118	G968	1
G118	G509	1
G118	G396	1
G118	G809	1
G118	G403	1
G118	G262	1
G118	G284	1
G118	G268	1
G118	G717	1
G118	G649	1
G118	G1313	1
G118	G130	1
G118	G250	1
G118	G1081	1
G118	G129	1
G118	G178	1
G118	G3	1
G118	G161	1
G118	G276	1
G118	G11	1
G118	G248	1
G118	G1311	1
G118	G810	1
G118	G517	1
G118	G636	1
G118	G934	1
G118	G967	1
G118	G1291	1
G118	G82	1
G118	G1080	1
G118	G49	1
G118	G817	1
G118	G186	1
G118	G531	1
G118	G141	1
G118	G594	1
G118	G74	1
G118	G320	1
G118	G60	1
G118	G181	1
G118	G251	1
G118	G62	1
G118	G351	1
G118	G1047	1
G118	G885	1
G118	G1218	1
G118	G647	1
G118	G289	1
G118	G1033	1
G118	G1029	1
G118	G836	1
G118	G35	1
G118	G57	1
G118	G1188	1
G118	G779	1
G118	G610	1
G118	G887	1
G118	G460	1
G118	G841	1
G118	G1263	1
G118	G277	1
G118	G402	1
G118	G227	1
G118	G285	1
G118	G235	1
G118	G646	1
G118	G1017	1
G118	G1310	1
G118	G310	1
G118	G1203	1
G118	G327	1
G118	G207	1
G118	G294	1
G118	G1122	1
G118	G1075	1
G118	G990	1
G118	G316	1
G118	G847	1
G118	G77	1
G118	G32	1
G118	G236	1
G118	G22	1
G118	G287	1
G118	G100	1
G118	G5	1
G100	G129	1
G100	G178	1
G5	G144	1
G5	G127	1
G264	G1172	1
G264	G72	1
G264	G325	1
G264	G122	1
G264	G152	1
G264	G140	1
G264	G84	1
G264	G131	1
