G10	G35	1
G35	G10	1
G10	G283	1
G283	G10	1
G10	G146	1
G146	G10	1
G91	G1179	1
G5	G1179	1
G132	G1179	1
G292	G1179	1
G179	G1179	1
G137	G342	1
G137	G281	1
G281	G137	1
G137	G683	1
G137	G171	1
G171	G137	1
G137	G321	1
G137	G761	1
G137	G214	1
G214	G137	1
G137	G1312	1
G137	G112	1
G112	G137	1
G137	G92	1
G92	G137	1
G137	G1292	1
G137	G6	1
G6	G137	1
G137	G198	1
G198	G137	1
G137	G124	1
G124	G137	1
G91	G1196	1
G179	G1196	1
G129	G833	1
G183	G833	1
G91	G881	1
G133	G881	1
G5	G881	1
G145	G881	1
G228	G148	1
G148	G228	1
G228	G5	1
G5	G228	1
G228	G326	1
G228	G77	1
G77	G228	1
G228	G190	1
G190	G228	1
G228	G184	1
G184	G228	1
G228	G255	1
G255	G228	1
G228	G691	1
G228	G156	1
G156	G228	1
G228	G164	1
G164	G228	1
G228	G183	1
G183	G228	1
G228	G70	1
G70	G228	1
G228	G1238	1
G228	G314	1
G314	G228	1
G228	G250	1
G250	G228	1
G228	G173	1
G173	G228	1
G186	G960	1
G160	G960	1
G3	G412	1
G264	G412	1
G217	G128	1
G128	G217	1
G217	G161	1
G161	G217	1
G217	G180	1
G180	G217	1
G217	G187	1
G187	G217	1
G217	G26	1
G26	G217	1
G217	G207	1
G207	G217	1
G217	G139	1
G139	G217	1
G217	G196	1
G196	G217	1
G217	G87	1
G87	G217	1
G217	G183	1
G183	G217	1
G217	G285	1
G285	G217	1
G217	G100	1
G100	G217	1
G217	G21	1
G21	G217	1
G217	G213	1
G213	G217	1
G217	G35	1
G35	G217	1
G217	G312	1
G312	G217	1
G217	G203	1
G203	G217	1
G217	G576	1
G217	G157	1
G157	G217	1
G217	G265	1
G265	G217	1
G217	G171	1
G171	G217	1
G217	G165	1
G165	G217	1
G217	G152	1
G152	G217	1
G217	G223	1
G223	G217	1
G217	G241	1
G241	G217	1
G217	G41	1
G41	G217	1
G217	G68	1
G68	G217	1
G217	G243	1
G243	G217	1
G217	G38	1
G38	G217	1
G217	G99	1
G99	G217	1
G217	G150	1
G150	G217	1
G217	G40	1
G40	G217	1
G217	G11	1
G11	G217	1
G91	G1108	1
G5	G1108	1
G95	G1180	1
G95	G21	1
G21	G95	1
G95	G859	1
G233	G1010	1
G91	G368	1
G5	G368	1
G233	G368	1
G179	G368	1
G285	G128	1
G128	G285	1
G285	G180	1
G180	G285	1
G285	G171	1
G171	G285	1
G285	G207	1
G207	G285	1
G285	G139	1
G139	G285	1
G285	G152	1
G152	G285	1
G285	G223	1
G223	G285	1
G285	G196	1
G196	G285	1
G285	G41	1
G41	G285	1
G285	G243	1
G243	G285	1
G285	G38	1
G38	G285	1
G285	G100	1
G100	G285	1
G285	G21	1
G21	G285	1
G285	G99	1
G99	G285	1
G285	G213	1
G213	G285	1
G285	G150	1
G150	G285	1
G285	G312	1
G312	G285	1
G285	G9	1
G9	G285	1
G285	G40	1
G40	G285	1
G285	G11	1
G11	G285	1
G285	G576	1
G264	G569	1
G264	G413	1
G264	G374	1
G264	G688	1
G264	G3	1
G3	G264	1
G264	G1140	1
G264	G1015	1
G264	G943	1
G264	G73	1
G73	G264	1
G264	G1198	1
G264	G1048	1
G264	G864	1
G264	G74	1
G74	G264	1
G264	G462	1
G264	G1135	1
G29	G1115	1
G29	G566	1
G129	G6	1
G6	G129	1
G129	G349	1
G129	G395	1
G129	G161	1
G161	G129	1
G129	G187	1
G187	G129	1
G129	G1153	1
G129	G26	1
G26	G129	1
G129	G116	1
G116	G129	1
G129	G1252	1
G129	G158	1
G158	G129	1
G129	G779	1
G129	G111	1
G111	G129	1
G129	G840	1
G129	G48	1
G48	G129	1
G129	G186	1
G186	G129	1
G129	G1253	1
G129	G535	1
G129	G1280	1
G129	G1034	1
G129	G544	1
G129	G183	1
G183	G129	1
G129	G1102	1
G129	G974	1
G129	G286	1
G286	G129	1
G129	G246	1
G246	G129	1
G129	G232	1
G232	G129	1
G129	G678	1
G129	G1205	1
G129	G638	1
G129	G884	1
G129	G153	1
G153	G129	1
G129	G73	1
G73	G129	1
G129	G35	1
G35	G129	1
G129	G868	1
G129	G45	1
G45	G129	1
G129	G203	1
G203	G129	1
G129	G33	1
G33	G129	1
G129	G747	1
G129	G271	1
G271	G129	1
G129	G595	1
G129	G938	1
G129	G1048	1
G129	G586	1
G129	G718	1
G129	G63	1
G63	G129	1
G129	G666	1
G129	G1164	1
G129	G155	1
G155	G129	1
G129	G230	1
G230	G129	1
G129	G691	1
G129	G241	1
G241	G129	1
G129	G584	1
G129	G179	1
G179	G129	1
G129	G1012	1
G129	G160	1
G160	G129	1
G129	G68	1
G68	G129	1
G129	G577	1
G129	G701	1
G129	G106	1
G106	G129	1
G129	G815	1
G129	G136	1
G136	G129	1
G129	G313	1
G313	G129	1
G129	G1013	1
G129	G210	1
G210	G129	1
G129	G560	1
G129	G275	1
G275	G129	1
G63	G566	1
G145	G566	1
G210	G1001	1
G200	G238	1
G238	G200	1
G200	G888	1
G200	G825	1
G200	G110	1
G110	G200	1
G200	G133	1
G133	G200	1
G200	G25	1
G25	G200	1
G200	G128	1
G128	G200	1
G200	G154	1
G154	G200	1
G200	G280	1
G280	G200	1
G200	G5	1
G5	G200	1
G200	G171	1
G171	G200	1
G200	G1143	1
G200	G463	1
G200	G1214	1
G200	G849	1
G200	G310	1
G310	G200	1
G200	G1167	1
G200	G1029	1
G200	G284	1
G284	G200	1
G200	G207	1
G207	G200	1
G200	G139	1
G139	G200	1
G200	G211	1
G211	G200	1
G200	G47	1
G47	G200	1
G200	G1037	1
G200	G798	1
G200	G63	1
G63	G200	1
G200	G466	1
G200	G223	1
G223	G200	1
G200	G79	1
G79	G200	1
G200	G66	1
G66	G200	1
G200	G772	1
G200	G303	1
G303	G200	1
G200	G1182	1
G200	G1121	1
G200	G1094	1
G200	G474	1
G200	G243	1
G243	G200	1
G200	G109	1
G109	G200	1
G200	G38	1
G38	G200	1
G200	G100	1
G100	G200	1
G200	G99	1
G99	G200	1
G200	G213	1
G213	G200	1
G200	G150	1
G150	G200	1
G200	G199	1
G199	G200	1
G200	G1244	1
G200	G1173	1
G200	G11	1
G11	G200	1
G200	G1305	1
G223	G238	1
G238	G223	1
G223	G825	1
G223	G191	1
G191	G223	1
G223	G110	1
G110	G223	1
G223	G133	1
G133	G223	1
G223	G25	1
G25	G223	1
G223	G128	1
G128	G223	1
G223	G154	1
G154	G223	1
G223	G180	1
G180	G223	1
G223	G5	1
G5	G223	1
G223	G171	1
G171	G223	1
G223	G1143	1
G223	G849	1
G223	G310	1
G310	G223	1
G223	G1167	1
G223	G1029	1
G223	G284	1
G284	G223	1
G223	G207	1
G207	G223	1
G223	G139	1
G139	G223	1
G223	G211	1
G211	G223	1
G223	G47	1
G47	G223	1
G223	G61	1
G61	G223	1
G223	G176	1
G176	G223	1
G223	G152	1
G152	G223	1
G223	G1037	1
G223	G798	1
G223	G7	1
G7	G223	1
G223	G208	1
G208	G223	1
G223	G63	1
G63	G223	1
G223	G88	1
G88	G223	1
G223	G466	1
G223	G79	1
G79	G223	1
G223	G196	1
G196	G223	1
G223	G66	1
G66	G223	1
G223	G2	1
G2	G223	1
G223	G303	1
G303	G223	1
G223	G1182	1
G223	G46	1
G46	G223	1
G223	G41	1
G41	G223	1
G223	G147	1
G147	G223	1
G223	G269	1
G269	G223	1
G223	G112	1
G112	G223	1
G223	G1121	1
G223	G1094	1
G223	G474	1
G223	G243	1
G243	G223	1
G223	G109	1
G109	G223	1
G223	G38	1
G38	G223	1
G223	G100	1
G100	G223	1
G223	G21	1
G21	G223	1
G223	G99	1
G99	G223	1
G223	G213	1
G213	G223	1
G223	G150	1
G150	G223	1
G223	G312	1
G312	G223	1
G223	G199	1
G199	G223	1
G223	G9	1
G9	G223	1
G223	G40	1
G40	G223	1
G223	G1173	1
G223	G11	1
G11	G223	1
G223	G1305	1
G223	G70	1
G70	G223	1
G223	G576	1
G76	G791	1
G133	G791	1
G128	G791	1
G171	G791	1
G139	G791	1
G88	G791	1
G145	G791	1
G256	G791	1
G186	G1155	1
G179	G1155	1
G210	G1155	1
G279	G187	1
G187	G279	1
G279	G309	1
G309	G279	1
G279	G35	1
G35	G279	1
G279	G203	1
G203	G279	1
G279	G271	1
G271	G279	1
G279	G14	1
G14	G279	1
G279	G165	1
G165	G279	1
G279	G142	1
G142	G279	1
G279	G230	1
G230	G279	1
G279	G1091	1
G36	G856	1
G17	G856	1
G132	G998	1
G292	G998	1
G153	G998	1
G91	G459	1
G128	G459	1
G44	G459	1
G76	G459	1
G133	G459	1
G171	G459	1
G145	G459	1
G256	G459	1
G238	G825	1
G110	G825	1
G133	G825	1
G25	G825	1
G128	G825	1
G154	G825	1
G280	G825	1
G5	G825	1
G171	G825	1
G310	G825	1
G284	G825	1
G207	G825	1
G139	G825	1
G211	G825	1
G47	G825	1
G63	G825	1
G79	G825	1
G66	G825	1
G303	G825	1
G243	G825	1
G109	G825	1
G38	G825	1
G100	G825	1
G99	G825	1
G213	G825	1
G150	G825	1
G199	G825	1
G11	G825	1
G6	G218	1
G218	G6	1
G6	G1292	1
G6	G158	1
G158	G6	1
G6	G183	1
G183	G6	1
G6	G49	1
G49	G6	1
G6	G192	1
G192	G6	1
G6	G1312	1
G6	G153	1
G153	G6	1
G6	G761	1
G6	G24	1
G24	G6	1
G6	G165	1
G165	G6	1
G6	G414	1
G6	G281	1
G281	G6	1
G6	G1111	1
G6	G501	1
G6	G65	1
G65	G6	1
G6	G304	1
G304	G6	1
G6	G302	1
G302	G6	1
G6	G290	1
G290	G6	1
G6	G106	1
G106	G6	1
G6	G250	1
G250	G6	1
G6	G318	1
G318	G6	1
G6	G1315	1
G6	G754	1
G236	G1284	1
G236	G451	1
G236	G505	1
G236	G1115	1
G236	G165	1
G165	G236	1
G117	G1021	1
G117	G107	1
G107	G117	1
G117	G643	1
G206	G218	1
G218	G206	1
G206	G161	1
G161	G206	1
G206	G81	1
G81	G206	1
G206	G184	1
G184	G206	1
G206	G156	1
G156	G206	1
G206	G245	1
G245	G206	1
G206	G286	1
G286	G206	1
G206	G157	1
G157	G206	1
G206	G24	1
G24	G206	1
G206	G165	1
G165	G206	1
G206	G414	1
G206	G1129	1
G206	G272	1
G272	G206	1
G206	G1315	1
G206	G754	1
G206	G15	1
G15	G206	1
G206	G275	1
G275	G206	1
G76	G714	1
G133	G714	1
G128	G714	1
G171	G714	1
G139	G714	1
G145	G714	1
G3	G1135	1
G100	G238	1
G238	G100	1
G100	G888	1
G100	G191	1
G191	G100	1
G100	G248	1
G248	G100	1
G100	G157	1
G157	G100	1
G100	G110	1
G110	G100	1
G100	G133	1
G133	G100	1
G100	G25	1
G25	G100	1
G100	G128	1
G128	G100	1
G100	G154	1
G154	G100	1
G100	G218	1
G218	G100	1
G100	G161	1
G161	G100	1
G100	G180	1
G180	G100	1
G100	G24	1
G24	G100	1
G100	G5	1
G5	G100	1
G100	G171	1
G171	G100	1
G100	G1143	1
G100	G463	1
G100	G44	1
G44	G100	1
G100	G849	1
G100	G105	1
G105	G100	1
G100	G114	1
G114	G100	1
G100	G310	1
G310	G100	1
G100	G1292	1
G100	G1167	1
G100	G414	1
G100	G202	1
G202	G100	1
G100	G1029	1
G100	G687	1
G100	G252	1
G252	G100	1
G100	G193	1
G193	G100	1
G100	G284	1
G284	G100	1
G100	G207	1
G207	G100	1
G100	G139	1
G139	G100	1
G100	G158	1
G158	G100	1
G100	G211	1
G211	G100	1
G100	G47	1
G47	G100	1
G100	G61	1
G61	G100	1
G100	G215	1
G215	G100	1
G100	G176	1
G176	G100	1
G100	G152	1
G152	G100	1
G100	G1037	1
G100	G309	1
G309	G100	1
G100	G798	1
G100	G7	1
G7	G100	1
G100	G806	1
G100	G208	1
G208	G100	1
G100	G63	1
G63	G100	1
G100	G88	1
G88	G100	1
G100	G296	1
G296	G100	1
G100	G466	1
G100	G79	1
G79	G100	1
G100	G196	1
G196	G100	1
G100	G240	1
G240	G100	1
G100	G691	1
G100	G65	1
G65	G100	1
G100	G66	1
G66	G100	1
G100	G2	1
G2	G100	1
G100	G87	1
G87	G100	1
G100	G303	1
G303	G100	1
G100	G304	1
G304	G100	1
G100	G547	1
G100	G1182	1
G100	G46	1
G46	G100	1
G100	G41	1
G41	G100	1
G100	G147	1
G147	G100	1
G100	G269	1
G269	G100	1
G100	G112	1
G112	G100	1
G100	G1121	1
G100	G1312	1
G100	G1094	1
G100	G474	1
G100	G243	1
G243	G100	1
G100	G109	1
G109	G100	1
G100	G38	1
G38	G100	1
G100	G93	1
G93	G100	1
G100	G21	1
G21	G100	1
G100	G99	1
G99	G100	1
G100	G213	1
G213	G100	1
G100	G35	1
G35	G100	1
G100	G150	1
G150	G100	1
G100	G312	1
G312	G100	1
G100	G1315	1
G100	G754	1
G100	G199	1
G199	G100	1
G100	G9	1
G9	G100	1
G100	G40	1
G40	G100	1
G100	G1173	1
G100	G11	1
G11	G100	1
G100	G761	1
G100	G1305	1
G100	G576	1
G100	G275	1
G275	G100	1
G203	G5	1
G5	G203	1
G203	G187	1
G187	G203	1
G203	G26	1
G26	G203	1
G203	G186	1
G186	G203	1
G203	G1253	1
G203	G366	1
G203	G235	1
G235	G203	1
G203	G87	1
G87	G203	1
G203	G183	1
G183	G203	1
G203	G358	1
G203	G287	1
G287	G203	1
G203	G678	1
G203	G209	1
G209	G203	1
G203	G1205	1
G203	G153	1
G153	G203	1
G203	G73	1
G73	G203	1
G203	G35	1
G35	G203	1
G203	G868	1
G203	G589	1
G203	G33	1
G33	G203	1
G203	G14	1
G14	G203	1
G203	G414	1
G203	G1048	1
G203	G142	1
G142	G203	1
G203	G666	1
G203	G521	1
G203	G179	1
G179	G203	1
G203	G1012	1
G203	G902	1
G203	G864	1
G203	G160	1
G160	G203	1
G203	G68	1
G68	G203	1
G203	G107	1
G107	G203	1
G203	G313	1
G313	G203	1
G203	G1013	1
G203	G1315	1
G203	G754	1
G203	G210	1
G210	G203	1
G203	G560	1
G203	G1091	1
G186	G577	1
G183	G577	1
G246	G577	1
G153	G577	1
G35	G577	1
G160	G577	1
G212	G767	1
G43	G363	1
G268	G5	1
G5	G268	1
G268	G314	1
G314	G268	1
G268	G1103	1
G268	G1123	1
G268	G1176	1
G268	G614	1
G268	G298	1
G298	G268	1
G197	G698	1
G49	G139	1
G139	G49	1
G49	G215	1
G215	G49	1
G49	G304	1
G304	G49	1
G260	G865	1
G193	G865	1
G211	G865	1
G3	G865	1
G186	G865	1
G52	G865	1
G155	G865	1
G2	G865	1
G183	G865	1
G46	G865	1
G166	G865	1
G75	G865	1
G73	G865	1
G45	G865	1
G292	G348	1
G132	G348	1
G91	G913	1
G76	G913	1
G133	G913	1
G128	G913	1
G171	G913	1
G139	G913	1
G145	G913	1
G256	G913	1
G184	G973	1
G196	G1132	1
G116	G1253	1
G186	G1253	1
G183	G1253	1
G153	G1253	1
G35	G1253	1
G73	G1276	1
G73	G756	1
G73	G802	1
G73	G788	1
G73	G161	1
G161	G73	1
G73	G379	1
G73	G1292	1
G73	G26	1
G26	G73	1
G73	G890	1
G73	G724	1
G73	G1034	1
G73	G693	1
G73	G957	1
G73	G1053	1
G73	G183	1
G183	G73	1
G73	G492	1
G73	G469	1
G73	G246	1
G246	G73	1
G73	G270	1
G270	G73	1
G73	G314	1
G314	G73	1
G73	G209	1
G209	G73	1
G73	G1232	1
G73	G153	1
G153	G73	1
G73	G565	1
G73	G35	1
G35	G73	1
G73	G364	1
G73	G761	1
G73	G573	1
G73	G165	1
G165	G73	1
G73	G414	1
G73	G1048	1
G73	G1313	1
G73	G586	1
G73	G55	1
G55	G73	1
G73	G1043	1
G73	G1156	1
G73	G997	1
G73	G403	1
G73	G864	1
G73	G558	1
G73	G768	1
G73	G74	1
G74	G73	1
G73	G1204	1
G73	G995	1
G73	G1036	1
G73	G1315	1
G73	G754	1
G73	G386	1
G73	G489	1
G132	G1245	1
G292	G1245	1
G179	G1245	1
G132	G423	1
G292	G423	1
G35	G666	1
G179	G666	1
G22	G666	1
G210	G666	1
G133	G355	1
G145	G355	1
G76	G1035	1
G133	G1035	1
G128	G1035	1
G139	G1035	1
G145	G1035	1
G91	G739	1
G76	G739	1
G110	G1161	1
G133	G1161	1
G310	G1161	1
G47	G1161	1
G79	G1161	1
G66	G1161	1
G145	G1161	1
G109	G1161	1
G248	G562	1
G2	G562	1
G24	G562	1
G105	G562	1
G59	G562	1
G193	G562	1
G152	G562	1
G155	G562	1
G46	G562	1
G243	G562	1
G54	G157	1
G157	G54	1
G54	G247	1
G247	G54	1
G54	G161	1
G161	G54	1
G54	G226	1
G226	G54	1
G54	G955	1
G54	G806	1
G54	G87	1
G87	G54	1
G54	G286	1
G286	G54	1
G54	G147	1
G147	G54	1
G54	G170	1
G170	G54	1
G54	G275	1
G275	G54	1
G290	G218	1
G218	G290	1
G290	G8	1
G8	G290	1
G290	G1292	1
G290	G81	1
G81	G290	1
G290	G183	1
G183	G290	1
G290	G119	1
G119	G290	1
G290	G761	1
G290	G24	1
G24	G290	1
G290	G165	1
G165	G290	1
G290	G414	1
G290	G127	1
G127	G290	1
G290	G244	1
G244	G290	1
G290	G215	1
G215	G290	1
G290	G131	1
G131	G290	1
G290	G304	1
G304	G290	1
G290	G250	1
G250	G290	1
G290	G298	1
G298	G290	1
G290	G1315	1
G290	G754	1
G2	G1127	1
G197	G5	1
G5	G197	1
G197	G442	1
G197	G1292	1
G197	G1076	1
G197	G501	1
G197	G651	1
G197	G399	1
G197	G592	1
G197	G752	1
G197	G908	1
G197	G821	1
G197	G761	1
G197	G1158	1
G260	G1204	1
G211	G1204	1
G3	G1204	1
G186	G1204	1
G2	G1204	1
G183	G1204	1
G166	G1204	1
G75	G1204	1
G45	G1204	1
G52	G1204	1
G155	G1204	1
G46	G1204	1
G276	G938	1
G276	G704	1
G276	G2	1
G2	G276	1
G276	G638	1
G183	G679	1
G160	G589	1
G186	G1209	1
G186	G354	1
G238	G1182	1
G110	G1182	1
G25	G1182	1
G128	G1182	1
G161	G1182	1
G5	G1182	1
G310	G1182	1
G207	G1182	1
G139	G1182	1
G211	G1182	1
G56	G1182	1
G66	G1182	1
G303	G1182	1
G132	G1182	1
G213	G1182	1
G80	G1182	1
G133	G1182	1
G154	G1182	1
G171	G1182	1
G292	G1182	1
G284	G1182	1
G47	G1182	1
G63	G1182	1
G79	G1182	1
G243	G1182	1
G109	G1182	1
G38	G1182	1
G99	G1182	1
G150	G1182	1
G199	G1182	1
G11	G1182	1
G56	G959	1
G103	G618	1
G141	G156	1
G156	G141	1
G23	G462	1
G3	G462	1
G186	G1280	1
G183	G1280	1
G160	G1280	1
G13	G1280	1
G153	G1280	1
G313	G1280	1
G186	G826	1
G91	G1147	1
G76	G1147	1
G133	G1147	1
G145	G1147	1
G256	G1147	1
G144	G198	1
G198	G144	1
G144	G92	1
G92	G144	1
G144	G77	1
G77	G144	1
G144	G164	1
G164	G144	1
G144	G314	1
G314	G144	1
G144	G1111	1
G304	G128	1
G128	G304	1
G304	G218	1
G218	G304	1
G304	G161	1
G161	G304	1
G304	G24	1
G24	G304	1
G304	G171	1
G171	G304	1
G304	G165	1
G165	G304	1
G304	G414	1
G304	G127	1
G127	G304	1
G304	G222	1
G222	G304	1
G304	G207	1
G207	G304	1
G304	G139	1
G139	G304	1
G304	G158	1
G158	G304	1
G304	G1111	1
G304	G88	1
G88	G304	1
G304	G87	1
G87	G304	1
G304	G192	1
G192	G304	1
G304	G250	1
G250	G304	1
G304	G243	1
G243	G304	1
G304	G38	1
G38	G304	1
G304	G153	1
G153	G304	1
G304	G99	1
G99	G304	1
G304	G213	1
G213	G304	1
G304	G83	1
G83	G304	1
G304	G1315	1
G304	G754	1
G304	G11	1
G11	G304	1
G304	G275	1
G275	G304	1
G260	G756	1
G193	G756	1
G139	G756	1
G211	G756	1
G3	G756	1
G186	G756	1
G52	G756	1
G155	G756	1
G2	G756	1
G183	G756	1
G46	G756	1
G166	G756	1
G75	G756	1
G45	G756	1
G220	G5	1
G5	G220	1
G220	G929	1
G220	G1312	1
G220	G781	1
G220	G683	1
G220	G281	1
G281	G220	1
G220	G457	1
G186	G610	1
G186	G1021	1
G226	G157	1
G157	G226	1
G226	G247	1
G247	G226	1
G226	G161	1
G161	G226	1
G226	G955	1
G226	G806	1
G226	G87	1
G87	G226	1
G226	G286	1
G286	G226	1
G226	G147	1
G147	G226	1
G226	G170	1
G170	G226	1
G226	G275	1
G275	G226	1
G3	G374	1
G248	G687	1
G128	G687	1
G207	G687	1
G139	G687	1
G2	G687	1
G213	G687	1
G24	G687	1
G171	G687	1
G105	G687	1
G193	G687	1
G46	G687	1
G243	G687	1
G38	G687	1
G99	G687	1
G11	G687	1
G212	G501	1
G121	G501	1
G266	G501	1
G280	G480	1
G5	G480	1
G11	G238	1
G238	G11	1
G11	G191	1
G191	G11	1
G11	G248	1
G248	G11	1
G11	G110	1
G110	G11	1
G11	G133	1
G133	G11	1
G11	G25	1
G25	G11	1
G11	G128	1
G128	G11	1
G11	G154	1
G154	G11	1
G11	G218	1
G218	G11	1
G11	G161	1
G161	G11	1
G11	G180	1
G180	G11	1
G11	G24	1
G24	G11	1
G11	G5	1
G5	G11	1
G11	G171	1
G171	G11	1
G11	G1143	1
G11	G44	1
G44	G11	1
G11	G849	1
G11	G105	1
G105	G11	1
G11	G114	1
G114	G11	1
G11	G1292	1
G11	G310	1
G310	G11	1
G11	G1167	1
G11	G414	1
G11	G1029	1
G11	G193	1
G193	G11	1
G11	G284	1
G284	G11	1
G11	G207	1
G207	G11	1
G11	G139	1
G139	G11	1
G11	G158	1
G158	G11	1
G11	G211	1
G211	G11	1
G11	G47	1
G47	G11	1
G11	G61	1
G61	G11	1
G11	G152	1
G152	G11	1
G11	G176	1
G176	G11	1
G11	G1037	1
G11	G309	1
G309	G11	1
G11	G798	1
G11	G7	1
G7	G11	1
G11	G208	1
G208	G11	1
G11	G63	1
G63	G11	1
G11	G88	1
G88	G11	1
G11	G466	1
G11	G79	1
G79	G11	1
G11	G196	1
G196	G11	1
G11	G240	1
G240	G11	1
G11	G66	1
G66	G11	1
G11	G2	1
G2	G11	1
G11	G87	1
G87	G11	1
G11	G303	1
G303	G11	1
G11	G46	1
G46	G11	1
G11	G41	1
G41	G11	1
G11	G147	1
G147	G11	1
G11	G269	1
G269	G11	1
G11	G112	1
G112	G11	1
G11	G1121	1
G11	G1312	1
G11	G1094	1
G11	G474	1
G11	G243	1
G243	G11	1
G11	G109	1
G109	G11	1
G11	G38	1
G38	G11	1
G11	G93	1
G93	G11	1
G11	G21	1
G21	G11	1
G11	G99	1
G99	G11	1
G11	G213	1
G213	G11	1
G11	G35	1
G35	G11	1
G11	G150	1
G150	G11	1
G11	G312	1
G312	G11	1
G11	G1315	1
G11	G754	1
G11	G199	1
G199	G11	1
G11	G9	1
G9	G11	1
G11	G40	1
G40	G11	1
G11	G1173	1
G11	G761	1
G11	G1305	1
G11	G576	1
G11	G275	1
G275	G11	1
G266	G1292	1
G266	G3	1
G3	G266	1
G266	G186	1
G186	G266	1
G266	G521	1
G266	G601	1
G266	G75	1
G75	G266	1
G266	G84	1
G84	G266	1
G266	G322	1
G266	G761	1
G5	G884	1
G36	G884	1
G111	G884	1
G17	G884	1
G160	G884	1
G59	G907	1
G2	G427	1
G70	G202	1
G202	G70	1
G70	G1189	1
G70	G1129	1
G70	G61	1
G61	G70	1
G70	G691	1
G70	G880	1
G241	G1292	1
G241	G158	1
G158	G241	1
G241	G183	1
G183	G241	1
G241	G517	1
G241	G322	1
G241	G761	1
G241	G731	1
G241	G631	1
G241	G946	1
G241	G586	1
G241	G819	1
G241	G1111	1
G241	G1164	1
G120	G165	1
G165	G120	1
G120	G67	1
G67	G120	1
G218	G483	1
G24	G483	1
G8	G483	1
G44	G483	1
G165	G483	1
G81	G483	1
G286	G483	1
G119	G483	1
G318	G483	1
G36	G1154	1
G17	G1154	1
G91	G382	1
G186	G382	1
G205	G382	1
G76	G382	1
G46	G382	1
G313	G382	1
G5	G1093	1
G23	G1093	1
G146	G130	1
G130	G146	1
G146	G307	1
G307	G146	1
G146	G187	1
G187	G146	1
G146	G230	1
G230	G146	1
G146	G299	1
G299	G146	1
G146	G162	1
G162	G146	1
G146	G183	1
G183	G146	1
G146	G300	1
G300	G146	1
G146	G283	1
G283	G146	1
G146	G35	1
G35	G146	1
G146	G1091	1
G146	G271	1
G271	G146	1
G232	G287	1
G287	G232	1
G232	G28	1
G28	G232	1
G232	G267	1
G267	G232	1
G250	G148	1
G148	G250	1
G250	G218	1
G218	G250	1
G250	G24	1
G24	G250	1
G250	G165	1
G165	G250	1
G250	G414	1
G250	G158	1
G158	G250	1
G250	G77	1
G77	G250	1
G250	G131	1
G131	G250	1
G250	G1111	1
G250	G255	1
G255	G250	1
G250	G164	1
G164	G250	1
G250	G183	1
G183	G250	1
G250	G314	1
G314	G250	1
G250	G192	1
G192	G250	1
G250	G173	1
G173	G250	1
G250	G887	1
G250	G1315	1
G250	G754	1
G5	G1313	1
G260	G1313	1
G211	G1313	1
G3	G1313	1
G186	G1313	1
G2	G1313	1
G183	G1313	1
G166	G1313	1
G75	G1313	1
G45	G1313	1
G52	G1313	1
G155	G1313	1
G46	G1313	1
G154	G238	1
G238	G154	1
G154	G91	1
G91	G154	1
G154	G110	1
G110	G154	1
G154	G25	1
G25	G154	1
G154	G128	1
G128	G154	1
G154	G5	1
G5	G154	1
G154	G1143	1
G154	G310	1
G310	G154	1
G154	G207	1
G207	G154	1
G154	G139	1
G139	G154	1
G154	G211	1
G211	G154	1
G154	G1037	1
G154	G466	1
G154	G66	1
G66	G154	1
G154	G87	1
G87	G154	1
G154	G183	1
G183	G154	1
G154	G303	1
G303	G154	1
G154	G1121	1
G154	G1094	1
G154	G213	1
G213	G154	1
G154	G1305	1
G154	G133	1
G133	G154	1
G154	G171	1
G171	G154	1
G154	G849	1
G154	G1167	1
G154	G1029	1
G154	G284	1
G284	G154	1
G154	G47	1
G47	G154	1
G154	G152	1
G152	G154	1
G154	G1111	1
G154	G798	1
G154	G63	1
G63	G154	1
G154	G1176	1
G154	G79	1
G79	G154	1
G154	G16	1
G16	G154	1
G154	G41	1
G41	G154	1
G154	G1060	1
G154	G1236	1
G154	G243	1
G243	G154	1
G154	G109	1
G109	G154	1
G154	G38	1
G38	G154	1
G154	G99	1
G99	G154	1
G154	G150	1
G150	G154	1
G154	G199	1
G199	G154	1
G154	G1173	1
G44	G128	1
G128	G44	1
G44	G139	1
G139	G44	1
G44	G840	1
G44	G196	1
G196	G44	1
G44	G171	1
G171	G44	1
G44	G898	1
G44	G799	1
G44	G547	1
G44	G1086	1
G44	G99	1
G99	G44	1
G44	G1013	1
G121	G1292	1
G121	G28	1
G28	G121	1
G121	G761	1
G41	G191	1
G191	G41	1
G41	G128	1
G128	G41	1
G41	G180	1
G180	G41	1
G41	G171	1
G171	G41	1
G41	G207	1
G207	G41	1
G41	G139	1
G139	G41	1
G41	G61	1
G61	G41	1
G41	G152	1
G152	G41	1
G41	G176	1
G176	G41	1
G41	G208	1
G208	G41	1
G41	G88	1
G88	G41	1
G41	G196	1
G196	G41	1
G41	G87	1
G87	G41	1
G41	G243	1
G243	G41	1
G41	G38	1
G38	G41	1
G41	G21	1
G21	G41	1
G41	G99	1
G99	G41	1
G41	G213	1
G213	G41	1
G41	G150	1
G150	G41	1
G41	G312	1
G312	G41	1
G41	G40	1
G40	G41	1
G41	G576	1
G99	G238	1
G238	G99	1
G99	G191	1
G191	G99	1
G99	G248	1
G248	G99	1
G99	G110	1
G110	G99	1
G99	G133	1
G133	G99	1
G99	G25	1
G25	G99	1
G99	G128	1
G128	G99	1
G99	G218	1
G218	G99	1
G99	G161	1
G161	G99	1
G99	G180	1
G180	G99	1
G99	G24	1
G24	G99	1
G99	G5	1
G5	G99	1
G99	G171	1
G171	G99	1
G99	G1143	1
G99	G463	1
G99	G849	1
G99	G105	1
G105	G99	1
G99	G114	1
G114	G99	1
G99	G1292	1
G99	G310	1
G310	G99	1
G99	G1167	1
G99	G414	1
G99	G1029	1
G99	G252	1
G252	G99	1
G99	G193	1
G193	G99	1
G99	G284	1
G284	G99	1
G99	G898	1
G99	G207	1
G207	G99	1
G99	G139	1
G139	G99	1
G99	G158	1
G158	G99	1
G99	G211	1
G211	G99	1
G99	G47	1
G47	G99	1
G99	G61	1
G61	G99	1
G99	G215	1
G215	G99	1
G99	G176	1
G176	G99	1
G99	G152	1
G152	G99	1
G99	G1037	1
G99	G309	1
G309	G99	1
G99	G798	1
G99	G7	1
G7	G99	1
G99	G806	1
G99	G208	1
G208	G99	1
G99	G63	1
G63	G99	1
G99	G88	1
G88	G99	1
G99	G296	1
G296	G99	1
G99	G466	1
G99	G79	1
G79	G99	1
G99	G196	1
G196	G99	1
G99	G240	1
G240	G99	1
G99	G691	1
G99	G65	1
G65	G99	1
G99	G66	1
G66	G99	1
G99	G2	1
G2	G99	1
G99	G87	1
G87	G99	1
G99	G772	1
G99	G303	1
G303	G99	1
G99	G46	1
G46	G99	1
G99	G147	1
G147	G99	1
G99	G269	1
G269	G99	1
G99	G112	1
G112	G99	1
G99	G1121	1
G99	G1312	1
G99	G1094	1
G99	G474	1
G99	G243	1
G243	G99	1
G99	G109	1
G109	G99	1
G99	G38	1
G38	G99	1
G99	G93	1
G93	G99	1
G99	G21	1
G21	G99	1
G99	G213	1
G213	G99	1
G99	G35	1
G35	G99	1
G99	G150	1
G150	G99	1
G99	G312	1
G312	G99	1
G99	G1315	1
G99	G754	1
G99	G199	1
G199	G99	1
G99	G9	1
G9	G99	1
G99	G40	1
G40	G99	1
G99	G1173	1
G99	G761	1
G99	G1305	1
G99	G576	1
G99	G275	1
G275	G99	1
G260	G403	1
G211	G403	1
G3	G403	1
G186	G403	1
G2	G403	1
G183	G403	1
G166	G403	1
G75	G403	1
G45	G403	1
G52	G403	1
G155	G403	1
G46	G403	1
G75	G1276	1
G75	G802	1
G75	G788	1
G75	G379	1
G75	G1292	1
G75	G260	1
G260	G75	1
G75	G3	1
G3	G75	1
G75	G186	1
G186	G75	1
G75	G890	1
G75	G724	1
G75	G693	1
G75	G957	1
G75	G1053	1
G75	G183	1
G183	G75	1
G75	G492	1
G75	G469	1
G75	G166	1
G166	G75	1
G75	G1232	1
G75	G565	1
G75	G364	1
G75	G45	1
G45	G75	1
G75	G761	1
G75	G573	1
G75	G1043	1
G75	G1111	1
G75	G521	1
G75	G997	1
G75	G558	1
G75	G496	1
G75	G768	1
G75	G107	1
G107	G75	1
G75	G995	1
G75	G1036	1
G75	G386	1
G75	G489	1
G155	G1276	1
G155	G802	1
G155	G788	1
G155	G161	1
G161	G155	1
G155	G379	1
G155	G1292	1
G155	G1097	1
G155	G186	1
G186	G155	1
G155	G895	1
G155	G724	1
G155	G693	1
G155	G957	1
G155	G2	1
G2	G155	1
G155	G183	1
G183	G155	1
G155	G492	1
G155	G787	1
G155	G469	1
G155	G638	1
G155	G1232	1
G155	G153	1
G153	G155	1
G155	G565	1
G155	G364	1
G155	G322	1
G155	G761	1
G155	G573	1
G155	G786	1
G155	G1043	1
G155	G681	1
G155	G179	1
G179	G155	1
G155	G997	1
G155	G558	1
G155	G1116	1
G155	G46	1
G46	G155	1
G155	G768	1
G155	G995	1
G155	G1036	1
G155	G210	1
G210	G155	1
G155	G386	1
G155	G489	1
G48	G211	1
G211	G48	1
G0	G1244	1
G284	G1244	1
G4	G1244	1
G5	G768	1
G260	G768	1
G211	G768	1
G3	G768	1
G186	G768	1
G2	G768	1
G183	G768	1
G166	G768	1
G45	G768	1
G52	G768	1
G46	G768	1
G302	G768	1
G91	G1117	1
G179	G1117	1
G114	G1151	1
G187	G161	1
G161	G187	1
G187	G111	1
G111	G187	1
G187	G186	1
G186	G187	1
G187	G309	1
G309	G187	1
G187	G56	1
G56	G187	1
G187	G87	1
G87	G187	1
G187	G183	1
G183	G187	1
G187	G153	1
G153	G187	1
G187	G35	1
G35	G187	1
G187	G33	1
G33	G187	1
G187	G271	1
G271	G187	1
G187	G157	1
G157	G187	1
G187	G14	1
G14	G187	1
G187	G165	1
G165	G187	1
G187	G414	1
G187	G142	1
G142	G187	1
G187	G230	1
G230	G187	1
G187	G521	1
G187	G179	1
G179	G187	1
G187	G283	1
G283	G187	1
G187	G313	1
G313	G187	1
G187	G1315	1
G187	G754	1
G187	G210	1
G210	G187	1
G187	G1091	1
G187	G151	1
G151	G187	1
G189	G260	1
G260	G189	1
G189	G231	1
G231	G189	1
G189	G267	1
G267	G189	1
G189	G107	1
G107	G189	1
G189	G153	1
G153	G189	1
G189	G1315	1
G189	G754	1
G252	G414	1
G252	G139	1
G139	G252	1
G252	G691	1
G252	G65	1
G65	G252	1
G252	G145	1
G145	G252	1
G252	G93	1
G93	G252	1
G252	G213	1
G213	G252	1
G252	G1315	1
G252	G754	1
G160	G1302	1
G87	G806	1
G157	G806	1
G247	G806	1
G128	G806	1
G161	G806	1
G171	G806	1
G286	G806	1
G147	G806	1
G207	G806	1
G139	G806	1
G243	G806	1
G38	G806	1
G152	G806	1
G213	G806	1
G312	G806	1
G88	G806	1
G170	G806	1
G275	G806	1
G128	G1058	1
G196	G191	1
G191	G196	1
G196	G1137	1
G196	G128	1
G128	G196	1
G196	G180	1
G180	G196	1
G196	G171	1
G171	G196	1
G196	G463	1
G196	G114	1
G114	G196	1
G196	G202	1
G202	G196	1
G196	G898	1
G196	G207	1
G207	G196	1
G196	G139	1
G139	G196	1
G196	G61	1
G61	G196	1
G196	G152	1
G152	G196	1
G196	G176	1
G176	G196	1
G196	G183	1
G183	G196	1
G196	G1086	1
G196	G243	1
G243	G196	1
G196	G38	1
G38	G196	1
G196	G21	1
G21	G196	1
G196	G213	1
G213	G196	1
G196	G150	1
G150	G196	1
G196	G312	1
G312	G196	1
G196	G639	1
G196	G282	1
G282	G196	1
G196	G40	1
G40	G196	1
G196	G576	1
G256	G803	1
G256	G805	1
G256	G901	1
G256	G629	1
G256	G631	1
G256	G940	1
G256	G488	1
G256	G551	1
G256	G819	1
G256	G814	1
G256	G571	1
G256	G676	1
G256	G1207	1
G256	G547	1
G256	G1149	1
G256	G1165	1
G256	G701	1
G256	G765	1
G256	G1025	1
G256	G769	1
G256	G639	1
G256	G761	1
G256	G702	1
G5	G342	1
G105	G469	1
G260	G469	1
G193	G469	1
G211	G469	1
G3	G469	1
G186	G469	1
G52	G469	1
G2	G469	1
G183	G469	1
G46	G469	1
G166	G469	1
G45	G469	1
G5	G379	1
G260	G379	1
G211	G379	1
G3	G379	1
G186	G379	1
G2	G379	1
G183	G379	1
G166	G379	1
G45	G379	1
G193	G379	1
G52	G379	1
G46	G379	1
G5	G1311	1
G288	G550	1
G288	G586	1
G288	G902	1
G260	G1232	1
G211	G1232	1
G3	G1232	1
G186	G1232	1
G2	G1232	1
G183	G1232	1
G166	G1232	1
G45	G1232	1
G52	G1232	1
G46	G1232	1
G91	G1103	1
G5	G1103	1
G257	G335	1
G5	G335	1
G105	G335	1
G5	G644	1
G239	G157	1
G157	G239	1
G71	G1046	1
G71	G161	1
G161	G71	1
G71	G1063	1
G71	G655	1
G71	G313	1
G313	G71	1
G161	G148	1
G148	G161	1
G161	G128	1
G128	G161	1
G161	G218	1
G218	G161	1
G161	G116	1
G116	G161	1
G161	G955	1
G161	G207	1
G207	G161	1
G161	G139	1
G139	G161	1
G161	G158	1
G158	G161	1
G161	G3	1
G3	G161	1
G161	G111	1
G111	G161	1
G161	G184	1
G184	G161	1
G161	G88	1
G88	G161	1
G161	G56	1
G56	G161	1
G161	G156	1
G156	G161	1
G161	G87	1
G87	G161	1
G161	G183	1
G183	G161	1
G161	G97	1
G97	G161	1
G161	G286	1
G286	G161	1
G161	G287	1
G287	G161	1
G161	G314	1
G314	G161	1
G161	G209	1
G209	G161	1
G161	G306	1
G306	G161	1
G161	G153	1
G153	G161	1
G161	G213	1
G213	G161	1
G161	G35	1
G35	G161	1
G161	G312	1
G312	G161	1
G161	G45	1
G45	G161	1
G161	G33	1
G33	G161	1
G161	G157	1
G157	G161	1
G161	G247	1
G247	G161	1
G161	G24	1
G24	G161	1
G161	G171	1
G171	G161	1
G161	G242	1
G242	G161	1
G161	G165	1
G165	G161	1
G161	G414	1
G161	G1111	1
G161	G305	1
G305	G161	1
G161	G230	1
G230	G161	1
G161	G39	1
G39	G161	1
G161	G147	1
G147	G161	1
G161	G231	1
G231	G161	1
G161	G68	1
G68	G161	1
G161	G74	1
G74	G161	1
G161	G727	1
G161	G243	1
G243	G161	1
G161	G38	1
G38	G161	1
G161	G313	1
G313	G161	1
G161	G1315	1
G161	G754	1
G161	G210	1
G210	G161	1
G161	G170	1
G170	G161	1
G161	G151	1
G151	G161	1
G161	G275	1
G275	G161	1
G91	G525	1
G76	G525	1
G92	G124	1
G124	G92	1
G92	G198	1
G198	G92	1
G92	G5	1
G5	G92	1
G92	G1292	1
G92	G183	1
G183	G92	1
G92	G112	1
G112	G92	1
G92	G1312	1
G92	G214	1
G214	G92	1
G92	G761	1
G92	G321	1
G92	G683	1
G92	G281	1
G281	G92	1
G92	G240	1
G240	G92	1
G273	G718	1
G273	G98	1
G98	G273	1
G306	G156	1
G156	G306	1
G306	G183	1
G183	G306	1
G306	G35	1
G35	G306	1
G306	G179	1
G179	G306	1
G306	G210	1
G210	G306	1
G156	G148	1
G148	G156	1
G156	G163	1
G163	G156	1
G156	G165	1
G165	G156	1
G156	G414	1
G156	G77	1
G77	G156	1
G156	G135	1
G135	G156	1
G156	G237	1
G237	G156	1
G156	G55	1
G55	G156	1
G156	G184	1
G184	G156	1
G156	G255	1
G255	G156	1
G156	G890	1
G156	G164	1
G164	G156	1
G156	G287	1
G287	G156	1
G156	G270	1
G270	G156	1
G156	G314	1
G314	G156	1
G156	G512	1
G156	G173	1
G173	G156	1
G156	G1315	1
G156	G754	1
G105	G1071	1
G272	G1071	1
G143	G1071	1
G83	G1071	1
G116	G1287	1
G0	G1287	1
G271	G157	1
G157	G271	1
G271	G309	1
G309	G271	1
G271	G230	1
G230	G271	1
G271	G179	1
G179	G271	1
G271	G210	1
G210	G271	1
G271	G1091	1
G53	G753	1
G26	G1164	1
G158	G1164	1
G183	G1164	1
G246	G1164	1
G165	G1164	1
G127	G1164	1
G302	G1164	1
G160	G820	1
G251	G112	1
G112	G251	1
G251	G305	1
G305	G251	1
G251	G1315	1
G251	G754	1
G5	G238	1
G238	G5	1
G5	G537	1
G5	G888	1
G5	G805	1
G5	G148	1
G148	G5	1
G5	G110	1
G110	G5	1
G5	G862	1
G5	G25	1
G25	G5	1
G5	G128	1
G128	G5	1
G5	G118	1
G118	G5	1
G5	G280	1
G280	G5	1
G5	G218	1
G218	G5	1
G5	G8	1
G8	G5	1
G5	G1143	1
G5	G310	1
G310	G5	1
G5	G202	1
G202	G5	1
G5	G207	1
G207	G5	1
G5	G139	1
G139	G5	1
G5	G77	1
G77	G5	1
G5	G779	1
G5	G211	1
G211	G5	1
G5	G138	1
G138	G5	1
G5	G1037	1
G5	G12	1
G12	G5	1
G5	G205	1
G205	G5	1
G5	G466	1
G5	G867	1
G5	G1034	1
G5	G935	1
G5	G66	1
G66	G5	1
G5	G1072	1
G5	G164	1
G164	G5	1
G5	G1023	1
G5	G303	1
G303	G5	1
G5	G974	1
G5	G286	1
G286	G5	1
G5	G269	1
G269	G5	1
G5	G314	1
G314	G5	1
G5	G119	1
G119	G5	1
G5	G1121	1
G5	G1094	1
G5	G743	1
G5	G638	1
G5	G565	1
G5	G213	1
G213	G5	1
G5	G173	1
G173	G5	1
G5	G1049	1
G5	G1305	1
G5	G76	1
G76	G5	1
G5	G247	1
G247	G5	1
G5	G133	1
G133	G5	1
G5	G24	1
G24	G5	1
G5	G171	1
G171	G5	1
G5	G1214	1
G5	G849	1
G5	G105	1
G105	G5	1
G5	G165	1
G165	G5	1
G5	G938	1
G5	G1056	1
G5	G722	1
G5	G1167	1
G5	G0	1
G0	G5	1
G5	G1029	1
G5	G281	1
G281	G5	1
G5	G284	1
G284	G5	1
G5	G169	1
G169	G5	1
G5	G1208	1
G5	G47	1
G47	G5	1
G5	G221	1
G221	G5	1
G5	G1123	1
G5	G1129	1
G5	G798	1
G5	G63	1
G63	G5	1
G5	G52	1
G52	G5	1
G5	G311	1
G311	G5	1
G5	G699	1
G5	G79	1
G79	G5	1
G5	G691	1
G5	G65	1
G65	G5	1
G5	G479	1
G5	G614	1
G5	G145	1
G145	G5	1
G5	G864	1
G5	G16	1
G16	G5	1
G5	G1274	1
G5	G297	1
G297	G5	1
G5	G113	1
G113	G5	1
G5	G315	1
G315	G5	1
G5	G336	1
G5	G730	1
G5	G243	1
G243	G5	1
G5	G109	1
G109	G5	1
G5	G38	1
G38	G5	1
G5	G351	1
G5	G150	1
G150	G5	1
G5	G199	1
G199	G5	1
G5	G1173	1
G5	G489	1
G5	G275	1
G275	G5	1
G56	G938	1
G183	G938	1
G64	G938	1
G153	G938	1
G179	G938	1
G210	G938	1
G160	G696	1
G300	G523	1
G186	G1091	1
G299	G1091	1
G35	G1091	1
G230	G1091	1
G179	G1091	1
G210	G1091	1
G207	G238	1
G238	G207	1
G207	G191	1
G191	G207	1
G207	G248	1
G248	G207	1
G207	G110	1
G110	G207	1
G207	G133	1
G133	G207	1
G207	G25	1
G25	G207	1
G207	G128	1
G128	G207	1
G207	G218	1
G218	G207	1
G207	G180	1
G180	G207	1
G207	G24	1
G24	G207	1
G207	G171	1
G171	G207	1
G207	G1143	1
G207	G849	1
G207	G105	1
G105	G207	1
G207	G114	1
G114	G207	1
G207	G1292	1
G207	G310	1
G310	G207	1
G207	G1167	1
G207	G414	1
G207	G1029	1
G207	G193	1
G193	G207	1
G207	G284	1
G284	G207	1
G207	G139	1
G139	G207	1
G207	G158	1
G158	G207	1
G207	G211	1
G211	G207	1
G207	G47	1
G47	G207	1
G207	G61	1
G61	G207	1
G207	G176	1
G176	G207	1
G207	G152	1
G152	G207	1
G207	G1037	1
G207	G309	1
G309	G207	1
G207	G798	1
G207	G7	1
G7	G207	1
G207	G208	1
G208	G207	1
G207	G63	1
G63	G207	1
G207	G88	1
G88	G207	1
G207	G296	1
G296	G207	1
G207	G466	1
G207	G79	1
G79	G207	1
G207	G240	1
G240	G207	1
G207	G66	1
G66	G207	1
G207	G2	1
G2	G207	1
G207	G87	1
G87	G207	1
G207	G303	1
G303	G207	1
G207	G46	1
G46	G207	1
G207	G147	1
G147	G207	1
G207	G269	1
G269	G207	1
G207	G112	1
G112	G207	1
G207	G1121	1
G207	G1312	1
G207	G1094	1
G207	G474	1
G207	G243	1
G243	G207	1
G207	G109	1
G109	G207	1
G207	G38	1
G38	G207	1
G207	G93	1
G93	G207	1
G207	G21	1
G21	G207	1
G207	G213	1
G213	G207	1
G207	G35	1
G35	G207	1
G207	G150	1
G150	G207	1
G207	G312	1
G312	G207	1
G207	G1315	1
G207	G754	1
G207	G199	1
G199	G207	1
G207	G9	1
G9	G207	1
G207	G40	1
G40	G207	1
G207	G1173	1
G207	G761	1
G207	G1305	1
G207	G576	1
G207	G275	1
G275	G207	1
G186	G655	1
G260	G1036	1
G211	G1036	1
G3	G1036	1
G186	G1036	1
G2	G1036	1
G183	G1036	1
G166	G1036	1
G45	G1036	1
G52	G1036	1
G46	G1036	1
G13	G1036	1
G313	G1036	1
G292	G875	1
G292	G1292	1
G292	G1210	1
G292	G410	1
G292	G340	1
G292	G132	1
G132	G292	1
G292	G1236	1
G292	G341	1
G292	G761	1
G184	G890	1
G183	G890	1
G112	G890	1
G282	G890	1
G186	G421	1
G186	G1276	1
G186	G802	1
G186	G788	1
G186	G425	1
G186	G1292	1
G186	G260	1
G260	G186	1
G186	G1027	1
G186	G789	1
G186	G3	1
G3	G186	1
G186	G237	1
G237	G186	1
G186	G411	1
G186	G1122	1
G186	G1140	1
G186	G1310	1
G186	G724	1
G186	G693	1
G186	G299	1
G299	G186	1
G186	G957	1
G186	G544	1
G186	G183	1
G183	G186	1
G186	G492	1
G186	G664	1
G186	G166	1
G166	G186	1
G186	G943	1
G186	G153	1
G153	G186	1
G186	G565	1
G186	G35	1
G35	G186	1
G186	G364	1
G186	G45	1
G45	G186	1
G186	G761	1
G186	G573	1
G186	G595	1
G186	G1043	1
G186	G538	1
G186	G521	1
G186	G691	1
G186	G584	1
G186	G179	1
G179	G186	1
G186	G997	1
G186	G160	1
G160	G186	1
G186	G558	1
G186	G665	1
G186	G817	1
G186	G13	1
G13	G186	1
G186	G343	1
G186	G107	1
G107	G186	1
G186	G643	1
G186	G995	1
G186	G313	1
G313	G186	1
G186	G675	1
G186	G210	1
G210	G186	1
G186	G386	1
G186	G391	1
G186	G489	1
G186	G1110	1
G280	G1214	1
G280	G284	1
G284	G280	1
G280	G315	1
G315	G280	1
G280	G1121	1
G26	G1292	1
G26	G102	1
G102	G26	1
G26	G184	1
G184	G26	1
G26	G183	1
G183	G26	1
G26	G89	1
G89	G26	1
G26	G286	1
G286	G26	1
G26	G322	1
G26	G761	1
G26	G165	1
G165	G26	1
G26	G127	1
G127	G26	1
G26	G115	1
G115	G26	1
G26	G104	1
G104	G26	1
G26	G68	1
G68	G26	1
G26	G74	1
G74	G26	1
G26	G106	1
G106	G26	1
G26	G210	1
G210	G26	1
G26	G275	1
G275	G26	1
G201	G512	1
G201	G282	1
G282	G201	1
G76	G639	1
G133	G639	1
G128	G639	1
G171	G639	1
G139	G639	1
G145	G639	1
G183	G639	1
G109	G639	1
G85	G851	1
G248	G128	1
G128	G248	1
G248	G1292	1
G248	G139	1
G139	G248	1
G248	G1097	1
G248	G176	1
G176	G248	1
G248	G1053	1
G248	G1044	1
G248	G183	1
G183	G248	1
G248	G1312	1
G248	G213	1
G213	G248	1
G248	G761	1
G248	G24	1
G24	G248	1
G248	G171	1
G171	G248	1
G248	G105	1
G105	G248	1
G248	G786	1
G248	G193	1
G193	G248	1
G248	G1111	1
G248	G681	1
G248	G240	1
G240	G248	1
G248	G691	1
G248	G1116	1
G248	G106	1
G106	G248	1
G248	G243	1
G243	G248	1
G248	G38	1
G38	G248	1
G45	G1276	1
G45	G805	1
G45	G802	1
G45	G788	1
G45	G1292	1
G45	G260	1
G260	G45	1
G45	G789	1
G45	G3	1
G3	G45	1
G45	G1140	1
G45	G724	1
G45	G693	1
G45	G957	1
G45	G1053	1
G45	G183	1
G183	G45	1
G45	G492	1
G45	G1102	1
G45	G166	1
G166	G45	1
G45	G943	1
G45	G153	1
G153	G45	1
G45	G565	1
G45	G35	1
G35	G45	1
G45	G364	1
G45	G761	1
G45	G573	1
G45	G165	1
G165	G45	1
G45	G1048	1
G45	G718	1
G45	G1043	1
G45	G521	1
G45	G584	1
G45	G997	1
G45	G160	1
G160	G45	1
G45	G558	1
G45	G817	1
G45	G496	1
G45	G13	1
G13	G45	1
G45	G107	1
G107	G45	1
G45	G995	1
G45	G84	1
G84	G45	1
G45	G386	1
G45	G489	1
G69	G35	1
G35	G69	1
G36	G392	1
G17	G392	1
G76	G416	1
G91	G569	1
G91	G758	1
G91	G1186	1
G91	G413	1
G91	G1262	1
G91	G463	1
G91	G892	1
G91	G940	1
G91	G596	1
G91	G1061	1
G91	G1277	1
G91	G1120	1
G91	G1197	1
G91	G703	1
G91	G1026	1
G91	G578	1
G91	G571	1
G91	G402	1
G91	G1072	1
G91	G1203	1
G91	G1165	1
G91	G914	1
G91	G370	1
G91	G1225	1
G91	G662	1
G91	G1128	1
G91	G93	1
G93	G91	1
G91	G444	1
G91	G369	1
G91	G747	1
G91	G803	1
G91	G731	1
G91	G1040	1
G91	G1213	1
G91	G629	1
G91	G631	1
G91	G1056	1
G91	G1198	1
G91	G477	1
G91	G946	1
G91	G819	1
G91	G1123	1
G91	G514	1
G91	G497	1
G91	G179	1
G179	G91	1
G91	G676	1
G91	G614	1
G91	G1226	1
G91	G1192	1
G91	G1274	1
G91	G1207	1
G91	G635	1
G91	G921	1
G91	G485	1
G91	G701	1
G91	G381	1
G91	G1134	1
G91	G1039	1
G91	G1193	1
G91	G765	1
G91	G1025	1
G91	G351	1
G91	G863	1
G143	G1301	1
G83	G1301	1
G171	G1301	1
G272	G1301	1
G38	G1301	1
G179	G514	1
G254	G183	1
G183	G254	1
G179	G1123	1
G4	G1123	1
G114	G915	1
G160	G1110	1
G107	G1110	1
G105	G1276	1
G105	G672	1
G105	G128	1
G128	G105	1
G105	G1292	1
G105	G971	1
G105	G139	1
G139	G105	1
G105	G1097	1
G105	G2	1
G2	G105	1
G105	G1053	1
G105	G1044	1
G105	G213	1
G213	G105	1
G105	G35	1
G35	G105	1
G105	G761	1
G105	G570	1
G105	G24	1
G24	G105	1
G105	G171	1
G171	G105	1
G105	G786	1
G105	G193	1
G193	G105	1
G105	G681	1
G105	G842	1
G105	G691	1
G105	G1116	1
G105	G46	1
G46	G105	1
G105	G243	1
G243	G105	1
G105	G38	1
G38	G105	1
G76	G805	1
G76	G395	1
G76	G463	1
G76	G940	1
G76	G488	1
G76	G551	1
G76	G596	1
G76	G1277	1
G76	G1197	1
G76	G1026	1
G76	G627	1
G76	G773	1
G76	G1126	1
G76	G1298	1
G76	G1149	1
G76	G1165	1
G76	G766	1
G76	G1225	1
G76	G502	1
G76	G761	1
G76	G803	1
G76	G731	1
G76	G901	1
G76	G1213	1
G76	G629	1
G76	G631	1
G76	G946	1
G76	G819	1
G76	G814	1
G76	G682	1
G76	G939	1
G76	G479	1
G76	G676	1
G76	G1192	1
G76	G1207	1
G76	G921	1
G76	G1217	1
G76	G701	1
G76	G712	1
G76	G765	1
G76	G1025	1
G76	G863	1
G76	G702	1
G76	G1308	1
G122	G1077	1
G233	G1077	1
G124	G198	1
G198	G124	1
G124	G1292	1
G124	G112	1
G112	G124	1
G124	G1312	1
G124	G214	1
G214	G124	1
G124	G761	1
G124	G683	1
G124	G281	1
G281	G124	1
G124	G65	1
G65	G124	1
G106	G1292	1
G106	G183	1
G183	G106	1
G106	G314	1
G314	G106	1
G106	G112	1
G112	G106	1
G106	G1312	1
G106	G126	1
G126	G106	1
G106	G638	1
G106	G761	1
G106	G595	1
G106	G1111	1
G106	G240	1
G240	G106	1
G106	G179	1
G179	G106	1
G106	G68	1
G68	G106	1
G106	G210	1
G210	G106	1
G283	G36	1
G36	G283	1
G283	G111	1
G111	G283	1
G283	G183	1
G183	G283	1
G283	G153	1
G153	G283	1
G283	G35	1
G35	G283	1
G283	G33	1
G33	G283	1
G283	G14	1
G14	G283	1
G283	G230	1
G230	G283	1
G283	G17	1
G17	G283	1
G283	G313	1
G313	G283	1
G283	G151	1
G151	G283	1
G267	G14	1
G14	G267	1
G267	G28	1
G28	G267	1
G267	G643	1
G17	G36	1
G36	G17	1
G17	G779	1
G17	G111	1
G111	G17	1
G17	G864	1
G136	G594	1
G174	G974	1
G260	G957	1
G211	G957	1
G3	G957	1
G2	G957	1
G183	G957	1
G166	G957	1
G52	G957	1
G46	G957	1
G170	G87	1
G87	G170	1
G170	G157	1
G157	G170	1
G170	G247	1
G247	G170	1
G170	G286	1
G286	G170	1
G170	G147	1
G147	G170	1
G170	G955	1
G170	G275	1
G275	G170	1
G260	G997	1
G211	G997	1
G3	G997	1
G2	G997	1
G183	G997	1
G212	G997	1
G166	G997	1
G52	G997	1
G46	G997	1
G233	G853	1
G114	G396	1
G139	G396	1
G93	G396	1
G213	G396	1
G193	G842	1
G36	G912	1
G214	G198	1
G198	G214	1
G214	G183	1
G183	G214	1
G214	G1312	1
G214	G683	1
G214	G281	1
G281	G214	1
G214	G658	1
G198	G1312	1
G128	G1312	1
G139	G1312	1
G176	G1312	1
G126	G1312	1
G213	G1312	1
G171	G1312	1
G281	G1312	1
G52	G1312	1
G240	G1312	1
G65	G1312	1
G243	G1312	1
G38	G1312	1
G3	G521	1
G166	G521	1
G35	G521	1
G230	G521	1
G160	G521	1
G107	G521	1
G3	G817	1
G107	G817	1
G237	G955	1
G87	G955	1
G286	G955	1
G157	G955	1
G247	G955	1
G147	G955	1
G275	G955	1
G179	G578	1
G260	G1043	1
G211	G1043	1
G3	G1043	1
G2	G1043	1
G183	G1043	1
G166	G1043	1
G52	G1043	1
G46	G1043	1
G183	G595	1
G153	G595	1
G210	G595	1
G111	G654	1
G281	G508	1
G3	G1102	1
G183	G1102	1
G179	G1102	1
G210	G1102	1
G261	G63	1
G63	G261	1
G3	G584	1
G153	G584	1
G160	G584	1
G107	G584	1
G313	G584	1
G145	G395	1
G210	G395	1
G3	G1276	1
G3	G569	1
G3	G802	1
G3	G788	1
G3	G413	1
G3	G1292	1
G3	G260	1
G260	G3	1
G3	G688	1
G3	G789	1
G3	G1140	1
G3	G724	1
G3	G693	1
G3	G1053	1
G3	G183	1
G183	G3	1
G3	G492	1
G3	G553	1
G3	G166	1
G166	G3	1
G3	G1015	1
G3	G943	1
G3	G565	1
G3	G35	1
G35	G3	1
G3	G364	1
G3	G761	1
G3	G1000	1
G3	G573	1
G3	G165	1
G165	G3	1
G3	G1198	1
G3	G1048	1
G3	G718	1
G3	G160	1
G160	G3	1
G3	G558	1
G3	G496	1
G3	G107	1
G107	G3	1
G3	G995	1
G3	G84	1
G84	G3	1
G3	G386	1
G3	G489	1
G179	G402	1
G312	G191	1
G191	G312	1
G312	G128	1
G128	G312	1
G312	G180	1
G180	G312	1
G312	G139	1
G139	G312	1
G312	G61	1
G61	G312	1
G312	G176	1
G176	G312	1
G312	G208	1
G208	G312	1
G312	G88	1
G88	G312	1
G312	G21	1
G21	G312	1
G312	G213	1
G213	G312	1
G312	G576	1
G312	G171	1
G171	G312	1
G312	G152	1
G152	G312	1
G312	G147	1
G147	G312	1
G312	G243	1
G243	G312	1
G312	G38	1
G38	G312	1
G312	G150	1
G150	G312	1
G312	G40	1
G40	G312	1
G183	G1000	1
G212	G1000	1
G126	G1000	1
G7	G128	1
G128	G7	1
G7	G171	1
G171	G7	1
G7	G139	1
G139	G7	1
G7	G176	1
G176	G7	1
G7	G88	1
G88	G7	1
G7	G2	1
G2	G7	1
G7	G46	1
G46	G7	1
G7	G112	1
G112	G7	1
G7	G243	1
G243	G7	1
G7	G38	1
G38	G7	1
G7	G213	1
G213	G7	1
G7	G9	1
G9	G7	1
G118	G238	1
G238	G118	1
G118	G1167	1
G118	G138	1
G138	G118	1
G118	G303	1
G303	G118	1
G118	G113	1
G113	G118	1
G118	G1173	1
G183	G1085	1
G153	G1085	1
G233	G1085	1
G179	G1085	1
G210	G1085	1
G260	G386	1
G211	G386	1
G2	G386	1
G183	G386	1
G166	G386	1
G52	G386	1
G46	G386	1
G61	G191	1
G191	G61	1
G61	G1137	1
G61	G128	1
G128	G61	1
G61	G180	1
G180	G61	1
G61	G171	1
G171	G61	1
G61	G139	1
G139	G61	1
G61	G152	1
G152	G61	1
G61	G176	1
G176	G61	1
G61	G208	1
G208	G61	1
G61	G183	1
G183	G61	1
G61	G243	1
G243	G61	1
G61	G38	1
G38	G61	1
G61	G21	1
G21	G61	1
G61	G213	1
G213	G61	1
G80	G779	1
G80	G4	1
G4	G80	1
G116	G446	1
G183	G446	1
G128	G576	1
G180	G576	1
G171	G576	1
G139	G576	1
G243	G576	1
G38	G576	1
G152	G576	1
G21	G576	1
G213	G576	1
G150	G576	1
G88	G576	1
G40	G576	1
G102	G286	1
G286	G102	1
G102	G1292	1
G102	G68	1
G68	G102	1
G102	G761	1
G102	G104	1
G104	G102	1
G102	G275	1
G275	G102	1
G179	G1013	1
G210	G1013	1
G142	G35	1
G35	G142	1
G142	G14	1
G14	G142	1
G240	G128	1
G128	G240	1
G240	G171	1
G171	G240	1
G240	G1292	1
G240	G281	1
G281	G240	1
G240	G139	1
G139	G240	1
G240	G176	1
G176	G240	1
G240	G668	1
G240	G126	1
G126	G240	1
G240	G243	1
G243	G240	1
G240	G746	1
G240	G38	1
G38	G240	1
G240	G213	1
G213	G240	1
G240	G761	1
G171	G238	1
G238	G171	1
G171	G805	1
G171	G191	1
G191	G171	1
G171	G110	1
G110	G171	1
G171	G25	1
G25	G171	1
G171	G128	1
G128	G171	1
G171	G218	1
G218	G171	1
G171	G180	1
G180	G171	1
G171	G1143	1
G171	G1292	1
G171	G310	1
G310	G171	1
G171	G139	1
G139	G171	1
G171	G158	1
G158	G171	1
G171	G211	1
G211	G171	1
G171	G176	1
G176	G171	1
G171	G1037	1
G171	G309	1
G309	G171	1
G171	G208	1
G208	G171	1
G171	G88	1
G88	G171	1
G171	G466	1
G171	G66	1
G66	G171	1
G171	G2	1
G2	G171	1
G171	G773	1
G171	G87	1
G87	G171	1
G171	G303	1
G303	G171	1
G171	G269	1
G269	G171	1
G171	G112	1
G112	G171	1
G171	G1121	1
G171	G1094	1
G171	G474	1
G171	G21	1
G21	G171	1
G171	G213	1
G213	G171	1
G171	G35	1
G35	G171	1
G171	G9	1
G9	G171	1
G171	G761	1
G171	G1305	1
G171	G133	1
G133	G171	1
G171	G24	1
G24	G171	1
G171	G849	1
G171	G631	1
G171	G114	1
G114	G171	1
G171	G1167	1
G171	G414	1
G171	G1029	1
G171	G193	1
G193	G171	1
G171	G284	1
G284	G171	1
G171	G898	1
G171	G1208	1
G171	G47	1
G47	G171	1
G171	G152	1
G152	G171	1
G171	G814	1
G171	G798	1
G171	G63	1
G63	G171	1
G171	G296	1
G296	G171	1
G171	G79	1
G79	G171	1
G171	G46	1
G46	G171	1
G171	G147	1
G147	G171	1
G171	G243	1
G243	G171	1
G171	G109	1
G109	G171	1
G171	G38	1
G38	G171	1
G171	G150	1
G150	G171	1
G171	G1315	1
G171	G754	1
G171	G199	1
G199	G171	1
G171	G40	1
G40	G171	1
G171	G1173	1
G171	G1308	1
G171	G275	1
G275	G171	1
G160	G1140	1
G153	G1140	1
G84	G1140	1
G35	G1140	1
G109	G238	1
G238	G109	1
G109	G110	1
G110	G109	1
G109	G25	1
G25	G109	1
G109	G128	1
G128	G109	1
G109	G1143	1
G109	G310	1
G310	G109	1
G109	G139	1
G139	G109	1
G109	G211	1
G211	G109	1
G109	G1037	1
G109	G466	1
G109	G66	1
G66	G109	1
G109	G303	1
G303	G109	1
G109	G1121	1
G109	G1094	1
G109	G213	1
G213	G109	1
G109	G1305	1
G109	G133	1
G133	G109	1
G109	G849	1
G109	G1167	1
G109	G1131	1
G109	G1029	1
G109	G284	1
G284	G109	1
G109	G47	1
G47	G109	1
G109	G798	1
G109	G63	1
G63	G109	1
G109	G79	1
G79	G109	1
G109	G497	1
G109	G16	1
G16	G109	1
G109	G656	1
G109	G243	1
G243	G109	1
G109	G38	1
G38	G109	1
G109	G150	1
G150	G109	1
G109	G199	1
G199	G109	1
G109	G1173	1
G133	G1061	1
G145	G1061	1
G298	G301	1
G301	G298	1
G298	G1167	1
G298	G414	1
G298	G127	1
G127	G298	1
G298	G131	1
G131	G298	1
G298	G1315	1
G298	G754	1
G238	G1106	1
G249	G28	1
G28	G249	1
G147	G157	1
G157	G147	1
G147	G247	1
G247	G147	1
G147	G128	1
G128	G147	1
G147	G139	1
G139	G147	1
G147	G88	1
G88	G147	1
G147	G87	1
G87	G147	1
G147	G286	1
G286	G147	1
G147	G243	1
G243	G147	1
G147	G38	1
G38	G147	1
G147	G213	1
G213	G147	1
G147	G275	1
G275	G147	1
G23	G1136	1
G52	G1136	1
G23	G635	1
G179	G635	1
G166	G1276	1
G166	G802	1
G166	G788	1
G166	G1292	1
G166	G260	1
G260	G166	1
G166	G724	1
G166	G693	1
G166	G1053	1
G166	G492	1
G166	G565	1
G166	G364	1
G166	G761	1
G166	G573	1
G166	G558	1
G166	G107	1
G107	G166	1
G166	G995	1
G166	G489	1
G260	G489	1
G211	G489	1
G2	G489	1
G183	G489	1
G52	G489	1
G46	G489	1
G125	G1307	1
G128	G805	1
G139	G805	1
G88	G805	1
G133	G805	1
G145	G805	1
G160	G643	1
G107	G643	1
G179	G1120	1
G43	G633	1
G136	G692	1
G231	G985	1
G153	G985	1
G313	G985	1
G138	G238	1
G238	G138	1
G24	G238	1
G238	G24	1
G24	G924	1
G24	G128	1
G128	G24	1
G24	G218	1
G218	G24	1
G24	G19	1
G19	G24	1
G24	G8	1
G8	G24	1
G24	G139	1
G139	G24	1
G24	G158	1
G158	G24	1
G24	G1097	1
G24	G81	1
G81	G24	1
G24	G88	1
G88	G24	1
G24	G87	1
G87	G24	1
G24	G183	1
G183	G24	1
G24	G286	1
G286	G24	1
G24	G119	1
G119	G24	1
G24	G192	1
G192	G24	1
G24	G112	1
G112	G24	1
G24	G213	1
G213	G24	1
G24	G83	1
G83	G24	1
G24	G321	1
G24	G786	1
G24	G165	1
G165	G24	1
G24	G414	1
G24	G127	1
G127	G24	1
G24	G193	1
G193	G24	1
G24	G1129	1
G24	G215	1
G215	G24	1
G24	G681	1
G24	G65	1
G65	G24	1
G24	G1116	1
G24	G272	1
G272	G24	1
G24	G243	1
G243	G24	1
G24	G38	1
G38	G24	1
G24	G318	1
G318	G24	1
G24	G1315	1
G24	G754	1
G24	G275	1
G275	G24	1
G282	G191	1
G191	G282	1
G282	G180	1
G180	G282	1
G282	G242	1
G242	G282	1
G282	G1292	1
G282	G202	1
G202	G282	1
G282	G512	1
G282	G173	1
G173	G282	1
G282	G761	1
G202	G880	1
G263	G313	1
G313	G263	1
G302	G218	1
G218	G302	1
G302	G1292	1
G302	G1053	1
G302	G761	1
G302	G165	1
G165	G302	1
G302	G127	1
G127	G302	1
G183	G349	1
G260	G693	1
G211	G693	1
G2	G693	1
G183	G693	1
G52	G693	1
G46	G693	1
G13	G693	1
G202	G1189	1
G153	G944	1
G314	G148	1
G148	G314	1
G314	G158	1
G158	G314	1
G314	G77	1
G77	G314	1
G314	G190	1
G190	G314	1
G314	G184	1
G184	G314	1
G314	G88	1
G88	G314	1
G314	G164	1
G164	G314	1
G314	G183	1
G183	G314	1
G314	G246	1
G246	G314	1
G314	G83	1
G83	G314	1
G314	G173	1
G173	G314	1
G314	G165	1
G165	G314	1
G314	G326	1
G314	G255	1
G255	G314	1
G314	G691	1
G314	G1238	1
G314	G74	1
G74	G314	1
G183	G370	1
G179	G370	1
G260	G558	1
G211	G558	1
G2	G558	1
G183	G558	1
G52	G558	1
G46	G558	1
G66	G774	1
G40	G296	1
G296	G40	1
G40	G139	1
G139	G40	1
G40	G243	1
G243	G40	1
G40	G128	1
G128	G40	1
G40	G38	1
G38	G40	1
G40	G152	1
G152	G40	1
G40	G21	1
G21	G40	1
G40	G213	1
G213	G40	1
G40	G180	1
G180	G40	1
G40	G150	1
G150	G40	1
G133	G914	1
G145	G914	1
G107	G425	1
G107	G789	1
G107	G160	1
G160	G107	1
G107	G496	1
G107	G13	1
G13	G107	1
G107	G313	1
G313	G107	1
G128	G673	1
G139	G673	1
G132	G875	1
G52	G722	1
G56	G722	1
G313	G759	1
G20	G130	1
G130	G20	1
G20	G307	1
G307	G20	1
G20	G162	1
G162	G20	1
G20	G300	1
G300	G20	1
G4	G614	1
G311	G614	1
G179	G614	1
G238	G1121	1
G110	G1121	1
G133	G1121	1
G25	G1121	1
G128	G1121	1
G310	G1121	1
G0	G1121	1
G284	G1121	1
G139	G1121	1
G211	G1121	1
G47	G1121	1
G63	G1121	1
G79	G1121	1
G66	G1121	1
G2	G1121	1
G303	G1121	1
G243	G1121	1
G38	G1121	1
G213	G1121	1
G150	G1121	1
G4	G1121	1
G199	G1121	1
G58	G1203	1
G222	G158	1
G158	G222	1
G222	G1053	1
G222	G143	1
G143	G222	1
G222	G83	1
G83	G222	1
G222	G35	1
G35	G222	1
G222	G272	1
G272	G222	1
G128	G712	1
G243	G238	1
G238	G243	1
G243	G888	1
G243	G191	1
G191	G243	1
G243	G110	1
G110	G243	1
G243	G133	1
G133	G243	1
G243	G25	1
G25	G243	1
G243	G128	1
G128	G243	1
G243	G218	1
G218	G243	1
G243	G180	1
G180	G243	1
G243	G1143	1
G243	G849	1
G243	G1292	1
G243	G310	1
G310	G243	1
G243	G1167	1
G243	G414	1
G243	G1029	1
G243	G193	1
G193	G243	1
G243	G284	1
G284	G243	1
G243	G139	1
G139	G243	1
G243	G158	1
G158	G243	1
G243	G211	1
G211	G243	1
G243	G47	1
G47	G243	1
G243	G176	1
G176	G243	1
G243	G152	1
G152	G243	1
G243	G1037	1
G243	G309	1
G309	G243	1
G243	G798	1
G243	G63	1
G63	G243	1
G243	G88	1
G88	G243	1
G243	G296	1
G296	G243	1
G243	G466	1
G243	G79	1
G79	G243	1
G243	G66	1
G66	G243	1
G243	G2	1
G2	G243	1
G243	G87	1
G87	G243	1
G243	G303	1
G303	G243	1
G243	G46	1
G46	G243	1
G243	G269	1
G269	G243	1
G243	G112	1
G112	G243	1
G243	G1094	1
G243	G474	1
G243	G38	1
G38	G243	1
G243	G93	1
G93	G243	1
G243	G21	1
G21	G243	1
G243	G213	1
G213	G243	1
G243	G35	1
G35	G243	1
G243	G150	1
G150	G243	1
G243	G1315	1
G243	G754	1
G243	G199	1
G199	G243	1
G243	G9	1
G9	G243	1
G243	G1173	1
G243	G761	1
G243	G1305	1
G243	G275	1
G275	G243	1
G260	G1053	1
G2	G1053	1
G212	G1053	1
G122	G1053	1
G227	G1053	1
G127	G1053	1
G193	G1053	1
G46	G1053	1
G68	G1053	1
G140	G130	1
G130	G140	1
G238	G888	1
G238	G110	1
G110	G238	1
G238	G133	1
G133	G238	1
G238	G25	1
G25	G238	1
G238	G128	1
G128	G238	1
G238	G1143	1
G238	G849	1
G238	G310	1
G310	G238	1
G238	G1167	1
G238	G0	1
G0	G238	1
G238	G1029	1
G238	G284	1
G284	G238	1
G238	G139	1
G139	G238	1
G238	G211	1
G211	G238	1
G238	G47	1
G47	G238	1
G238	G1037	1
G238	G798	1
G238	G63	1
G63	G238	1
G238	G466	1
G238	G79	1
G79	G238	1
G238	G66	1
G66	G238	1
G238	G183	1
G183	G238	1
G238	G16	1
G16	G238	1
G238	G303	1
G303	G238	1
G238	G297	1
G297	G238	1
G238	G113	1
G113	G238	1
G238	G1094	1
G238	G38	1
G38	G238	1
G238	G213	1
G213	G238	1
G238	G150	1
G150	G238	1
G238	G4	1
G4	G238	1
G238	G199	1
G199	G238	1
G238	G1173	1
G238	G1305	1
G2	G762	1
G12	G218	1
G218	G12	1
G12	G65	1
G65	G12	1
G39	G165	1
G165	G39	1
G39	G183	1
G183	G39	1
G39	G97	1
G97	G39	1
G39	G286	1
G286	G39	1
G39	G270	1
G270	G39	1
G193	G1125	1
G309	G128	1
G128	G309	1
G309	G139	1
G139	G309	1
G309	G88	1
G88	G309	1
G309	G213	1
G213	G309	1
G309	G35	1
G35	G309	1
G309	G414	1
G309	G230	1
G230	G309	1
G309	G38	1
G38	G309	1
G309	G1315	1
G309	G754	1
G183	G1239	1
G260	G1276	1
G211	G1276	1
G2	G1276	1
G183	G1276	1
G52	G1276	1
G46	G1276	1
G126	G183	1
G183	G126	1
G133	G662	1
G145	G662	1
G150	G110	1
G110	G150	1
G150	G133	1
G133	G150	1
G150	G25	1
G25	G150	1
G150	G128	1
G128	G150	1
G150	G180	1
G180	G150	1
G150	G1143	1
G150	G849	1
G150	G310	1
G310	G150	1
G150	G1167	1
G150	G1131	1
G150	G1029	1
G150	G284	1
G284	G150	1
G150	G139	1
G139	G150	1
G150	G211	1
G211	G150	1
G150	G47	1
G47	G150	1
G150	G152	1
G152	G150	1
G150	G1037	1
G150	G798	1
G150	G63	1
G63	G150	1
G150	G466	1
G150	G79	1
G79	G150	1
G150	G66	1
G66	G150	1
G150	G303	1
G303	G150	1
G150	G1094	1
G150	G38	1
G38	G150	1
G150	G21	1
G21	G150	1
G150	G213	1
G213	G150	1
G150	G199	1
G199	G150	1
G150	G1173	1
G150	G1305	1
G139	G888	1
G139	G191	1
G191	G139	1
G139	G110	1
G110	G139	1
G139	G25	1
G25	G139	1
G139	G128	1
G128	G139	1
G139	G218	1
G218	G139	1
G139	G180	1
G180	G139	1
G139	G958	1
G139	G1143	1
G139	G463	1
G139	G310	1
G310	G139	1
G139	G1292	1
G139	G158	1
G158	G139	1
G139	G211	1
G211	G139	1
G139	G176	1
G176	G139	1
G139	G1037	1
G139	G208	1
G208	G139	1
G139	G88	1
G88	G139	1
G139	G466	1
G139	G66	1
G66	G139	1
G139	G2	1
G2	G139	1
G139	G773	1
G139	G87	1
G87	G139	1
G139	G303	1
G303	G139	1
G139	G1165	1
G139	G269	1
G269	G139	1
G139	G112	1
G112	G139	1
G139	G1094	1
G139	G474	1
G139	G93	1
G93	G139	1
G139	G21	1
G21	G139	1
G139	G213	1
G213	G139	1
G139	G35	1
G35	G139	1
G139	G9	1
G9	G139	1
G139	G761	1
G139	G1305	1
G139	G157	1
G157	G139	1
G139	G133	1
G133	G139	1
G139	G849	1
G139	G114	1
G114	G139	1
G139	G1167	1
G139	G414	1
G139	G1029	1
G139	G193	1
G193	G139	1
G139	G284	1
G284	G139	1
G139	G898	1
G139	G47	1
G47	G139	1
G139	G215	1
G215	G139	1
G139	G152	1
G152	G139	1
G139	G814	1
G139	G798	1
G139	G63	1
G63	G139	1
G139	G296	1
G296	G139	1
G139	G79	1
G79	G139	1
G139	G691	1
G139	G65	1
G65	G139	1
G139	G46	1
G46	G139	1
G139	G38	1
G38	G139	1
G139	G1315	1
G139	G754	1
G139	G199	1
G199	G139	1
G139	G1173	1
G139	G1308	1
G139	G275	1
G275	G139	1
G110	G849	1
G133	G849	1
G25	G849	1
G128	G849	1
G310	G849	1
G284	G849	1
G211	G849	1
G47	G849	1
G152	G849	1
G63	G849	1
G79	G849	1
G66	G849	1
G303	G849	1
G38	G849	1
G213	G849	1
G199	G849	1
G65	G198	1
G198	G65	1
G65	G924	1
G65	G218	1
G218	G65	1
G65	G19	1
G19	G65	1
G65	G8	1
G8	G65	1
G65	G81	1
G81	G65	1
G65	G164	1
G164	G65	1
G65	G119	1
G119	G65	1
G65	G93	1
G93	G65	1
G65	G213	1
G213	G65	1
G65	G165	1
G165	G65	1
G65	G414	1
G65	G255	1
G255	G65	1
G65	G691	1
G65	G1315	1
G65	G754	1
G296	G128	1
G128	G296	1
G296	G114	1
G114	G296	1
G296	G152	1
G152	G296	1
G296	G474	1
G296	G38	1
G38	G296	1
G296	G93	1
G93	G296	1
G296	G213	1
G213	G296	1
G97	G1042	1
G63	G1042	1
G235	G1111	1
G235	G179	1
G179	G235	1
G235	G210	1
G210	G235	1
G281	G1249	1
G98	G458	1
G134	G399	1
G160	G425	1
G160	G1292	1
G160	G789	1
G160	G813	1
G160	G1310	1
G160	G943	1
G160	G153	1
G153	G160	1
G160	G35	1
G35	G160	1
G160	G1230	1
G160	G322	1
G160	G761	1
G160	G1048	1
G160	G13	1
G13	G160	1
G160	G313	1
G313	G160	1
G160	G1146	1
G160	G210	1
G210	G160	1
G301	G30	1
G30	G301	1
G301	G60	1
G60	G301	1
G301	G789	1
G301	G183	1
G183	G301	1
G133	G939	1
G145	G939	1
G183	G939	1
G0	G1186	1
G179	G1186	1
G133	G502	1
G145	G502	1
G163	G184	1
G184	G163	1
G110	G474	1
G128	G474	1
G310	G474	1
G284	G474	1
G38	G474	1
G213	G474	1
G63	G474	1
G183	G646	1
G180	G191	1
G191	G180	1
G180	G1137	1
G180	G128	1
G128	G180	1
G180	G202	1
G202	G180	1
G180	G152	1
G152	G180	1
G180	G176	1
G176	G180	1
G180	G208	1
G208	G180	1
G180	G183	1
G183	G180	1
G180	G38	1
G38	G180	1
G180	G21	1
G21	G180	1
G180	G213	1
G213	G180	1
G179	G1261	1
G210	G1261	1
G133	G444	1
G145	G444	1
G209	G864	1
G311	G1072	1
G2	G1116	1
G46	G1116	1
G193	G1116	1
G56	G704	1
G64	G704	1
G179	G704	1
G210	G704	1
G218	G924	1
G88	G128	1
G128	G88	1
G88	G218	1
G218	G88	1
G88	G158	1
G158	G88	1
G88	G176	1
G176	G88	1
G88	G208	1
G208	G88	1
G88	G87	1
G87	G88	1
G88	G21	1
G21	G88	1
G88	G213	1
G213	G88	1
G88	G35	1
G35	G88	1
G88	G157	1
G157	G88	1
G88	G414	1
G88	G152	1
G152	G88	1
G88	G38	1
G38	G88	1
G88	G1315	1
G88	G754	1
G88	G275	1
G275	G88	1
G9	G128	1
G128	G9	1
G9	G176	1
G176	G9	1
G9	G2	1
G2	G9	1
G9	G46	1
G46	G9	1
G9	G112	1
G112	G9	1
G9	G38	1
G38	G9	1
G9	G213	1
G213	G9	1
G210	G1256	1
G210	G111	1
G111	G210	1
G210	G1034	1
G210	G183	1
G183	G210	1
G210	G246	1
G246	G210	1
G210	G678	1
G210	G638	1
G210	G746	1
G210	G153	1
G153	G210	1
G210	G35	1
G35	G210	1
G210	G33	1
G33	G210	1
G210	G1048	1
G210	G586	1
G210	G215	1
G215	G210	1
G210	G230	1
G230	G210	1
G210	G179	1
G179	G210	1
G210	G496	1
G210	G68	1
G68	G210	1
G210	G313	1
G313	G210	1
G260	G364	1
G193	G364	1
G211	G364	1
G52	G364	1
G2	G364	1
G183	G364	1
G46	G364	1
G313	G845	1
G213	G191	1
G191	G213	1
G213	G110	1
G110	G213	1
G213	G133	1
G133	G213	1
G213	G25	1
G25	G213	1
G213	G128	1
G128	G213	1
G213	G218	1
G218	G213	1
G213	G1143	1
G213	G114	1
G114	G213	1
G213	G1292	1
G213	G310	1
G310	G213	1
G213	G1167	1
G213	G414	1
G213	G1029	1
G213	G193	1
G193	G213	1
G213	G284	1
G284	G213	1
G213	G158	1
G158	G213	1
G213	G211	1
G211	G213	1
G213	G47	1
G47	G213	1
G213	G215	1
G215	G213	1
G213	G152	1
G152	G213	1
G213	G176	1
G176	G213	1
G213	G1037	1
G213	G798	1
G213	G208	1
G208	G213	1
G213	G63	1
G63	G213	1
G213	G466	1
G213	G79	1
G79	G213	1
G213	G691	1
G213	G66	1
G66	G213	1
G213	G2	1
G2	G213	1
G213	G87	1
G87	G213	1
G213	G303	1
G303	G213	1
G213	G46	1
G46	G213	1
G213	G269	1
G269	G213	1
G213	G112	1
G112	G213	1
G213	G1094	1
G213	G38	1
G38	G213	1
G213	G93	1
G93	G213	1
G213	G21	1
G21	G213	1
G213	G35	1
G35	G213	1
G213	G1315	1
G213	G754	1
G213	G199	1
G199	G213	1
G213	G1173	1
G213	G761	1
G213	G1305	1
G213	G275	1
G275	G213	1
G122	G1044	1
G227	G1044	1
G193	G1044	1
G2	G1044	1
G46	G1044	1
G212	G1044	1
G110	G1131	1
G133	G1131	1
G25	G1131	1
G310	G1131	1
G47	G1131	1
G79	G1131	1
G66	G1131	1
G23	G711	1
G97	G711	1
G36	G779	1
G36	G111	1
G111	G36	1
G36	G33	1
G33	G36	1
G36	G151	1
G151	G36	1
G128	G773	1
G299	G211	1
G211	G299	1
G299	G14	1
G14	G299	1
G183	G715	1
G153	G715	1
G114	G128	1
G128	G114	1
G114	G463	1
G114	G176	1
G176	G114	1
G114	G152	1
G152	G114	1
G114	G772	1
G114	G38	1
G38	G114	1
G114	G93	1
G93	G114	1
G133	G863	1
G145	G863	1
G133	G901	1
G145	G901	1
G133	G940	1
G145	G940	1
G86	G112	1
G112	G86	1
G198	G1292	1
G198	G112	1
G112	G198	1
G198	G761	1
G198	G321	1
G198	G683	1
G198	G281	1
G281	G198	1
G184	G2	1
G2	G184	1
G184	G148	1
G148	G184	1
G184	G164	1
G164	G184	1
G184	G46	1
G46	G184	1
G184	G165	1
G165	G184	1
G184	G414	1
G184	G287	1
G287	G184	1
G184	G77	1
G77	G184	1
G184	G135	1
G135	G184	1
G184	G512	1
G184	G55	1
G55	G184	1
G184	G173	1
G173	G184	1
G184	G255	1
G255	G184	1
G184	G1315	1
G184	G754	1
G182	G1315	1
G182	G754	1
G182	G275	1
G275	G182	1
G81	G218	1
G218	G81	1
G81	G19	1
G19	G81	1
G81	G8	1
G8	G81	1
G81	G158	1
G158	G81	1
G81	G183	1
G183	G81	1
G81	G286	1
G286	G81	1
G81	G119	1
G119	G81	1
G81	G165	1
G165	G81	1
G81	G1129	1
G81	G215	1
G215	G81	1
G81	G318	1
G318	G81	1
G81	G275	1
G275	G81	1
G313	G1251	1
G245	G165	1
G165	G245	1
G179	G1203	1
G14	G35	1
G35	G14	1
G14	G33	1
G33	G14	1
G14	G230	1
G230	G14	1
G191	G1137	1
G191	G128	1
G128	G191	1
G191	G202	1
G202	G191	1
G191	G176	1
G176	G191	1
G191	G152	1
G152	G191	1
G191	G183	1
G183	G191	1
G191	G38	1
G38	G191	1
G191	G21	1
G21	G191	1
G297	G1167	1
G297	G47	1
G47	G297	1
G297	G113	1
G113	G297	1
G30	G60	1
G60	G30	1
G30	G183	1
G183	G30	1
G30	G112	1
G112	G30	1
G30	G683	1
G179	G569	1
G179	G413	1
G179	G1262	1
G179	G1256	1
G179	G410	1
G179	G1034	1
G179	G183	1
G183	G179	1
G179	G638	1
G179	G1128	1
G179	G153	1
G153	G179	1
G179	G35	1
G35	G179	1
G179	G33	1
G33	G179	1
G179	G747	1
G179	G1040	1
G179	G1198	1
G179	G477	1
G179	G1048	1
G179	G586	1
G179	G230	1
G230	G179	1
G179	G1236	1
G179	G485	1
G179	G381	1
G179	G1134	1
G179	G1039	1
G179	G313	1
G313	G179	1
G2	G573	1
G2	G802	1
G2	G788	1
G2	G128	1
G128	G2	1
G2	G122	1
G122	G2	1
G2	G786	1
G2	G1292	1
G2	G971	1
G2	G227	1
G227	G2	1
G2	G193	1
G193	G2	1
G2	G1097	1
G2	G176	1
G176	G2	1
G2	G681	1
G2	G724	1
G2	G492	1
G2	G46	1
G46	G2	1
G2	G212	1
G212	G2	1
G2	G112	1
G112	G2	1
G2	G995	1
G2	G746	1
G2	G38	1
G38	G2	1
G2	G565	1
G2	G322	1
G2	G761	1
G16	G1143	1
G16	G303	1
G303	G16	1
G16	G1167	1
G16	G47	1
G47	G16	1
G16	G1173	1
G313	G971	1
G313	G183	1
G183	G313	1
G313	G64	1
G64	G313	1
G313	G334	1
G313	G746	1
G313	G153	1
G153	G313	1
G313	G35	1
G35	G313	1
G313	G1111	1
G313	G231	1
G231	G313	1
G313	G485	1
G313	G13	1
G13	G313	1
G313	G995	1
G313	G333	1
G275	G128	1
G128	G275	1
G275	G218	1
G218	G275	1
G275	G158	1
G158	G275	1
G275	G77	1
G77	G275	1
G275	G56	1
G56	G275	1
G275	G87	1
G87	G275	1
G275	G183	1
G183	G275	1
G275	G286	1
G286	G275	1
G275	G35	1
G35	G275	1
G275	G157	1
G157	G275	1
G275	G247	1
G247	G275	1
G275	G165	1
G165	G275	1
G275	G414	1
G275	G104	1
G104	G275	1
G275	G68	1
G68	G275	1
G275	G38	1
G38	G275	1
G275	G1315	1
G275	G754	1
G128	G1308	1
G46	G786	1
G193	G786	1
G230	G183	1
G183	G230	1
G230	G153	1
G153	G230	1
G230	G35	1
G35	G230	1
G174	G183	1
G183	G174	1
G174	G68	1
G68	G174	1
G8	G183	1
G183	G8	1
G8	G218	1
G218	G8	1
G8	G19	1
G19	G8	1
G8	G286	1
G286	G8	1
G8	G165	1
G165	G8	1
G8	G119	1
G119	G8	1
G8	G1129	1
G8	G215	1
G215	G8	1
G8	G318	1
G318	G8	1
G233	G630	1
G260	G565	1
G211	G565	1
G183	G565	1
G52	G565	1
G46	G565	1
G148	G326	1
G202	G326	1
G77	G326	1
G164	G326	1
G173	G326	1
G255	G326	1
G257	G815	1
G257	G976	1
G110	G1305	1
G133	G1305	1
G25	G1305	1
G128	G1305	1
G310	G1305	1
G284	G1305	1
G211	G1305	1
G47	G1305	1
G63	G1305	1
G79	G1305	1
G66	G1305	1
G303	G1305	1
G38	G1305	1
G199	G1305	1
G101	G183	1
G183	G101	1
G133	G731	1
G145	G731	1
G183	G731	1
G318	G218	1
G218	G318	1
G318	G165	1
G165	G318	1
G318	G414	1
G318	G1129	1
G318	G215	1
G215	G318	1
G318	G286	1
G286	G318	1
G318	G119	1
G119	G318	1
G318	G1315	1
G318	G754	1
G133	G891	1
G145	G891	1
G84	G943	1
G35	G943	1
G310	G815	1
G183	G815	1
G145	G758	1
G145	G980	1
G145	G627	1
G145	G571	1
G145	G1041	1
G145	G433	1
G145	G1149	1
G145	G1165	1
G145	G1225	1
G145	G761	1
G145	G133	1
G133	G145	1
G145	G1213	1
G145	G629	1
G145	G631	1
G145	G946	1
G145	G579	1
G145	G79	1
G79	G145	1
G145	G1192	1
G145	G1207	1
G145	G921	1
G145	G1217	1
G145	G701	1
G145	G765	1
G145	G702	1
G110	G1029	1
G133	G1029	1
G25	G1029	1
G128	G1029	1
G310	G1029	1
G284	G1029	1
G211	G1029	1
G47	G1029	1
G63	G1029	1
G79	G1029	1
G66	G1029	1
G303	G1029	1
G38	G1029	1
G199	G1029	1
G205	G47	1
G47	G205	1
G205	G269	1
G269	G205	1
G233	G935	1
G132	G341	1
G112	G128	1
G128	G112	1
G112	G218	1
G218	G112	1
G112	G789	1
G112	G176	1
G176	G112	1
G112	G183	1
G183	G112	1
G112	G281	1
G281	G112	1
G112	G46	1
G46	G112	1
G112	G38	1
G38	G112	1
G63	G110	1
G110	G63	1
G63	G25	1
G25	G63	1
G63	G128	1
G128	G63	1
G63	G1143	1
G63	G310	1
G310	G63	1
G63	G211	1
G211	G63	1
G63	G1037	1
G63	G466	1
G63	G66	1
G66	G63	1
G63	G183	1
G183	G63	1
G63	G303	1
G303	G63	1
G63	G167	1
G167	G63	1
G63	G1094	1
G63	G133	1
G133	G63	1
G63	G1167	1
G63	G284	1
G284	G63	1
G63	G47	1
G47	G63	1
G63	G798	1
G63	G79	1
G79	G63	1
G63	G38	1
G38	G63	1
G63	G199	1
G199	G63	1
G63	G1173	1
G270	G165	1
G165	G270	1
G270	G1111	1
G270	G74	1
G74	G270	1
G167	G0	1
G0	G167	1
G219	G183	1
G183	G219	1
G281	G683	1
G52	G683	1
G133	G702	1
G133	G579	1
G132	G1292	1
G132	G1210	1
G132	G410	1
G132	G340	1
G132	G1236	1
G132	G761	1
G247	G87	1
G87	G247	1
G247	G157	1
G157	G247	1
G247	G286	1
G286	G247	1
G128	G921	1
G133	G921	1
G158	G128	1
G128	G158	1
G158	G218	1
G218	G158	1
G158	G310	1
G310	G158	1
G158	G87	1
G87	G158	1
G158	G183	1
G183	G158	1
G158	G192	1
G192	G158	1
G158	G153	1
G153	G158	1
G158	G83	1
G83	G158	1
G158	G165	1
G165	G158	1
G158	G414	1
G158	G127	1
G127	G158	1
G158	G244	1
G244	G158	1
G158	G38	1
G38	G158	1
G158	G1315	1
G158	G754	1
G133	G1225	1
G128	G819	1
G183	G819	1
G0	G888	1
G0	G1214	1
G0	G1167	1
G0	G47	1
G47	G0	1
G0	G1037	1
G0	G113	1
G113	G0	1
G0	G4	1
G4	G0	1
G0	G1173	1
G133	G1041	1
G52	G573	1
G52	G802	1
G52	G788	1
G52	G133	1
G133	G52	1
G52	G1292	1
G52	G414	1
G52	G586	1
G52	G1129	1
G52	G1176	1
G52	G724	1
G52	G492	1
G52	G1217	1
G52	G995	1
G52	G761	1
G193	G971	1
G46	G971	1
G231	G971	1
G153	G971	1
G218	G1129	1
G165	G1129	1
G202	G1129	1
G286	G1129	1
G272	G1129	1
G119	G1129	1
G60	G789	1
G183	G789	1
G192	G218	1
G218	G192	1
G192	G414	1
G192	G1315	1
G192	G754	1
G87	G286	1
G286	G87	1
G87	G157	1
G157	G87	1
G87	G128	1
G128	G87	1
G87	G218	1
G218	G87	1
G87	G265	1
G265	G87	1
G87	G414	1
G87	G38	1
G38	G87	1
G87	G35	1
G35	G87	1
G87	G1315	1
G87	G754	1
G87	G152	1
G152	G87	1
G133	G1213	1
G260	G492	1
G211	G492	1
G183	G492	1
G46	G492	1
G4	G888	1
G4	G463	1
G4	G1214	1
G4	G1167	1
G4	G47	1
G47	G4	1
G4	G772	1
G4	G113	1
G113	G4	1
G56	G1111	1
G183	G1111	1
G286	G1111	1
G212	G1111	1
G122	G1111	1
G165	G1111	1
G231	G334	1
G231	G153	1
G153	G231	1
G310	G110	1
G110	G310	1
G310	G133	1
G133	G310	1
G310	G25	1
G25	G310	1
G310	G128	1
G128	G310	1
G310	G1143	1
G310	G1167	1
G310	G284	1
G284	G310	1
G310	G211	1
G211	G310	1
G310	G47	1
G47	G310	1
G310	G1037	1
G310	G798	1
G310	G466	1
G310	G308	1
G308	G310	1
G310	G79	1
G79	G310	1
G310	G66	1
G66	G310	1
G310	G303	1
G303	G310	1
G310	G1094	1
G310	G656	1
G310	G38	1
G38	G310	1
G310	G199	1
G199	G310	1
G310	G1173	1
G122	G484	1
G83	G218	1
G218	G83	1
G83	G183	1
G183	G83	1
G83	G286	1
G286	G83	1
G83	G620	1
G83	G165	1
G165	G83	1
G83	G414	1
G83	G1089	1
G83	G272	1
G272	G83	1
G83	G1315	1
G83	G754	1
G83	G448	1
G284	G772	1
G56	G638	1
G183	G638	1
G64	G638	1
G153	G638	1
G233	G638	1
G85	G477	1
G66	G798	1
G110	G798	1
G133	G798	1
G25	G798	1
G128	G798	1
G303	G798	1
G284	G798	1
G211	G798	1
G47	G798	1
G38	G798	1
G199	G798	1
G79	G798	1
G110	G497	1
G66	G497	1
G21	G497	1
G119	G218	1
G218	G119	1
G119	G19	1
G19	G119	1
G119	G165	1
G165	G119	1
G119	G215	1
G215	G119	1
G119	G183	1
G183	G119	1
G119	G286	1
G286	G119	1
G38	G110	1
G110	G38	1
G38	G133	1
G133	G38	1
G38	G25	1
G25	G38	1
G38	G128	1
G128	G38	1
G38	G218	1
G218	G38	1
G38	G1143	1
G38	G1292	1
G38	G1167	1
G38	G414	1
G38	G193	1
G193	G38	1
G38	G284	1
G284	G38	1
G38	G211	1
G211	G38	1
G38	G47	1
G47	G38	1
G38	G176	1
G176	G38	1
G38	G152	1
G152	G38	1
G38	G1037	1
G38	G208	1
G208	G38	1
G38	G466	1
G38	G79	1
G79	G38	1
G38	G66	1
G66	G38	1
G38	G303	1
G303	G38	1
G38	G46	1
G46	G38	1
G38	G269	1
G269	G38	1
G38	G1094	1
G38	G93	1
G93	G38	1
G38	G21	1
G21	G38	1
G38	G35	1
G35	G38	1
G38	G1315	1
G38	G754	1
G38	G199	1
G199	G38	1
G38	G1173	1
G38	G761	1
G233	G640	1
G56	G286	1
G286	G56	1
G56	G517	1
G56	G35	1
G35	G56	1
G56	G350	1
G56	G157	1
G157	G56	1
G193	G672	1
G183	G887	1
G237	G35	1
G35	G237	1
G111	G779	1
G46	G681	1
G193	G681	1
G148	G691	1
G202	G691	1
G77	G691	1
G164	G691	1
G183	G691	1
G93	G691	1
G173	G691	1
G193	G691	1
G255	G691	1
G272	G620	1
G272	G1089	1
G77	G148	1
G148	G77	1
G77	G190	1
G190	G77	1
G77	G255	1
G255	G77	1
G77	G164	1
G164	G77	1
G77	G1238	1
G77	G173	1
G173	G77	1
G133	G631	1
G128	G631	1
G260	G788	1
G211	G788	1
G183	G788	1
G46	G788	1
G284	G888	1
G284	G110	1
G110	G284	1
G284	G25	1
G25	G284	1
G284	G128	1
G128	G284	1
G284	G1143	1
G284	G463	1
G284	G211	1
G211	G284	1
G284	G1037	1
G284	G466	1
G284	G66	1
G66	G284	1
G284	G303	1
G303	G284	1
G284	G1094	1
G284	G133	1
G133	G284	1
G284	G1214	1
G284	G1167	1
G284	G47	1
G47	G284	1
G284	G79	1
G79	G284	1
G284	G199	1
G199	G284	1
G284	G1173	1
G133	G946	1
G183	G946	1
G165	G218	1
G218	G165	1
G165	G19	1
G19	G165	1
G165	G183	1
G183	G165	1
G165	G89	1
G89	G165	1
G165	G286	1
G286	G165	1
G165	G153	1
G153	G165	1
G165	G35	1
G35	G165	1
G165	G33	1
G33	G165	1
G165	G414	1
G165	G127	1
G127	G165	1
G165	G215	1
G215	G165	1
G165	G13	1
G13	G165	1
G165	G68	1
G68	G165	1
G165	G74	1
G74	G165	1
G165	G1315	1
G165	G754	1
G218	G128	1
G128	G218	1
G218	G19	1
G19	G218	1
G218	G183	1
G183	G218	1
G218	G286	1
G286	G218	1
G218	G321	1
G218	G414	1
G218	G127	1
G127	G218	1
G218	G215	1
G215	G218	1
G218	G1315	1
G218	G754	1
G212	G746	1
G122	G746	1
G227	G746	1
G46	G746	1
G116	G64	1
G64	G116	1
G133	G1207	1
G133	G701	1
G128	G761	1
G260	G761	1
G211	G761	1
G176	G761	1
G183	G761	1
G212	G761	1
G35	G761	1
G133	G761	1
G122	G761	1
G227	G761	1
G281	G761	1
G193	G761	1
G131	G761	1
G104	G761	1
G46	G761	1
G68	G761	1
G260	G802	1
G260	G1292	1
G260	G724	1
G260	G573	1
G260	G995	1
G131	G1292	1
G131	G183	1
G183	G131	1
G131	G414	1
G131	G127	1
G127	G131	1
G131	G1315	1
G131	G754	1
G242	G111	1
G111	G242	1
G242	G33	1
G33	G242	1
G295	G660	1
G94	G183	1
G183	G94	1
G110	G466	1
G133	G466	1
G25	G466	1
G128	G466	1
G211	G466	1
G47	G466	1
G79	G466	1
G66	G466	1
G303	G466	1
G199	G466	1
G164	G148	1
G148	G164	1
G164	G190	1
G190	G164	1
G164	G173	1
G173	G164	1
G164	G255	1
G255	G164	1
G164	G1238	1
G162	G130	1
G130	G162	1
G162	G307	1
G307	G162	1
G162	G300	1
G300	G162	1
G143	G1089	1
G269	G128	1
G128	G269	1
G269	G1143	1
G269	G1173	1
G133	G629	1
G35	G128	1
G128	G35	1
G35	G111	1
G111	G35	1
G35	G183	1
G183	G35	1
G35	G153	1
G153	G35	1
G35	G33	1
G33	G35	1
G35	G157	1
G157	G35	1
G35	G414	1
G35	G1315	1
G35	G754	1
G157	G265	1
G265	G157	1
G157	G286	1
G286	G157	1
G246	G183	1
G183	G246	1
G202	G463	1
G133	G1149	1
G183	G802	1
G183	G1292	1
G183	G60	1
G60	G183	1
G183	G208	1
G208	G183	1
G183	G724	1
G183	G544	1
G183	G153	1
G153	G183	1
G183	G173	1
G173	G183	1
G183	G439	1
G183	G573	1
G183	G658	1
G183	G104	1
G104	G183	1
G183	G13	1
G13	G183	1
G183	G68	1
G68	G183	1
G183	G1070	1
G183	G995	1
G130	G307	1
G307	G130	1
G130	G300	1
G300	G130	1
G13	G995	1
G13	G153	1
G153	G13	1
G308	G888	1
G308	G211	1
G211	G308	1
G308	G1167	1
G308	G479	1
G128	G110	1
G110	G128	1
G128	G25	1
G25	G128	1
G128	G1143	1
G128	G1292	1
G128	G211	1
G211	G128	1
G128	G176	1
G176	G128	1
G128	G1037	1
G128	G208	1
G208	G128	1
G128	G66	1
G66	G128	1
G128	G303	1
G303	G128	1
G128	G1094	1
G128	G93	1
G93	G128	1
G128	G21	1
G21	G128	1
G128	G133	1
G133	G128	1
G128	G1167	1
G128	G414	1
G128	G193	1
G193	G128	1
G128	G898	1
G128	G47	1
G47	G128	1
G128	G152	1
G152	G128	1
G128	G814	1
G128	G79	1
G79	G128	1
G128	G46	1
G46	G128	1
G128	G1278	1
G128	G1315	1
G128	G754	1
G128	G199	1
G199	G128	1
G128	G1173	1
G111	G33	1
G33	G111	1
G111	G151	1
G151	G111	1
G93	G414	1
G33	G414	1
G215	G414	1
G74	G414	1
G25	G110	1
G110	G25	1
G25	G1143	1
G25	G211	1
G211	G25	1
G25	G1037	1
G25	G66	1
G66	G25	1
G25	G303	1
G303	G25	1
G25	G1094	1
G25	G133	1
G133	G25	1
G25	G1167	1
G25	G47	1
G47	G25	1
G25	G79	1
G79	G25	1
G25	G656	1
G25	G1173	1
G66	G110	1
G110	G66	1
G66	G1143	1
G66	G211	1
G211	G66	1
G66	G1037	1
G66	G303	1
G303	G66	1
G66	G1094	1
G66	G133	1
G133	G66	1
G66	G1167	1
G66	G47	1
G47	G66	1
G66	G79	1
G79	G66	1
G66	G656	1
G66	G199	1
G199	G66	1
G66	G1173	1
G133	G1192	1
G193	G1292	1
G193	G1097	1
G193	G46	1
G46	G193	1
G286	G104	1
G104	G286	1
G286	G68	1
G68	G286	1
G110	G1143	1
G211	G1143	1
G303	G1143	1
G133	G1143	1
G47	G1143	1
G79	G1143	1
G199	G1143	1
G74	G55	1
G55	G74	1
G74	G1315	1
G74	G754	1
G33	G1315	1
G33	G754	1
G33	G151	1
G151	G33	1
G255	G148	1
G148	G255	1
G255	G190	1
G190	G255	1
G255	G173	1
G173	G255	1
G255	G1238	1
G255	G1315	1
G255	G754	1
G281	G321	1
G143	G620	1
G93	G463	1
G93	G215	1
G215	G93	1
G93	G1315	1
G93	G754	1
G133	G627	1
G110	G1167	1
G211	G1167	1
G303	G1167	1
G133	G1167	1
G47	G1167	1
G79	G1167	1
G113	G1167	1
G199	G1167	1
G133	G765	1
G148	G190	1
G190	G148	1
G148	G1238	1
G148	G173	1
G173	G148	1
G303	G110	1
G110	G303	1
G303	G133	1
G133	G303	1
G303	G211	1
G211	G303	1
G303	G1094	1
G303	G47	1
G47	G303	1
G303	G1037	1
G303	G199	1
G199	G303	1
G303	G1173	1
G303	G79	1
G79	G303	1
G153	G334	1
G227	G1292	1
G227	G212	1
G212	G227	1
G227	G322	1
G227	G122	1
G122	G227	1
G227	G55	1
G55	G227	1
G227	G46	1
G46	G227	1
G104	G1292	1
G104	G68	1
G68	G104	1
G152	G1137	1
G152	G176	1
G176	G152	1
G152	G208	1
G208	G152	1
G152	G21	1
G21	G152	1
G294	G55	1
G55	G294	1
G208	G21	1
G21	G208	1
G208	G1137	1
G212	G658	1
G122	G658	1
G159	G305	1
G305	G159	1
G211	G1292	1
G176	G1292	1
G212	G1292	1
G122	G1292	1
G281	G1292	1
G46	G1292	1
G68	G1292	1
G47	G888	1
G47	G110	1
G110	G47	1
G47	G133	1
G133	G47	1
G47	G211	1
G211	G47	1
G47	G1037	1
G47	G79	1
G79	G47	1
G47	G113	1
G113	G47	1
G47	G1094	1
G47	G656	1
G47	G199	1
G199	G47	1
G47	G1173	1
G209	G287	1
G287	G209	1
G55	G149	1
G149	G55	1
G55	G287	1
G287	G55	1
G149	G287	1
G287	G149	1
G110	G211	1
G211	G110	1
G110	G1037	1
G110	G1094	1
G110	G133	1
G133	G110	1
G110	G79	1
G79	G110	1
G110	G656	1
G110	G199	1
G199	G110	1
G110	G1173	1
G300	G307	1
G307	G300	1
G190	G173	1
G173	G190	1
G190	G1315	1
G190	G754	1
G153	G1310	1
G153	G68	1
G68	G153	1
G199	G133	1
G133	G199	1
G199	G211	1
G211	G199	1
G199	G79	1
G79	G199	1
G199	G1094	1
G199	G1173	1
G173	G1238	1
G212	G322	1
G212	G122	1
G122	G212	1
G212	G46	1
G46	G212	1
G133	G758	1
G211	G573	1
G46	G573	1
G78	G1315	1
G78	G754	1
G215	G1315	1
G215	G754	1
G46	G1097	1
G211	G1037	1
G133	G1037	1
G79	G1037	1
G113	G1037	1
G79	G133	1
G133	G79	1
G79	G211	1
G211	G79	1
G79	G1094	1
G79	G656	1
G79	G1173	1
G211	G724	1
G46	G724	1
G133	G1094	1
G211	G1094	1
G113	G888	1
G113	G1214	1
G113	G1173	1
G21	G176	1
G176	G21	1
G133	G1165	1
G133	G980	1
G133	G211	1
G211	G133	1
G133	G571	1
G133	G433	1
G133	G1217	1
G133	G656	1
G133	G1173	1
G127	G68	1
G68	G127	1
G176	G46	1
G46	G176	1
G211	G1173	1
G122	G322	1
G46	G322	1
G68	G322	1
G68	G89	1
G89	G68	1
G211	G802	1
G211	G995	1
G46	G995	1
G46	G802	1
G122	G46	1
G46	G122	1
