G134	G183	1
G183	G134	1
G134	G298	1
G298	G134	1
G134	G140	1
G140	G134	1
G65	G562	1
G562	G65	1
G212	G787	1
G212	G605	1
G605	G212	1
G212	G290	1
G290	G212	1
G212	G1098	1
G212	G917	1
G212	G508	1
G508	G212	1
G212	G538	1
G538	G212	1
G212	G406	1
G406	G212	1
G212	G452	1
G452	G212	1
G212	G167	1
G167	G212	1
G212	G340	1
G340	G212	1
G212	G42	1
G42	G212	1
G212	G863	1
G212	G842	1
G212	G990	1
G212	G939	1
G212	G206	1
G206	G212	1
G212	G442	1
G442	G212	1
G212	G224	1
G224	G212	1
G212	G491	1
G491	G212	1
G212	G535	1
G535	G212	1
G223	G236	1
G236	G223	1
G223	G495	1
G495	G223	1
G223	G517	1
G517	G223	1
G223	G354	1
G354	G223	1
G223	G45	1
G45	G223	1
G223	G1052	1
G223	G251	1
G251	G223	1
G223	G197	1
G197	G223	1
G223	G28	1
G28	G223	1
G223	G506	1
G506	G223	1
G223	G118	1
G118	G223	1
G223	G293	1
G293	G223	1
G223	G584	1
G584	G223	1
G223	G586	1
G586	G223	1
G223	G68	1
G68	G223	1
G223	G186	1
G186	G223	1
G223	G366	1
G366	G223	1
G223	G229	1
G229	G223	1
G223	G563	1
G563	G223	1
G223	G158	1
G158	G223	1
G223	G486	1
G486	G223	1
G223	G200	1
G200	G223	1
G223	G549	1
G549	G223	1
G223	G370	1
G370	G223	1
G223	G601	1
G601	G223	1
G223	G249	1
G249	G223	1
G223	G474	1
G474	G223	1
G223	G262	1
G262	G223	1
G223	G1093	1
G223	G551	1
G551	G223	1
G223	G479	1
G479	G223	1
G223	G62	1
G62	G223	1
G223	G53	1
G53	G223	1
G223	G512	1
G512	G223	1
G223	G10	1
G10	G223	1
G223	G164	1
G164	G223	1
G223	G280	1
G280	G223	1
G223	G203	1
G203	G223	1
G223	G540	1
G540	G223	1
G223	G488	1
G488	G223	1
G223	G205	1
G205	G223	1
G223	G436	1
G436	G223	1
G223	G589	1
G589	G223	1
G223	G155	1
G155	G223	1
G223	G175	1
G175	G223	1
G223	G550	1
G550	G223	1
G223	G408	1
G408	G223	1
G223	G107	1
G107	G223	1
G223	G13	1
G13	G223	1
G195	G61	1
G61	G195	1
G195	G270	1
G270	G195	1
G195	G538	1
G538	G195	1
G195	G251	1
G251	G195	1
G195	G280	1
G280	G195	1
G195	G203	1
G203	G195	1
G195	G199	1
G199	G195	1
G195	G606	1
G606	G195	1
G195	G330	1
G330	G195	1
G195	G262	1
G262	G195	1
G195	G107	1
G107	G195	1
G195	G551	1
G551	G195	1
G195	G89	1
G89	G195	1
G397	G336	1
G336	G397	1
G397	G517	1
G517	G397	1
G397	G578	1
G578	G397	1
G397	G43	1
G43	G397	1
G397	G411	1
G411	G397	1
G397	G563	1
G563	G397	1
G397	G412	1
G412	G397	1
G397	G486	1
G486	G397	1
G397	G49	1
G49	G397	1
G397	G406	1
G406	G397	1
G397	G53	1
G53	G397	1
G397	G80	1
G80	G397	1
G397	G920	1
G397	G249	1
G249	G397	1
G397	G557	1
G557	G397	1
G397	G99	1
G99	G397	1
G397	G422	1
G422	G397	1
G361	G434	1
G434	G361	1
G361	G43	1
G43	G361	1
G361	G220	1
G220	G361	1
G361	G604	1
G604	G361	1
G361	G816	1
G361	G770	1
G361	G706	1
G361	G304	1
G304	G361	1
G361	G693	1
G361	G997	1
G361	G237	1
G237	G361	1
G535	G917	1
G491	G917	1
G442	G917	1
G206	G917	1
G164	G917	1
G508	G917	1
G42	G917	1
G552	G917	1
G485	G917	1
G340	G917	1
G139	G917	1
G557	G917	1
G167	G917	1
G452	G917	1
G355	G45	1
G45	G355	1
G355	G197	1
G197	G355	1
G355	G325	1
G325	G355	1
G355	G366	1
G366	G355	1
G355	G264	1
G264	G355	1
G355	G617	1
G617	G355	1
G355	G158	1
G158	G355	1
G355	G486	1
G486	G355	1
G355	G606	1
G606	G355	1
G355	G192	1
G192	G355	1
G355	G262	1
G262	G355	1
G355	G472	1
G472	G355	1
G355	G551	1
G551	G355	1
G355	G183	1
G183	G355	1
G355	G538	1
G538	G355	1
G355	G151	1
G151	G355	1
G355	G10	1
G10	G355	1
G355	G202	1
G202	G355	1
G355	G522	1
G522	G355	1
G355	G421	1
G421	G355	1
G355	G330	1
G330	G355	1
G355	G5	1
G5	G355	1
G355	G107	1
G107	G355	1
G355	G47	1
G47	G355	1
G355	G277	1
G277	G355	1
G413	G51	1
G51	G413	1
G413	G366	1
G366	G413	1
G413	G229	1
G229	G413	1
G413	G222	1
G222	G413	1
G413	G322	1
G322	G413	1
G413	G576	1
G576	G413	1
G413	G497	1
G497	G413	1
G413	G233	1
G233	G413	1
G413	G445	1
G445	G413	1
G413	G531	1
G531	G413	1
G413	G177	1
G177	G413	1
G413	G0	1
G0	G413	1
G84	G254	1
G254	G84	1
G380	G613	1
G613	G380	1
G380	G554	1
G554	G380	1
G380	G410	1
G410	G380	1
G380	G45	1
G45	G380	1
G380	G538	1
G538	G380	1
G380	G251	1
G251	G380	1
G380	G74	1
G74	G380	1
G380	G280	1
G280	G380	1
G380	G122	1
G122	G380	1
G380	G203	1
G203	G380	1
G380	G584	1
G584	G380	1
G380	G128	1
G128	G380	1
G380	G279	1
G279	G380	1
G380	G586	1
G586	G380	1
G380	G341	1
G341	G380	1
G380	G520	1
G520	G380	1
G380	G366	1
G366	G380	1
G380	G617	1
G617	G380	1
G380	G547	1
G547	G380	1
G380	G238	1
G238	G380	1
G380	G297	1
G297	G380	1
G380	G59	1
G59	G380	1
G380	G428	1
G428	G380	1
G380	G374	1
G374	G380	1
G380	G54	1
G54	G380	1
G380	G438	1
G438	G380	1
G380	G330	1
G330	G380	1
G380	G5	1
G5	G380	1
G380	G262	1
G262	G380	1
G380	G107	1
G107	G380	1
G380	G551	1
G551	G380	1
G380	G277	1
G277	G380	1
G380	G377	1
G377	G380	1
G192	G45	1
G45	G192	1
G192	G538	1
G538	G192	1
G192	G264	1
G264	G192	1
G192	G617	1
G617	G192	1
G192	G606	1
G606	G192	1
G192	G438	1
G438	G192	1
G192	G330	1
G330	G192	1
G192	G5	1
G5	G192	1
G192	G262	1
G262	G192	1
G192	G472	1
G472	G192	1
G192	G107	1
G107	G192	1
G192	G551	1
G551	G192	1
G192	G47	1
G47	G192	1
G192	G277	1
G277	G192	1
G548	G98	1
G98	G548	1
G588	G236	1
G236	G588	1
G588	G442	1
G442	G588	1
G588	G1092	1
G588	G225	1
G225	G588	1
G588	G1086	1
G588	G325	1
G325	G588	1
G588	G863	1
G588	G154	1
G154	G588	1
G588	G394	1
G394	G588	1
G588	G506	1
G506	G588	1
G588	G552	1
G552	G588	1
G588	G896	1
G588	G682	1
G588	G239	1
G239	G588	1
G588	G293	1
G293	G588	1
G588	G29	1
G29	G588	1
G588	G268	1
G268	G588	1
G588	G847	1
G588	G157	1
G157	G588	1
G588	G869	1
G588	G1119	1
G588	G486	1
G486	G588	1
G588	G1000	1
G588	G396	1
G396	G588	1
G588	G529	1
G529	G588	1
G588	G1005	1
G588	G454	1
G454	G588	1
G588	G189	1
G189	G588	1
G588	G727	1
G588	G209	1
G209	G588	1
G588	G86	1
G86	G588	1
G588	G611	1
G611	G588	1
G588	G407	1
G407	G588	1
G588	G1055	1
G588	G534	1
G534	G588	1
G588	G789	1
G588	G576	1
G576	G588	1
G588	G183	1
G183	G588	1
G588	G55	1
G55	G588	1
G588	G383	1
G383	G588	1
G588	G544	1
G544	G588	1
G588	G437	1
G437	G588	1
G588	G406	1
G406	G588	1
G588	G817	1
G588	G608	1
G608	G588	1
G588	G458	1
G458	G588	1
G588	G864	1
G588	G151	1
G151	G588	1
G588	G833	1
G588	G738	1
G588	G18	1
G18	G588	1
G588	G485	1
G485	G588	1
G588	G228	1
G228	G588	1
G588	G500	1
G500	G588	1
G588	G436	1
G436	G588	1
G588	G570	1
G570	G588	1
G588	G161	1
G161	G588	1
G588	G57	1
G57	G588	1
G588	G945	1
G588	G269	1
G269	G588	1
G588	G85	1
G85	G588	1
G588	G202	1
G202	G588	1
G588	G590	1
G590	G588	1
G588	G27	1
G27	G588	1
G588	G899	1
G588	G421	1
G421	G588	1
G588	G54	1
G54	G588	1
G588	G934	1
G588	G0	1
G0	G588	1
G588	G537	1
G537	G588	1
G588	G291	1
G291	G588	1
G588	G593	1
G593	G588	1
G588	G335	1
G335	G588	1
G588	G733	1
G588	G13	1
G13	G588	1
G588	G1	1
G1	G588	1
G63	G457	1
G457	G63	1
G190	G43	1
G43	G190	1
G190	G320	1
G320	G190	1
G190	G329	1
G329	G190	1
G57	G325	1
G325	G57	1
G57	G394	1
G394	G57	1
G57	G621	1
G57	G366	1
G366	G57	1
G57	G858	1
G57	G486	1
G486	G57	1
G57	G1000	1
G57	G1005	1
G57	G559	1
G559	G57	1
G57	G680	1
G57	G949	1
G57	G576	1
G576	G57	1
G57	G632	1
G57	G864	1
G57	G151	1
G151	G57	1
G57	G26	1
G26	G57	1
G57	G852	1
G57	G44	1
G44	G57	1
G57	G738	1
G57	G540	1
G540	G57	1
G57	G1100	1
G57	G1049	1
G57	G822	1
G57	G421	1
G421	G57	1
G615	G1113	1
G556	G1113	1
G180	G1113	1
G526	G170	1
G170	G526	1
G526	G566	1
G566	G526	1
G526	G366	1
G366	G526	1
G526	G603	1
G603	G526	1
G526	G576	1
G576	G526	1
G526	G183	1
G183	G526	1
G115	G172	1
G172	G115	1
G522	G944	1
G482	G1016	1
G48	G1016	1
G41	G307	1
G307	G41	1
G41	G697	1
G41	G312	1
G312	G41	1
G534	G236	1
G236	G534	1
G534	G707	1
G534	G214	1
G214	G534	1
G534	G506	1
G506	G534	1
G534	G451	1
G451	G534	1
G534	G366	1
G366	G534	1
G534	G1119	1
G534	G486	1
G486	G534	1
G534	G428	1
G428	G534	1
G534	G86	1
G86	G534	1
G534	G377	1
G377	G534	1
G534	G406	1
G406	G534	1
G534	G599	1
G599	G534	1
G534	G10	1
G10	G534	1
G534	G840	1
G534	G135	1
G135	G534	1
G534	G593	1
G593	G534	1
G442	G368	1
G368	G442	1
G442	G517	1
G517	G442	1
G442	G225	1
G225	G442	1
G442	G354	1
G354	G442	1
G442	G575	1
G575	G442	1
G442	G1052	1
G442	G552	1
G552	G442	1
G442	G478	1
G478	G442	1
G442	G340	1
G340	G442	1
G442	G126	1
G126	G442	1
G442	G486	1
G486	G442	1
G442	G460	1
G460	G442	1
G442	G209	1
G209	G442	1
G442	G1093	1
G442	G523	1
G523	G442	1
G442	G507	1
G507	G442	1
G442	G274	1
G274	G442	1
G442	G458	1
G458	G442	1
G442	G16	1
G16	G442	1
G442	G10	1
G10	G442	1
G442	G1063	1
G442	G164	1
G164	G442	1
G442	G894	1
G442	G508	1
G508	G442	1
G442	G290	1
G290	G442	1
G442	G161	1
G161	G442	1
G442	G589	1
G589	G442	1
G442	G688	1
G442	G329	1
G329	G442	1
G442	G746	1
G442	G70	1
G70	G442	1
G442	G139	1
G139	G442	1
G442	G54	1
G54	G442	1
G442	G557	1
G557	G442	1
G442	G309	1
G309	G442	1
G442	G1034	1
G442	G13	1
G13	G442	1
G303	G10	1
G10	G303	1
G473	G517	1
G517	G473	1
G473	G354	1
G354	G473	1
G473	G575	1
G575	G473	1
G473	G1052	1
G473	G138	1
G138	G473	1
G473	G229	1
G229	G473	1
G473	G563	1
G563	G473	1
G473	G60	1
G60	G473	1
G473	G160	1
G160	G473	1
G473	G510	1
G510	G473	1
G473	G523	1
G523	G473	1
G473	G364	1
G364	G473	1
G473	G16	1
G16	G473	1
G473	G10	1
G10	G473	1
G473	G164	1
G164	G473	1
G473	G263	1
G263	G473	1
G473	G411	1
G411	G473	1
G473	G569	1
G569	G473	1
G473	G109	1
G109	G473	1
G473	G531	1
G531	G473	1
G473	G587	1
G587	G473	1
G473	G1	1
G1	G473	1
G262	G61	1
G61	G262	1
G262	G434	1
G434	G262	1
G262	G613	1
G613	G262	1
G262	G15	1
G15	G262	1
G262	G273	1
G273	G262	1
G262	G270	1
G270	G262	1
G262	G3	1
G3	G262	1
G262	G512	1
G512	G262	1
G262	G410	1
G410	G262	1
G262	G575	1
G575	G262	1
G262	G45	1
G45	G262	1
G262	G16	1
G16	G262	1
G262	G43	1
G43	G262	1
G262	G538	1
G538	G262	1
G262	G1052	1
G262	G251	1
G251	G262	1
G262	G105	1
G105	G262	1
G262	G164	1
G164	G262	1
G262	G20	1
G20	G262	1
G262	G74	1
G74	G262	1
G262	G232	1
G232	G262	1
G262	G280	1
G280	G262	1
G262	G28	1
G28	G262	1
G262	G118	1
G118	G262	1
G262	G122	1
G122	G262	1
G262	G457	1
G457	G262	1
G262	G203	1
G203	G262	1
G262	G552	1
G552	G262	1
G262	G321	1
G321	G262	1
G262	G237	1
G237	G262	1
G262	G96	1
G96	G262	1
G262	G555	1
G555	G262	1
G262	G584	1
G584	G262	1
G262	G128	1
G128	G262	1
G262	G279	1
G279	G262	1
G262	G199	1
G199	G262	1
G262	G586	1
G586	G262	1
G262	G68	1
G68	G262	1
G262	G569	1
G569	G262	1
G262	G367	1
G367	G262	1
G262	G228	1
G228	G262	1
G262	G341	1
G341	G262	1
G262	G520	1
G520	G262	1
G262	G205	1
G205	G262	1
G262	G366	1
G366	G262	1
G262	G144	1
G144	G262	1
G262	G244	1
G244	G262	1
G262	G264	1
G264	G262	1
G262	G617	1
G617	G262	1
G262	G589	1
G589	G262	1
G262	G547	1
G547	G262	1
G262	G238	1
G238	G262	1
G262	G469	1
G469	G262	1
G262	G297	1
G297	G262	1
G262	G158	1
G158	G262	1
G262	G126	1
G126	G262	1
G262	G252	1
G252	G262	1
G262	G746	1
G262	G124	1
G124	G262	1
G262	G70	1
G70	G262	1
G262	G606	1
G606	G262	1
G262	G59	1
G59	G262	1
G262	G160	1
G160	G262	1
G262	G370	1
G370	G262	1
G262	G296	1
G296	G262	1
G262	G438	1
G438	G262	1
G262	G983	1
G262	G330	1
G330	G262	1
G262	G5	1
G5	G262	1
G262	G472	1
G472	G262	1
G262	G107	1
G107	G262	1
G262	G414	1
G414	G262	1
G262	G551	1
G551	G262	1
G262	G183	1
G183	G262	1
G262	G47	1
G47	G262	1
G262	G1034	1
G262	G277	1
G277	G262	1
G262	G579	1
G579	G262	1
G262	G89	1
G89	G262	1
G262	G1	1
G1	G262	1
G139	G660	1
G291	G735	1
G291	G486	1
G486	G291	1
G291	G183	1
G183	G291	1
G291	G437	1
G437	G291	1
G291	G233	1
G233	G291	1
G291	G864	1
G291	G468	1
G468	G291	1
G291	G18	1
G18	G291	1
G291	G467	1
G467	G291	1
G291	G38	1
G38	G291	1
G291	G0	1
G0	G291	1
G291	G593	1
G593	G291	1
G291	G446	1
G446	G291	1
G19	G96	1
G96	G19	1
G19	G244	1
G244	G19	1
G590	G174	1
G174	G590	1
G590	G43	1
G43	G590	1
G590	G321	1
G321	G590	1
G590	G896	1
G590	G486	1
G486	G590	1
G590	G1055	1
G590	G0	1
G0	G590	1
G116	G1086	1
G615	G949	1
G556	G949	1
G343	G949	1
G55	G949	1
G383	G949	1
G433	G949	1
G6	G949	1
G436	G949	1
G82	G949	1
G522	G949	1
G180	G949	1
G535	G990	1
G491	G990	1
G43	G990	1
G42	G990	1
G564	G990	1
G340	G990	1
G402	G990	1
G504	G990	1
G568	G990	1
G167	G990	1
G452	G990	1
G545	G990	1
G508	G990	1
G145	G990	1
G485	G990	1
G520	G990	1
G250	G990	1
G161	G990	1
G605	G990	1
G409	G407	1
G407	G409	1
G409	G243	1
G243	G409	1
G409	G733	1
G66	G43	1
G43	G66	1
G66	G240	1
G240	G66	1
G66	G454	1
G454	G66	1
G66	G249	1
G249	G66	1
G66	G246	1
G246	G66	1
G66	G870	1
G66	G185	1
G185	G66	1
G66	G161	1
G161	G66	1
G66	G99	1
G99	G66	1
G486	G1119	1
G615	G1119	1
G454	G1119	1
G86	G1119	1
G180	G1119	1
G460	G506	1
G506	G460	1
G460	G1005	1
G460	G454	1
G454	G460	1
G460	G128	1
G128	G460	1
G460	G252	1
G252	G460	1
G460	G70	1
G70	G460	1
G247	G945	1
G82	G970	1
G73	G225	1
G225	G73	1
G73	G141	1
G141	G73	1
G73	G540	1
G540	G73	1
G73	G184	1
G184	G73	1
G73	G408	1
G408	G73	1
G73	G267	1
G267	G73	1
G535	G1098	1
G491	G1098	1
G496	G1098	1
G206	G1098	1
G519	G1098	1
G42	G1098	1
G340	G1098	1
G486	G1098	1
G415	G1098	1
G121	G1098	1
G167	G1098	1
G452	G1098	1
G348	G1098	1
G233	G1098	1
G136	G1098	1
G32	G1098	1
G148	G1098	1
G260	G1098	1
G508	G1098	1
G44	G1098	1
G485	G1098	1
G527	G1098	1
G489	G1098	1
G194	G1098	1
G486	G775	1
G537	G743	1
G576	G225	1
G225	G576	1
G576	G1052	1
G576	G325	1
G325	G576	1
G576	G394	1
G394	G576	1
G576	G506	1
G506	G576	1
G576	G366	1
G366	G576	1
G576	G157	1
G157	G576	1
G576	G347	1
G347	G576	1
G576	G461	1
G461	G576	1
G576	G486	1
G486	G576	1
G576	G615	1
G615	G576	1
G576	G396	1
G396	G576	1
G576	G370	1
G370	G576	1
G576	G498	1
G498	G576	1
G576	G559	1
G559	G576	1
G576	G454	1
G454	G576	1
G576	G556	1
G556	G576	1
G576	G369	1
G369	G576	1
G576	G249	1
G249	G576	1
G576	G474	1
G474	G576	1
G576	G322	1
G322	G576	1
G576	G450	1
G450	G576	1
G576	G183	1
G183	G576	1
G576	G254	1
G254	G576	1
G576	G987	1
G576	G267	1
G267	G576	1
G576	G120	1
G120	G576	1
G576	G406	1
G406	G576	1
G576	G233	1
G233	G576	1
G576	G864	1
G576	G10	1
G10	G576	1
G576	G164	1
G164	G576	1
G576	G411	1
G411	G576	1
G576	G487	1
G487	G576	1
G576	G738	1
G576	G540	1
G540	G576	1
G576	G562	1
G562	G576	1
G576	G205	1
G205	G576	1
G576	G500	1
G500	G576	1
G576	G436	1
G436	G576	1
G576	G967	1
G576	G329	1
G329	G576	1
G576	G522	1
G522	G576	1
G576	G24	1
G24	G576	1
G576	G184	1
G184	G576	1
G576	G177	1
G177	G576	1
G576	G0	1
G0	G576	1
G468	G481	1
G481	G468	1
G468	G522	1
G522	G468	1
G468	G0	1
G0	G468	1
G468	G593	1
G593	G468	1
G468	G446	1
G446	G468	1
G104	G574	1
G574	G104	1
G104	G232	1
G232	G104	1
G104	G569	1
G569	G104	1
G104	G366	1
G366	G104	1
G104	G144	1
G144	G104	1
G104	G158	1
G158	G104	1
G104	G59	1
G59	G104	1
G104	G580	1
G580	G104	1
G104	G1	1
G1	G104	1
G329	G225	1
G225	G329	1
G329	G795	1
G329	G289	1
G289	G329	1
G329	G394	1
G394	G329	1
G329	G506	1
G506	G329	1
G329	G552	1
G552	G329	1
G329	G125	1
G125	G329	1
G329	G307	1
G307	G329	1
G329	G1089	1
G329	G486	1
G486	G329	1
G329	G615	1
G615	G329	1
G329	G271	1
G271	G329	1
G329	G396	1
G396	G329	1
G329	G454	1
G454	G329	1
G329	G507	1
G507	G329	1
G329	G113	1
G113	G329	1
G329	G936	1
G329	G595	1
G595	G329	1
G329	G33	1
G33	G329	1
G329	G647	1
G329	G386	1
G386	G329	1
G329	G69	1
G69	G329	1
G329	G458	1
G458	G329	1
G329	G512	1
G512	G329	1
G329	G1063	1
G329	G320	1
G320	G329	1
G329	G894	1
G329	G583	1
G583	G329	1
G329	G487	1
G487	G329	1
G329	G169	1
G169	G329	1
G329	G123	1
G123	G329	1
G329	G570	1
G570	G329	1
G329	G281	1
G281	G329	1
G329	G97	1
G97	G329	1
G329	G252	1
G252	G329	1
G329	G505	1
G505	G329	1
G329	G822	1
G329	G177	1
G177	G329	1
G329	G875	1
G329	G381	1
G381	G329	1
G329	G593	1
G593	G329	1
G329	G447	1
G447	G329	1
G139	G517	1
G517	G139	1
G139	G575	1
G575	G139	1
G139	G1052	1
G139	G394	1
G394	G139	1
G139	G506	1
G506	G139	1
G139	G616	1
G616	G139	1
G139	G1097	1
G139	G258	1
G258	G139	1
G139	G586	1
G586	G139	1
G139	G138	1
G138	G139	1
G139	G360	1
G360	G139	1
G139	G958	1
G139	G229	1
G229	G139	1
G139	G486	1
G486	G139	1
G139	G923	1
G139	G454	1
G454	G139	1
G139	G507	1
G507	G139	1
G139	G619	1
G619	G139	1
G139	G16	1
G16	G139	1
G139	G10	1
G10	G139	1
G139	G164	1
G164	G139	1
G139	G558	1
G558	G139	1
G139	G128	1
G128	G139	1
G139	G281	1
G281	G139	1
G139	G71	1
G71	G139	1
G139	G70	1
G70	G139	1
G139	G557	1
G557	G139	1
G139	G299	1
G299	G139	1
G139	G13	1
G13	G139	1
G359	G369	1
G369	G359	1
G311	G43	1
G43	G311	1
G311	G1114	1
G311	G752	1
G180	G932	1
G180	G864	1
G180	G707	1
G180	G738	1
G180	G657	1
G180	G1100	1
G180	G1023	1
G180	G652	1
G180	G641	1
G180	G615	1
G615	G180	1
G180	G857	1
G180	G886	1
G180	G556	1
G556	G180	1
G180	G915	1
G180	G706	1
G180	G789	1
G180	G497	1
G497	G180	1
G180	G1002	1
G106	G368	1
G368	G106	1
G106	G575	1
G575	G106	1
G106	G519	1
G519	G106	1
G106	G325	1
G325	G106	1
G106	G238	1
G238	G106	1
G106	G486	1
G486	G106	1
G106	G406	1
G406	G106	1
G106	G151	1
G151	G106	1
G106	G10	1
G10	G106	1
G106	G290	1
G290	G106	1
G106	G945	1
G106	G421	1
G421	G106	1
G106	G346	1
G346	G106	1
G293	G495	1
G495	G293	1
G293	G43	1
G43	G293	1
G293	G200	1
G200	G293	1
G293	G601	1
G601	G293	1
G293	G142	1
G142	G293	1
G293	G1042	1
G293	G151	1
G151	G293	1
G293	G436	1
G436	G293	1
G293	G155	1
G155	G293	1
G293	G550	1
G550	G293	1
G481	G51	1
G51	G481	1
G481	G497	1
G497	G481	1
G481	G386	1
G386	G481	1
G481	G536	1
G536	G481	1
G481	G445	1
G445	G481	1
G481	G531	1
G531	G481	1
G481	G178	1
G178	G481	1
G481	G446	1
G446	G481	1
G188	G816	1
G43	G1080	1
G527	G1080	1
G485	G1052	1
G485	G939	1
G485	G863	1
G485	G506	1
G506	G485	1
G485	G552	1
G552	G485	1
G485	G1097	1
G485	G360	1
G360	G485	1
G485	G341	1
G341	G485	1
G485	G564	1
G564	G485	1
G485	G486	1
G486	G485	1
G485	G402	1
G402	G485	1
G485	G428	1
G428	G485	1
G485	G568	1
G568	G485	1
G485	G183	1
G183	G485	1
G485	G167	1
G167	G485	1
G485	G261	1
G261	G485	1
G485	G406	1
G406	G485	1
G485	G164	1
G164	G485	1
G485	G145	1
G145	G485	1
G485	G250	1
G250	G485	1
G485	G161	1
G161	G485	1
G485	G230	1
G230	G485	1
G485	G93	1
G93	G485	1
G485	G605	1
G605	G485	1
G485	G70	1
G70	G485	1
G485	G787	1
G485	G208	1
G208	G485	1
G485	G54	1
G54	G485	1
G350	G491	1
G491	G350	1
G350	G939	1
G350	G42	1
G42	G350	1
G350	G412	1
G412	G350	1
G350	G80	1
G80	G350	1
G350	G249	1
G249	G350	1
G350	G452	1
G452	G350	1
G350	G99	1
G99	G350	1
G70	G274	1
G274	G70	1
G70	G517	1
G517	G70	1
G70	G458	1
G458	G70	1
G70	G575	1
G575	G70	1
G70	G16	1
G16	G70	1
G70	G538	1
G538	G70	1
G70	G1052	1
G70	G10	1
G10	G70	1
G70	G164	1
G164	G70	1
G70	G280	1
G280	G70	1
G70	G552	1
G552	G70	1
G70	G96	1
G96	G70	1
G70	G478	1
G478	G70	1
G70	G360	1
G360	G70	1
G70	G569	1
G569	G70	1
G70	G341	1
G341	G70	1
G70	G333	1
G333	G70	1
G70	G102	1
G102	G70	1
G70	G205	1
G205	G70	1
G70	G366	1
G366	G70	1
G70	G230	1
G230	G70	1
G70	G93	1
G93	G70	1
G70	G244	1
G244	G70	1
G70	G158	1
G158	G70	1
G70	G126	1
G126	G70	1
G70	G252	1
G252	G70	1
G70	G746	1
G70	G135	1
G135	G70	1
G70	G430	1
G430	G70	1
G70	G160	1
G160	G70	1
G70	G208	1
G208	G70	1
G70	G557	1
G557	G70	1
G70	G330	1
G330	G70	1
G70	G107	1
G107	G70	1
G70	G551	1
G551	G70	1
G70	G507	1
G507	G70	1
G70	G261	1
G261	G70	1
G70	G299	1
G299	G70	1
G70	G1034	1
G70	G316	1
G316	G70	1
G70	G277	1
G277	G70	1
G70	G1	1
G1	G70	1
G376	G898	1
G376	G853	1
G376	G158	1
G158	G376	1
G519	G491	1
G491	G519	1
G519	G575	1
G575	G519	1
G519	G863	1
G519	G1097	1
G519	G452	1
G452	G519	1
G519	G406	1
G406	G519	1
G519	G10	1
G10	G519	1
G519	G290	1
G290	G519	1
G519	G346	1
G346	G519	1
G498	G524	1
G524	G498	1
G498	G407	1
G407	G498	1
G498	G406	1
G406	G498	1
G498	G386	1
G386	G498	1
G498	G500	1
G500	G498	1
G498	G570	1
G570	G498	1
G498	G184	1
G184	G498	1
G498	G13	1
G13	G498	1
G234	G154	1
G154	G234	1
G234	G292	1
G292	G234	1
G234	G533	1
G533	G234	1
G489	G43	1
G43	G489	1
G489	G842	1
G489	G863	1
G489	G1097	1
G489	G508	1
G508	G489	1
G97	G225	1
G225	G97	1
G97	G125	1
G125	G97	1
G97	G615	1
G615	G97	1
G97	G396	1
G396	G97	1
G97	G454	1
G454	G97	1
G97	G123	1
G123	G97	1
G97	G593	1
G593	G97	1
G511	G257	1
G257	G511	1
G511	G251	1
G251	G511	1
G511	G203	1
G203	G511	1
G511	G295	1
G295	G511	1
G511	G584	1
G584	G511	1
G511	G68	1
G68	G511	1
G511	G1020	1
G511	G218	1
G218	G511	1
G511	G179	1
G179	G511	1
G511	G4	1
G4	G511	1
G511	G330	1
G330	G511	1
G511	G964	1
G253	G238	1
G238	G253	1
G253	G45	1
G45	G253	1
G253	G370	1
G370	G253	1
G253	G28	1
G28	G253	1
G253	G268	1
G268	G253	1
G253	G360	1
G360	G253	1
G253	G205	1
G205	G253	1
G253	G299	1
G299	G253	1
G253	G476	1
G476	G253	1
G253	G617	1
G617	G253	1
G331	G958	1
G547	G434	1
G434	G547	1
G547	G613	1
G613	G547	1
G547	G15	1
G15	G547	1
G547	G3	1
G3	G547	1
G547	G512	1
G512	G547	1
G547	G427	1
G427	G547	1
G547	G43	1
G43	G547	1
G547	G538	1
G538	G547	1
G547	G1043	1
G547	G74	1
G74	G547	1
G547	G321	1
G321	G547	1
G547	G237	1
G237	G547	1
G547	G555	1
G555	G547	1
G547	G279	1
G279	G547	1
G547	G228	1
G228	G547	1
G547	G520	1
G520	G547	1
G547	G366	1
G366	G547	1
G547	G469	1
G469	G547	1
G547	G297	1
G297	G547	1
G547	G124	1
G124	G547	1
G547	G296	1
G296	G547	1
G547	G983	1
G547	G330	1
G330	G547	1
G547	G107	1
G107	G547	1
G547	G414	1
G414	G547	1
G547	G551	1
G551	G547	1
G547	G47	1
G47	G547	1
G547	G277	1
G277	G547	1
G547	G579	1
G579	G547	1
G522	G735	1
G0	G735	1
G593	G735	1
G277	G61	1
G61	G277	1
G277	G434	1
G434	G277	1
G277	G613	1
G613	G277	1
G277	G15	1
G15	G277	1
G277	G273	1
G273	G277	1
G277	G554	1
G554	G277	1
G277	G3	1
G3	G277	1
G277	G512	1
G512	G277	1
G277	G410	1
G410	G277	1
G277	G575	1
G575	G277	1
G277	G45	1
G45	G277	1
G277	G16	1
G16	G277	1
G277	G43	1
G43	G277	1
G277	G538	1
G538	G277	1
G277	G1052	1
G277	G105	1
G105	G277	1
G277	G164	1
G164	G277	1
G277	G20	1
G20	G277	1
G277	G74	1
G74	G277	1
G277	G232	1
G232	G277	1
G277	G280	1
G280	G277	1
G277	G122	1
G122	G277	1
G277	G457	1
G457	G277	1
G277	G203	1
G203	G277	1
G277	G552	1
G552	G277	1
G277	G321	1
G321	G277	1
G277	G237	1
G237	G277	1
G277	G96	1
G96	G277	1
G277	G555	1
G555	G277	1
G277	G279	1
G279	G277	1
G277	G569	1
G569	G277	1
G277	G367	1
G367	G277	1
G277	G228	1
G228	G277	1
G277	G341	1
G341	G277	1
G277	G520	1
G520	G277	1
G277	G205	1
G205	G277	1
G277	G366	1
G366	G277	1
G277	G244	1
G244	G277	1
G277	G264	1
G264	G277	1
G277	G617	1
G617	G277	1
G277	G238	1
G238	G277	1
G277	G469	1
G469	G277	1
G277	G297	1
G297	G277	1
G277	G158	1
G158	G277	1
G277	G126	1
G126	G277	1
G277	G252	1
G252	G277	1
G277	G746	1
G277	G124	1
G124	G277	1
G277	G606	1
G606	G277	1
G277	G59	1
G59	G277	1
G277	G160	1
G160	G277	1
G277	G296	1
G296	G277	1
G277	G438	1
G438	G277	1
G277	G983	1
G277	G330	1
G330	G277	1
G277	G5	1
G5	G277	1
G277	G472	1
G472	G277	1
G277	G107	1
G107	G277	1
G277	G414	1
G414	G277	1
G277	G551	1
G551	G277	1
G277	G183	1
G183	G277	1
G277	G47	1
G47	G277	1
G277	G1034	1
G277	G579	1
G579	G277	1
G277	G89	1
G89	G277	1
G277	G1	1
G1	G277	1
G517	G368	1
G368	G517	1
G517	G429	1
G429	G517	1
G517	G225	1
G225	G517	1
G517	G354	1
G354	G517	1
G517	G575	1
G575	G517	1
G517	G372	1
G372	G517	1
G517	G43	1
G43	G517	1
G517	G1052	1
G517	G654	1
G517	G616	1
G616	G517	1
G517	G552	1
G552	G517	1
G517	G586	1
G586	G517	1
G517	G138	1
G138	G517	1
G517	G360	1
G360	G517	1
G517	G333	1
G333	G517	1
G517	G102	1
G102	G517	1
G517	G366	1
G366	G517	1
G517	G229	1
G229	G517	1
G517	G563	1
G563	G517	1
G517	G126	1
G126	G517	1
G517	G486	1
G486	G517	1
G517	G80	1
G80	G517	1
G517	G60	1
G60	G517	1
G517	G369	1
G369	G517	1
G517	G249	1
G249	G517	1
G517	G510	1
G510	G517	1
G517	G1093	1
G517	G523	1
G523	G517	1
G517	G364	1
G364	G517	1
G517	G507	1
G507	G517	1
G517	G261	1
G261	G517	1
G517	G113	1
G113	G517	1
G517	G619	1
G619	G517	1
G517	G595	1
G595	G517	1
G517	G316	1
G316	G517	1
G517	G458	1
G458	G517	1
G517	G578	1
G578	G517	1
G517	G16	1
G16	G517	1
G517	G10	1
G10	G517	1
G517	G1063	1
G517	G164	1
G164	G517	1
G517	G263	1
G263	G517	1
G517	G558	1
G558	G517	1
G517	G411	1
G411	G517	1
G517	G128	1
G128	G517	1
G517	G536	1
G536	G517	1
G517	G569	1
G569	G517	1
G517	G230	1
G230	G517	1
G517	G93	1
G93	G517	1
G517	G589	1
G589	G517	1
G517	G746	1
G517	G155	1
G155	G517	1
G517	G27	1
G27	G517	1
G517	G109	1
G109	G517	1
G517	G312	1
G312	G517	1
G517	G531	1
G531	G517	1
G517	G184	1
G184	G517	1
G517	G208	1
G208	G517	1
G517	G501	1
G501	G517	1
G517	G99	1
G99	G517	1
G517	G309	1
G309	G517	1
G517	G137	1
G137	G517	1
G517	G587	1
G587	G517	1
G517	G1034	1
G517	G335	1
G335	G517	1
G517	G13	1
G13	G517	1
G517	G565	1
G565	G517	1
G517	G1	1
G1	G517	1
G601	G386	1
G386	G601	1
G601	G436	1
G436	G601	1
G601	G366	1
G366	G601	1
G601	G117	1
G117	G601	1
G601	G200	1
G200	G601	1
G601	G155	1
G155	G601	1
G601	G550	1
G550	G601	1
G275	G343	1
G343	G275	1
G275	G302	1
G302	G275	1
G275	G544	1
G544	G275	1
G37	G132	1
G132	G37	1
G496	G840	1
G122	G840	1
G86	G840	1
G78	G907	1
G78	G379	1
G379	G78	1
G78	G572	1
G572	G78	1
G78	G95	1
G95	G78	1
G78	G596	1
G596	G78	1
G78	G35	1
G35	G78	1
G78	G110	1
G110	G78	1
G78	G605	1
G605	G78	1
G78	G256	1
G256	G78	1
G486	G919	1
G43	G789	1
G482	G789	1
G239	G789	1
G615	G789	1
G556	G789	1
G38	G789	1
G48	G789	1
G216	G524	1
G524	G216	1
G53	G393	1
G393	G53	1
G53	G28	1
G28	G53	1
G53	G488	1
G488	G53	1
G53	G186	1
G186	G53	1
G53	G175	1
G175	G53	1
G53	G549	1
G549	G53	1
G53	G370	1
G370	G53	1
G53	G474	1
G474	G53	1
G53	G1082	1
G53	G62	1
G62	G53	1
G202	G368	1
G368	G202	1
G202	G174	1
G174	G202	1
G202	G707	1
G202	G506	1
G506	G202	1
G202	G552	1
G552	G202	1
G202	G268	1
G268	G202	1
G202	G157	1
G157	G202	1
G202	G486	1
G486	G202	1
G202	G428	1
G428	G202	1
G202	G1024	1
G202	G406	1
G406	G202	1
G202	G540	1
G540	G202	1
G202	G984	1
G202	G879	1
G202	G161	1
G161	G202	1
G202	G945	1
G202	G135	1
G135	G202	1
G202	G631	1
G202	G872	1
G202	G335	1
G335	G202	1
G614	G43	1
G43	G614	1
G486	G631	1
G140	G609	1
G609	G140	1
G140	G173	1
G173	G140	1
G140	G561	1
G561	G140	1
G140	G334	1
G334	G140	1
G140	G85	1
G85	G140	1
G140	G198	1
G198	G140	1
G140	G486	1
G486	G140	1
G140	G417	1
G417	G140	1
G140	G298	1
G298	G140	1
G140	G183	1
G183	G140	1
G140	G608	1
G608	G140	1
G407	G391	1
G391	G407	1
G407	G366	1
G366	G407	1
G407	G486	1
G486	G407	1
G407	G500	1
G500	G407	1
G407	G839	1
G407	G522	1
G522	G407	1
G407	G13	1
G13	G407	1
G299	G368	1
G368	G299	1
G299	G575	1
G575	G299	1
G299	G45	1
G45	G299	1
G299	G28	1
G28	G299	1
G299	G552	1
G552	G299	1
G299	G258	1
G258	G299	1
G299	G268	1
G268	G299	1
G299	G360	1
G360	G299	1
G299	G617	1
G617	G299	1
G299	G238	1
G238	G299	1
G299	G126	1
G126	G299	1
G299	G430	1
G430	G299	1
G299	G370	1
G370	G299	1
G299	G458	1
G458	G299	1
G299	G16	1
G16	G299	1
G299	G290	1
G290	G299	1
G299	G205	1
G205	G299	1
G299	G230	1
G230	G299	1
G299	G71	1
G71	G299	1
G299	G476	1
G476	G299	1
G299	G426	1
G426	G299	1
G529	G615	1
G615	G529	1
G529	G222	1
G222	G529	1
G529	G95	1
G95	G529	1
G529	G177	1
G177	G529	1
G529	G178	1
G178	G529	1
G535	G842	1
G491	G842	1
G206	G842	1
G105	G842	1
G42	G842	1
G340	G842	1
G486	G842	1
G167	G842	1
G452	G842	1
G148	G842	1
G508	G842	1
G346	G842	1
G194	G842	1
G557	G274	1
G274	G557	1
G557	G575	1
G575	G557	1
G557	G16	1
G16	G557	1
G557	G1052	1
G557	G10	1
G10	G557	1
G557	G1063	1
G557	G164	1
G164	G557	1
G557	G894	1
G557	G506	1
G506	G557	1
G557	G552	1
G552	G557	1
G557	G478	1
G478	G557	1
G557	G412	1
G412	G557	1
G557	G126	1
G126	G557	1
G557	G486	1
G486	G557	1
G557	G746	1
G557	G80	1
G80	G557	1
G557	G208	1
G208	G557	1
G557	G249	1
G249	G557	1
G557	G99	1
G99	G557	1
G557	G1093	1
G557	G422	1
G422	G557	1
G557	G507	1
G507	G557	1
G557	G1034	1
G557	G316	1
G316	G557	1
G557	G49	1
G49	G557	1
G557	G406	1
G406	G557	1
G512	G434	1
G434	G512	1
G512	G236	1
G236	G512	1
G512	G257	1
G257	G512	1
G512	G15	1
G15	G512	1
G512	G3	1
G3	G512	1
G512	G43	1
G43	G512	1
G512	G251	1
G251	G512	1
G512	G321	1
G321	G512	1
G512	G366	1
G366	G512	1
G512	G469	1
G469	G512	1
G512	G158	1
G158	G512	1
G512	G486	1
G486	G512	1
G512	G124	1
G124	G512	1
G512	G296	1
G296	G512	1
G512	G983	1
G512	G4	1
G4	G512	1
G512	G551	1
G551	G512	1
G512	G405	1
G405	G512	1
G512	G538	1
G538	G512	1
G512	G203	1
G203	G512	1
G512	G237	1
G237	G512	1
G512	G555	1
G555	G512	1
G512	G228	1
G228	G512	1
G512	G466	1
G466	G512	1
G512	G330	1
G330	G512	1
G512	G107	1
G107	G512	1
G512	G414	1
G414	G512	1
G512	G47	1
G47	G512	1
G512	G579	1
G579	G512	1
G232	G574	1
G574	G232	1
G232	G538	1
G538	G232	1
G232	G569	1
G569	G232	1
G232	G341	1
G341	G232	1
G232	G366	1
G366	G232	1
G232	G144	1
G144	G232	1
G232	G297	1
G297	G232	1
G232	G158	1
G158	G232	1
G232	G59	1
G59	G232	1
G232	G330	1
G330	G232	1
G232	G107	1
G107	G232	1
G232	G551	1
G551	G232	1
G232	G580	1
G580	G232	1
G232	G1	1
G1	G232	1
G105	G617	1
G617	G105	1
G105	G538	1
G538	G105	1
G105	G280	1
G280	G105	1
G105	G203	1
G203	G105	1
G105	G107	1
G107	G105	1
G105	G89	1
G89	G105	1
G596	G35	1
G35	G596	1
G596	G110	1
G110	G596	1
G596	G572	1
G572	G596	1
G596	G605	1
G605	G596	1
G596	G256	1
G256	G596	1
G596	G95	1
G95	G596	1
G107	G61	1
G61	G107	1
G107	G434	1
G434	G107	1
G107	G613	1
G613	G107	1
G107	G15	1
G15	G107	1
G107	G273	1
G273	G107	1
G107	G270	1
G270	G107	1
G107	G554	1
G554	G107	1
G107	G3	1
G3	G107	1
G107	G410	1
G410	G107	1
G107	G575	1
G575	G107	1
G107	G45	1
G45	G107	1
G107	G16	1
G16	G107	1
G107	G43	1
G43	G107	1
G107	G538	1
G538	G107	1
G107	G1052	1
G107	G251	1
G251	G107	1
G107	G164	1
G164	G107	1
G107	G20	1
G20	G107	1
G107	G74	1
G74	G107	1
G107	G280	1
G280	G107	1
G107	G118	1
G118	G107	1
G107	G122	1
G122	G107	1
G107	G457	1
G457	G107	1
G107	G203	1
G203	G107	1
G107	G552	1
G552	G107	1
G107	G321	1
G321	G107	1
G107	G237	1
G237	G107	1
G107	G96	1
G96	G107	1
G107	G555	1
G555	G107	1
G107	G584	1
G584	G107	1
G107	G128	1
G128	G107	1
G107	G279	1
G279	G107	1
G107	G199	1
G199	G107	1
G107	G586	1
G586	G107	1
G107	G68	1
G68	G107	1
G107	G569	1
G569	G107	1
G107	G367	1
G367	G107	1
G107	G228	1
G228	G107	1
G107	G341	1
G341	G107	1
G107	G520	1
G520	G107	1
G107	G205	1
G205	G107	1
G107	G366	1
G366	G107	1
G107	G244	1
G244	G107	1
G107	G264	1
G264	G107	1
G107	G617	1
G617	G107	1
G107	G589	1
G589	G107	1
G107	G238	1
G238	G107	1
G107	G469	1
G469	G107	1
G107	G297	1
G297	G107	1
G107	G158	1
G158	G107	1
G107	G126	1
G126	G107	1
G107	G252	1
G252	G107	1
G107	G746	1
G107	G124	1
G124	G107	1
G107	G606	1
G606	G107	1
G107	G59	1
G59	G107	1
G107	G160	1
G160	G107	1
G107	G296	1
G296	G107	1
G107	G438	1
G438	G107	1
G107	G983	1
G107	G330	1
G330	G107	1
G107	G5	1
G5	G107	1
G107	G472	1
G472	G107	1
G107	G414	1
G414	G107	1
G107	G551	1
G551	G107	1
G107	G183	1
G183	G107	1
G107	G47	1
G47	G107	1
G107	G1034	1
G107	G579	1
G579	G107	1
G107	G89	1
G89	G107	1
G107	G1	1
G1	G107	1
G302	G486	1
G486	G302	1
G302	G343	1
G343	G302	1
G302	G383	1
G383	G302	1
G302	G544	1
G544	G302	1
G302	G522	1
G522	G302	1
G302	G603	1
G603	G302	1
G269	G152	1
G152	G269	1
G269	G506	1
G506	G269	1
G269	G366	1
G366	G269	1
G269	G157	1
G157	G269	1
G269	G572	1
G572	G269	1
G269	G486	1
G486	G269	1
G269	G276	1
G276	G269	1
G269	G1055	1
G269	G864	1
G269	G344	1
G344	G269	1
G269	G962	1
G269	G423	1
G423	G269	1
G269	G593	1
G593	G269	1
G29	G321	1
G321	G29	1
G29	G392	1
G392	G29	1
G58	G236	1
G236	G58	1
G58	G307	1
G307	G58	1
G58	G500	1
G500	G58	1
G58	G281	1
G281	G58	1
G58	G688	1
G58	G373	1
G373	G58	1
G58	G603	1
G603	G58	1
G58	G1093	1
G118	G1052	1
G118	G251	1
G251	G118	1
G118	G164	1
G164	G118	1
G118	G280	1
G280	G118	1
G118	G203	1
G203	G118	1
G118	G584	1
G584	G118	1
G118	G586	1
G586	G118	1
G118	G68	1
G68	G118	1
G118	G366	1
G366	G118	1
G118	G589	1
G589	G118	1
G118	G628	1
G118	G551	1
G551	G118	1
G424	G486	1
G486	G424	1
G424	G177	1
G177	G424	1
G317	G615	1
G615	G317	1
G7	G403	1
G403	G7	1
G7	G615	1
G615	G7	1
G283	G85	1
G85	G283	1
G617	G287	1
G287	G617	1
G617	G410	1
G410	G617	1
G617	G45	1
G45	G617	1
G617	G538	1
G538	G617	1
G617	G825	1
G617	G74	1
G74	G617	1
G617	G28	1
G28	G617	1
G617	G279	1
G279	G617	1
G617	G268	1
G268	G617	1
G617	G360	1
G360	G617	1
G617	G186	1
G186	G617	1
G617	G205	1
G205	G617	1
G617	G264	1
G264	G617	1
G617	G238	1
G238	G617	1
G617	G297	1
G297	G617	1
G617	G486	1
G486	G617	1
G617	G606	1
G606	G617	1
G617	G370	1
G370	G617	1
G617	G474	1
G474	G617	1
G617	G330	1
G330	G617	1
G617	G5	1
G5	G617	1
G617	G472	1
G472	G617	1
G617	G551	1
G551	G617	1
G617	G47	1
G47	G617	1
G617	G476	1
G476	G617	1
G225	G853	1
G461	G853	1
G615	G853	1
G593	G853	1
G615	G1076	1
G82	G1076	1
G392	G173	1
G173	G392	1
G392	G334	1
G334	G392	1
G392	G931	1
G368	G575	1
G575	G368	1
G368	G1052	1
G368	G602	1
G602	G368	1
G368	G217	1
G217	G368	1
G368	G518	1
G518	G368	1
G368	G172	1
G172	G368	1
G368	G784	1
G368	G486	1
G486	G368	1
G368	G402	1
G402	G368	1
G368	G406	1
G406	G368	1
G368	G573	1
G573	G368	1
G368	G16	1
G16	G368	1
G368	G10	1
G10	G368	1
G368	G164	1
G164	G368	1
G368	G290	1
G290	G368	1
G368	G945	1
G368	G346	1
G346	G368	1
G580	G574	1
G574	G580	1
G580	G43	1
G43	G580	1
G580	G569	1
G569	G580	1
G580	G366	1
G366	G580	1
G580	G144	1
G144	G580	1
G580	G158	1
G158	G580	1
G580	G59	1
G59	G580	1
G580	G1	1
G1	G580	1
G593	G740	1
G136	G496	1
G496	G136	1
G136	G1092	1
G136	G1114	1
G136	G1097	1
G136	G415	1
G415	G136	1
G136	G121	1
G121	G136	1
G136	G32	1
G32	G136	1
G136	G260	1
G260	G136	1
G136	G44	1
G44	G136	1
G136	G527	1
G527	G136	1
G506	G434	1
G434	G506	1
G506	G236	1
G236	G506	1
G506	G225	1
G225	G506	1
G506	G354	1
G354	G506	1
G506	G1052	1
G506	G325	1
G325	G506	1
G506	G863	1
G506	G394	1
G394	G506	1
G506	G552	1
G552	G506	1
G506	G553	1
G553	G506	1
G506	G1039	1
G506	G366	1
G366	G506	1
G506	G157	1
G157	G506	1
G506	G486	1
G486	G506	1
G506	G615	1
G615	G506	1
G506	G396	1
G396	G506	1
G506	G454	1
G454	G506	1
G506	G249	1
G249	G506	1
G506	G474	1
G474	G506	1
G506	G1075	1
G506	G183	1
G183	G506	1
G506	G406	1
G406	G506	1
G506	G458	1
G458	G506	1
G506	G864	1
G506	G833	1
G506	G164	1
G164	G506	1
G506	G393	1
G393	G506	1
G506	G444	1
G444	G506	1
G506	G527	1
G527	G506	1
G506	G500	1
G500	G506	1
G506	G436	1
G436	G506	1
G506	G161	1
G161	G506	1
G506	G945	1
G506	G281	1
G281	G506	1
G506	G522	1
G522	G506	1
G506	G184	1
G184	G506	1
G506	G346	1
G346	G506	1
G506	G54	1
G54	G506	1
G506	G593	1
G593	G506	1
G506	G13	1
G13	G506	1
G71	G258	1
G258	G71	1
G71	G360	1
G360	G71	1
G71	G430	1
G430	G71	1
G43	G834	1
G514	G834	1
G537	G834	1
G530	G436	1
G436	G530	1
G530	G200	1
G200	G530	1
G530	G155	1
G155	G530	1
G530	G13	1
G13	G530	1
G42	G535	1
G535	G42	1
G42	G491	1
G491	G42	1
G42	G224	1
G224	G42	1
G42	G43	1
G43	G42	1
G42	G939	1
G42	G863	1
G42	G340	1
G340	G42	1
G42	G486	1
G486	G42	1
G42	G167	1
G167	G42	1
G42	G452	1
G452	G42	1
G42	G508	1
G508	G42	1
G42	G605	1
G605	G42	1
G42	G787	1
G42	G831	1
G42	G684	1
G459	G1060	1
G444	G1060	1
G43	G1040	1
G214	G249	1
G249	G214	1
G214	G86	1
G86	G214	1
G563	G236	1
G236	G563	1
G563	G458	1
G458	G563	1
G563	G354	1
G354	G563	1
G563	G448	1
G448	G563	1
G563	G1052	1
G563	G10	1
G10	G563	1
G563	G164	1
G164	G563	1
G563	G654	1
G563	G513	1
G513	G563	1
G563	G540	1
G540	G563	1
G563	G562	1
G562	G563	1
G563	G258	1
G258	G563	1
G563	G360	1
G360	G563	1
G563	G102	1
G102	G563	1
G563	G205	1
G205	G563	1
G563	G366	1
G366	G563	1
G563	G230	1
G230	G563	1
G563	G93	1
G93	G563	1
G563	G412	1
G412	G563	1
G563	G80	1
G80	G563	1
G563	G430	1
G430	G563	1
G563	G222	1
G222	G563	1
G563	G208	1
G208	G563	1
G563	G369	1
G369	G563	1
G563	G249	1
G249	G563	1
G563	G99	1
G99	G563	1
G563	G91	1
G91	G563	1
G563	G178	1
G178	G563	1
G563	G422	1
G422	G563	1
G563	G479	1
G479	G563	1
G563	G335	1
G335	G563	1
G563	G49	1
G49	G563	1
G563	G406	1
G406	G563	1
G49	G578	1
G578	G49	1
G49	G43	1
G43	G49	1
G49	G411	1
G411	G49	1
G49	G589	1
G589	G49	1
G49	G412	1
G412	G49	1
G49	G80	1
G80	G49	1
G49	G249	1
G249	G49	1
G49	G99	1
G99	G49	1
G49	G422	1
G422	G49	1
G49	G406	1
G406	G49	1
G49	G1	1
G1	G49	1
G100	G338	1
G338	G100	1
G100	G182	1
G182	G100	1
G100	G482	1
G482	G100	1
G100	G239	1
G239	G100	1
G100	G607	1
G607	G100	1
G100	G298	1
G298	G100	1
G100	G437	1
G437	G100	1
G608	G85	1
G85	G608	1
G608	G33	1
G33	G608	1
G608	G593	1
G593	G608	1
G325	G945	1
G552	G945	1
G486	G945	1
G402	G945	1
G396	G945	1
G406	G945	1
G573	G945	1
G458	G945	1
G151	G945	1
G10	G945	1
G290	G945	1
G500	G945	1
G161	G945	1
G346	G945	1
G51	G386	1
G386	G51	1
G51	G445	1
G445	G51	1
G51	G322	1
G322	G51	1
G51	G233	1
G233	G51	1
G43	G434	1
G434	G43	1
G43	G224	1
G224	G43	1
G43	G781	1
G43	G15	1
G15	G43	1
G43	G3	1
G3	G43	1
G43	G226	1
G226	G43	1
G43	G427	1
G427	G43	1
G43	G575	1
G575	G43	1
G43	G769	1
G43	G863	1
G43	G28	1
G28	G43	1
G43	G896	1
G43	G321	1
G321	G43	1
G43	G584	1
G584	G43	1
G43	G337	1
G337	G43	1
G43	G360	1
G360	G43	1
G43	G592	1
G592	G43	1
G43	G546	1
G546	G43	1
G43	G560	1
G560	G43	1
G43	G469	1
G469	G43	1
G43	G412	1
G412	G43	1
G43	G1094	1
G43	G124	1
G124	G43	1
G43	G80	1
G80	G43	1
G43	G1000	1
G43	G370	1
G370	G43	1
G43	G296	1
G296	G43	1
G43	G249	1
G249	G43	1
G43	G983	1
G43	G1055	1
G43	G551	1
G551	G43	1
G43	G422	1
G422	G43	1
G43	G974	1
G43	G585	1
G585	G43	1
G43	G62	1
G62	G43	1
G43	G574	1
G574	G43	1
G43	G403	1
G403	G43	1
G43	G16	1
G16	G43	1
G43	G538	1
G538	G43	1
G43	G10	1
G10	G43	1
G43	G411	1
G411	G43	1
G43	G280	1
G280	G43	1
G43	G508	1
G508	G43	1
G43	G242	1
G242	G43	1
G43	G237	1
G237	G43	1
G43	G555	1
G555	G43	1
G43	G228	1
G228	G43	1
G43	G227	1
G227	G43	1
G43	G435	1
G435	G43	1
G43	G589	1
G589	G43	1
G43	G690	1
G43	G691	1
G43	G466	1
G466	G43	1
G43	G787	1
G43	G220	1
G220	G43	1
G43	G819	1
G43	G604	1
G604	G43	1
G43	G235	1
G235	G43	1
G43	G873	1
G43	G99	1
G99	G43	1
G43	G330	1
G330	G43	1
G43	G414	1
G414	G43	1
G43	G47	1
G47	G43	1
G43	G0	1
G0	G43	1
G43	G579	1
G579	G43	1
G43	G1	1
G1	G43	1
G2	G997	1
G2	G500	1
G500	G2	1
G2	G313	1
G313	G2	1
G2	G610	1
G610	G2	1
G179	G257	1
G257	G179	1
G179	G251	1
G251	G179	1
G179	G203	1
G203	G179	1
G179	G295	1
G295	G179	1
G179	G584	1
G584	G179	1
G179	G68	1
G68	G179	1
G179	G1020	1
G179	G4	1
G4	G179	1
G344	G152	1
G152	G344	1
G344	G366	1
G366	G344	1
G344	G572	1
G572	G344	1
G344	G276	1
G276	G344	1
G344	G962	1
G344	G423	1
G423	G344	1
G554	G538	1
G538	G554	1
G554	G74	1
G74	G554	1
G554	G367	1
G367	G554	1
G554	G341	1
G341	G554	1
G554	G551	1
G551	G554	1
G438	G538	1
G538	G438	1
G438	G74	1
G74	G438	1
G438	G457	1
G457	G438	1
G438	G279	1
G279	G438	1
G438	G93	1
G93	G438	1
G438	G297	1
G297	G438	1
G438	G330	1
G330	G438	1
G438	G472	1
G472	G438	1
G438	G551	1
G551	G438	1
G209	G225	1
G225	G209	1
G209	G151	1
G151	G209	1
G209	G654	1
G209	G738	1
G209	G241	1
G241	G209	1
G209	G402	1
G402	G209	1
G209	G1000	1
G209	G421	1
G421	G209	1
G209	G454	1
G454	G209	1
G209	G189	1
G189	G209	1
G209	G369	1
G369	G209	1
G209	G178	1
G178	G209	1
G209	G13	1
G13	G209	1
G444	G724	1
G444	G734	1
G444	G657	1
G444	G869	1
G444	G459	1
G459	G444	1
G74	G613	1
G613	G74	1
G74	G410	1
G410	G74	1
G74	G45	1
G45	G74	1
G74	G538	1
G538	G74	1
G74	G251	1
G251	G74	1
G74	G280	1
G280	G74	1
G74	G122	1
G122	G74	1
G74	G203	1
G203	G74	1
G74	G584	1
G584	G74	1
G74	G128	1
G128	G74	1
G74	G279	1
G279	G74	1
G74	G586	1
G586	G74	1
G74	G367	1
G367	G74	1
G74	G341	1
G341	G74	1
G74	G520	1
G520	G74	1
G74	G366	1
G366	G74	1
G74	G238	1
G238	G74	1
G74	G297	1
G297	G74	1
G74	G428	1
G428	G74	1
G74	G374	1
G374	G74	1
G74	G54	1
G54	G74	1
G74	G330	1
G330	G74	1
G74	G5	1
G5	G74	1
G74	G551	1
G551	G74	1
G74	G377	1
G377	G74	1
G454	G116	1
G116	G454	1
G454	G225	1
G225	G454	1
G454	G289	1
G289	G454	1
G454	G394	1
G394	G454	1
G454	G125	1
G125	G454	1
G454	G307	1
G307	G454	1
G454	G241	1
G241	G454	1
G454	G1089	1
G454	G486	1
G486	G454	1
G454	G117	1
G117	G454	1
G454	G615	1
G615	G454	1
G454	G271	1
G271	G454	1
G454	G396	1
G396	G454	1
G454	G357	1
G357	G454	1
G454	G249	1
G249	G454	1
G454	G453	1
G453	G454	1
G454	G936	1
G454	G595	1
G595	G454	1
G454	G33	1
G33	G454	1
G454	G406	1
G406	G454	1
G454	G817	1
G454	G386	1
G386	G454	1
G454	G69	1
G69	G454	1
G454	G458	1
G458	G454	1
G454	G1063	1
G454	G393	1
G393	G454	1
G454	G320	1
G320	G454	1
G454	G894	1
G454	G583	1
G583	G454	1
G454	G487	1
G487	G454	1
G454	G169	1
G169	G454	1
G454	G123	1
G123	G454	1
G454	G570	1
G570	G454	1
G454	G252	1
G252	G454	1
G454	G505	1
G505	G454	1
G454	G822	1
G454	G177	1
G177	G454	1
G454	G875	1
G454	G418	1
G418	G454	1
G454	G381	1
G381	G454	1
G427	G509	1
G509	G427	1
G427	G296	1
G296	G427	1
G427	G983	1
G427	G55	1
G55	G427	1
G325	G394	1
G394	G325	1
G325	G172	1
G172	G325	1
G325	G401	1
G401	G325	1
G325	G157	1
G157	G325	1
G325	G486	1
G486	G325	1
G325	G165	1
G165	G325	1
G325	G615	1
G615	G325	1
G325	G415	1
G415	G325	1
G325	G556	1
G556	G325	1
G325	G267	1
G267	G325	1
G325	G406	1
G406	G325	1
G325	G386	1
G386	G325	1
G325	G864	1
G325	G151	1
G151	G325	1
G325	G10	1
G10	G325	1
G325	G290	1
G290	G325	1
G325	G44	1
G44	G325	1
G325	G540	1
G540	G325	1
G325	G536	1
G536	G325	1
G325	G541	1
G541	G325	1
G325	G522	1
G522	G325	1
G325	G315	1
G315	G325	1
G325	G421	1
G421	G325	1
G325	G184	1
G184	G325	1
G325	G408	1
G408	G325	1
G325	G54	1
G54	G325	1
G325	G593	1
G593	G325	1
G325	G1	1
G1	G325	1
G613	G279	1
G279	G613	1
G613	G366	1
G366	G613	1
G613	G297	1
G297	G613	1
G613	G486	1
G486	G613	1
G613	G428	1
G428	G613	1
G613	G370	1
G370	G613	1
G613	G296	1
G296	G613	1
G613	G551	1
G551	G613	1
G613	G377	1
G377	G613	1
G613	G16	1
G16	G613	1
G613	G538	1
G538	G613	1
G613	G122	1
G122	G613	1
G613	G145	1
G145	G613	1
G613	G520	1
G520	G613	1
G613	G161	1
G161	G613	1
G613	G962	1
G613	G374	1
G374	G613	1
G613	G54	1
G54	G613	1
G613	G330	1
G330	G613	1
G613	G684	1
G236	G980	1
G603	G980	1
G431	G386	1
G386	G431	1
G431	G33	1
G33	G431	1
G615	G987	1
G453	G987	1
G80	G412	1
G412	G80	1
G80	G249	1
G249	G80	1
G80	G422	1
G422	G80	1
G80	G406	1
G406	G80	1
G80	G578	1
G578	G80	1
G80	G99	1
G99	G80	1
G80	G1	1
G1	G80	1
G383	G366	1
G366	G383	1
G383	G443	1
G443	G383	1
G383	G486	1
G486	G383	1
G383	G343	1
G343	G383	1
G383	G183	1
G183	G383	1
G383	G544	1
G544	G383	1
G383	G377	1
G377	G383	1
G383	G10	1
G10	G383	1
G383	G505	1
G505	G383	1
G383	G522	1
G522	G383	1
G383	G425	1
G425	G383	1
G383	G603	1
G603	G383	1
G383	G13	1
G13	G383	1
G204	G429	1
G429	G204	1
G204	G1	1
G1	G204	1
G5	G410	1
G410	G5	1
G5	G45	1
G45	G5	1
G5	G279	1
G279	G5	1
G5	G367	1
G367	G5	1
G5	G186	1
G186	G5	1
G5	G264	1
G264	G5	1
G5	G238	1
G238	G5	1
G5	G297	1
G297	G5	1
G5	G486	1
G486	G5	1
G5	G606	1
G606	G5	1
G5	G474	1
G474	G5	1
G5	G472	1
G472	G5	1
G5	G551	1
G551	G5	1
G5	G287	1
G287	G5	1
G5	G538	1
G538	G5	1
G5	G330	1
G330	G5	1
G5	G47	1
G47	G5	1
G33	G289	1
G289	G33	1
G33	G125	1
G125	G33	1
G33	G271	1
G271	G33	1
G33	G595	1
G595	G33	1
G33	G320	1
G320	G33	1
G482	G1002	1
G615	G1002	1
G556	G1002	1
G48	G1002	1
G257	G251	1
G251	G257	1
G257	G1104	1
G257	G295	1
G295	G257	1
G257	G584	1
G584	G257	1
G257	G805	1
G257	G931	1
G257	G4	1
G4	G257	1
G257	G280	1
G280	G257	1
G257	G203	1
G203	G257	1
G257	G1020	1
G257	G675	1
G257	G813	1
G336	G254	1
G254	G336	1
G336	G406	1
G406	G336	1
G336	G458	1
G458	G336	1
G336	G570	1
G570	G336	1
G38	G154	1
G154	G38	1
G38	G482	1
G482	G38	1
G38	G896	1
G38	G239	1
G239	G38	1
G38	G611	1
G611	G38	1
G38	G183	1
G183	G38	1
G38	G48	1
G48	G38	1
G38	G522	1
G522	G38	1
G38	G298	1
G298	G38	1
G38	G0	1
G0	G38	1
G301	G157	1
G157	G301	1
G301	G486	1
G486	G301	1
G301	G145	1
G145	G301	1
G301	G500	1
G500	G301	1
G301	G587	1
G587	G301	1
G93	G458	1
G458	G93	1
G93	G575	1
G575	G93	1
G93	G16	1
G16	G93	1
G93	G1052	1
G93	G164	1
G164	G93	1
G93	G552	1
G552	G93	1
G93	G1097	1
G93	G258	1
G258	G93	1
G93	G360	1
G360	G93	1
G93	G333	1
G333	G93	1
G93	G102	1
G102	G93	1
G93	G230	1
G230	G93	1
G93	G564	1
G564	G93	1
G93	G126	1
G126	G93	1
G93	G430	1
G430	G93	1
G93	G208	1
G208	G93	1
G93	G369	1
G369	G93	1
G93	G91	1
G91	G93	1
G93	G0	1
G0	G93	1
G93	G507	1
G507	G93	1
G93	G261	1
G261	G93	1
G93	G316	1
G316	G93	1
G208	G458	1
G458	G208	1
G208	G575	1
G575	G208	1
G208	G16	1
G16	G208	1
G208	G1052	1
G208	G164	1
G164	G208	1
G208	G552	1
G552	G208	1
G208	G1097	1
G208	G360	1
G360	G208	1
G208	G333	1
G333	G208	1
G208	G102	1
G102	G208	1
G208	G230	1
G230	G208	1
G208	G564	1
G564	G208	1
G208	G126	1
G126	G208	1
G208	G430	1
G430	G208	1
G208	G369	1
G369	G208	1
G208	G91	1
G91	G208	1
G208	G0	1
G0	G208	1
G208	G261	1
G261	G208	1
G208	G316	1
G316	G208	1
G559	G496	1
G496	G559	1
G559	G1114	1
G559	G615	1
G615	G559	1
G559	G415	1
G415	G559	1
G559	G151	1
G151	G559	1
G559	G44	1
G44	G559	1
G559	G541	1
G541	G559	1
G559	G522	1
G522	G559	1
G559	G421	1
G421	G559	1
G487	G386	1
G386	G487	1
G487	G225	1
G225	G487	1
G487	G123	1
G123	G487	1
G487	G307	1
G307	G487	1
G487	G570	1
G570	G487	1
G487	G347	1
G347	G487	1
G487	G252	1
G252	G487	1
G487	G615	1
G615	G487	1
G487	G396	1
G396	G487	1
G487	G184	1
G184	G487	1
G487	G267	1
G267	G487	1
G487	G120	1
G120	G487	1
G224	G535	1
G535	G224	1
G224	G491	1
G491	G224	1
G224	G508	1
G508	G224	1
G224	G340	1
G340	G224	1
G599	G366	1
G366	G599	1
G599	G428	1
G428	G599	1
G599	G86	1
G86	G599	1
G599	G377	1
G377	G599	1
G599	G135	1
G135	G599	1
G568	G1052	1
G568	G164	1
G164	G568	1
G568	G145	1
G145	G568	1
G568	G520	1
G520	G568	1
G568	G250	1
G250	G568	1
G568	G161	1
G161	G568	1
G568	G787	1
G568	G402	1
G402	G568	1
G568	G54	1
G54	G568	1
G568	G167	1
G167	G568	1
G564	G1052	1
G564	G1097	1
G564	G360	1
G360	G564	1
G564	G341	1
G341	G564	1
G564	G486	1
G486	G564	1
G564	G402	1
G402	G564	1
G564	G167	1
G167	G564	1
G564	G261	1
G261	G564	1
G564	G164	1
G164	G564	1
G564	G250	1
G250	G564	1
G564	G161	1
G161	G564	1
G564	G230	1
G230	G564	1
G564	G605	1
G605	G564	1
G564	G787	1
G486	G852	1
G535	G491	1
G491	G535	1
G535	G206	1
G206	G535	1
G535	G939	1
G535	G863	1
G535	G340	1
G340	G535	1
G535	G167	1
G167	G535	1
G535	G452	1
G452	G535	1
G535	G508	1
G508	G535	1
G535	G605	1
G605	G535	1
G535	G589	1
G589	G535	1
G535	G787	1
G381	G125	1
G125	G381	1
G381	G396	1
G396	G381	1
G289	G1052	1
G289	G164	1
G164	G289	1
G289	G158	1
G158	G289	1
G289	G135	1
G135	G289	1
G289	G428	1
G428	G289	1
G615	G641	1
G556	G641	1
G54	G297	1
G297	G54	1
G54	G486	1
G486	G54	1
G54	G428	1
G428	G54	1
G54	G249	1
G249	G54	1
G54	G504	1
G504	G54	1
G54	G1055	1
G54	G377	1
G377	G54	1
G54	G151	1
G151	G54	1
G54	G833	1
G54	G145	1
G145	G54	1
G54	G250	1
G250	G54	1
G54	G161	1
G161	G54	1
G54	G605	1
G605	G54	1
G54	G374	1
G374	G54	1
G54	G421	1
G421	G54	1
G54	G346	1
G346	G54	1
G54	G593	1
G593	G54	1
G54	G13	1
G13	G54	1
G298	G482	1
G482	G298	1
G298	G239	1
G239	G298	1
G298	G486	1
G486	G298	1
G298	G183	1
G183	G298	1
G298	G437	1
G437	G298	1
G298	G406	1
G406	G298	1
G298	G151	1
G151	G298	1
G298	G85	1
G85	G298	1
G298	G48	1
G48	G298	1
G298	G522	1
G522	G298	1
G48	G868	1
G48	G482	1
G482	G48	1
G48	G896	1
G48	G239	1
G239	G48	1
G48	G522	1
G522	G48	1
G394	G1000	1
G241	G1000	1
G189	G1000	1
G458	G225	1
G225	G458	1
G458	G575	1
G575	G458	1
G458	G1052	1
G458	G552	1
G552	G458	1
G458	G258	1
G258	G458	1
G458	G360	1
G360	G458	1
G458	G333	1
G333	G458	1
G458	G102	1
G102	G458	1
G458	G126	1
G126	G458	1
G458	G486	1
G486	G458	1
G458	G430	1
G430	G458	1
G458	G369	1
G369	G458	1
G458	G91	1
G91	G458	1
G458	G1093	1
G458	G261	1
G261	G458	1
G458	G595	1
G595	G458	1
G458	G316	1
G316	G458	1
G458	G16	1
G16	G458	1
G458	G164	1
G164	G458	1
G458	G161	1
G161	G458	1
G458	G230	1
G230	G458	1
G458	G688	1
G458	G0	1
G0	G458	1
G270	G61	1
G61	G270	1
G270	G578	1
G578	G270	1
G270	G280	1
G280	G270	1
G270	G199	1
G199	G270	1
G270	G551	1
G551	G270	1
G270	G89	1
G89	G270	1
G436	G236	1
G236	G436	1
G436	G495	1
G495	G436	1
G436	G394	1
G394	G436	1
G436	G552	1
G552	G436	1
G436	G366	1
G366	G436	1
G436	G486	1
G486	G436	1
G436	G200	1
G200	G436	1
G436	G396	1
G396	G436	1
G436	G142	1
G142	G436	1
G436	G1042	1
G436	G406	1
G406	G436	1
G436	G864	1
G436	G540	1
G540	G436	1
G436	G155	1
G155	G436	1
G436	G550	1
G550	G436	1
G6	G55	1
G55	G6	1
G6	G750	1
G6	G593	1
G593	G6	1
G528	G272	1
G272	G528	1
G472	G606	1
G606	G472	1
G472	G45	1
G45	G472	1
G472	G538	1
G538	G472	1
G472	G330	1
G330	G472	1
G472	G551	1
G551	G472	1
G472	G47	1
G47	G472	1
G472	G264	1
G264	G472	1
G374	G16	1
G16	G374	1
G374	G122	1
G122	G374	1
G374	G520	1
G520	G374	1
G374	G297	1
G297	G374	1
G374	G486	1
G486	G374	1
G374	G962	1
G374	G428	1
G428	G374	1
G374	G370	1
G370	G374	1
G374	G377	1
G377	G374	1
G167	G491	1
G491	G167	1
G167	G206	1
G206	G167	1
G167	G939	1
G167	G863	1
G167	G1097	1
G167	G340	1
G340	G167	1
G167	G486	1
G486	G167	1
G167	G402	1
G402	G167	1
G167	G508	1
G508	G167	1
G167	G145	1
G145	G167	1
G167	G250	1
G250	G167	1
G167	G161	1
G161	G167	1
G167	G39	1
G39	G167	1
G167	G831	1
G61	G606	1
G606	G61	1
G61	G538	1
G538	G61	1
G61	G251	1
G251	G61	1
G61	G280	1
G280	G61	1
G61	G203	1
G203	G61	1
G61	G584	1
G584	G61	1
G61	G330	1
G330	G61	1
G61	G199	1
G199	G61	1
G61	G551	1
G551	G61	1
G61	G341	1
G341	G61	1
G61	G89	1
G89	G61	1
G615	G706	1
G556	G706	1
G595	G225	1
G225	G595	1
G595	G575	1
G575	G595	1
G595	G16	1
G16	G595	1
G595	G10	1
G10	G595	1
G595	G558	1
G558	G595	1
G595	G583	1
G583	G595	1
G595	G138	1
G138	G595	1
G595	G125	1
G125	G595	1
G595	G1089	1
G595	G249	1
G249	G595	1
G595	G619	1
G619	G595	1
G290	G491	1
G491	G290	1
G290	G575	1
G575	G290	1
G290	G863	1
G290	G486	1
G486	G290	1
G290	G402	1
G402	G290	1
G290	G406	1
G406	G290	1
G290	G573	1
G573	G290	1
G290	G151	1
G151	G290	1
G290	G10	1
G10	G290	1
G290	G421	1
G421	G290	1
G290	G346	1
G346	G290	1
G414	G434	1
G434	G414	1
G414	G15	1
G15	G414	1
G414	G3	1
G3	G414	1
G414	G226	1
G226	G414	1
G414	G538	1
G538	G414	1
G414	G321	1
G321	G414	1
G414	G237	1
G237	G414	1
G414	G555	1
G555	G414	1
G414	G228	1
G228	G414	1
G414	G469	1
G469	G414	1
G414	G466	1
G466	G414	1
G414	G124	1
G124	G414	1
G414	G604	1
G604	G414	1
G414	G296	1
G296	G414	1
G414	G983	1
G414	G330	1
G330	G414	1
G414	G551	1
G551	G414	1
G414	G47	1
G47	G414	1
G414	G579	1
G579	G414	1
G486	G833	1
G406	G833	1
G522	G833	1
G593	G833	1
G509	G304	1
G304	G509	1
G264	G45	1
G45	G264	1
G264	G538	1
G538	G264	1
G264	G606	1
G606	G264	1
G264	G330	1
G330	G264	1
G264	G551	1
G551	G264	1
G264	G47	1
G47	G264	1
G606	G45	1
G45	G606	1
G606	G538	1
G538	G606	1
G606	G280	1
G280	G606	1
G606	G330	1
G330	G606	1
G606	G551	1
G551	G606	1
G606	G47	1
G47	G606	1
G606	G89	1
G89	G606	1
G215	G556	1
G556	G215	1
G393	G152	1
G152	G393	1
G393	G553	1
G553	G393	1
G393	G169	1
G169	G393	1
G393	G366	1
G366	G393	1
G393	G405	1
G405	G393	1
G226	G434	1
G434	G226	1
G226	G984	1
G226	G337	1
G337	G226	1
G226	G124	1
G124	G226	1
G226	G604	1
G604	G226	1
G226	G579	1
G579	G226	1
G308	G896	1
G308	G304	1
G304	G308	1
G137	G429	1
G429	G137	1
G137	G354	1
G354	G137	1
G137	G575	1
G575	G137	1
G137	G372	1
G372	G137	1
G137	G138	1
G138	G137	1
G137	G229	1
G229	G137	1
G137	G510	1
G510	G137	1
G137	G219	1
G219	G137	1
G137	G523	1
G523	G137	1
G137	G364	1
G364	G137	1
G137	G113	1
G113	G137	1
G137	G619	1
G619	G137	1
G137	G16	1
G16	G137	1
G137	G10	1
G10	G137	1
G137	G558	1
G558	G137	1
G137	G569	1
G569	G137	1
G137	G589	1
G589	G137	1
G137	G109	1
G109	G137	1
G137	G312	1
G312	G137	1
G137	G531	1
G531	G137	1
G137	G501	1
G501	G137	1
G137	G309	1
G309	G137	1
G137	G587	1
G587	G137	1
G137	G13	1
G13	G137	1
G137	G565	1
G565	G137	1
G467	G183	1
G183	G467	1
G467	G440	1
G440	G467	1
G467	G522	1
G522	G467	1
G467	G0	1
G0	G467	1
G538	G434	1
G434	G538	1
G538	G15	1
G15	G538	1
G538	G3	1
G3	G538	1
G538	G410	1
G410	G538	1
G538	G575	1
G575	G538	1
G538	G45	1
G45	G538	1
G538	G1052	1
G538	G251	1
G251	G538	1
G538	G20	1
G20	G538	1
G538	G457	1
G457	G538	1
G538	G552	1
G552	G538	1
G538	G321	1
G321	G538	1
G538	G96	1
G96	G538	1
G538	G279	1
G279	G538	1
G538	G367	1
G367	G538	1
G538	G341	1
G341	G538	1
G538	G366	1
G366	G538	1
G538	G244	1
G244	G538	1
G538	G238	1
G238	G538	1
G538	G469	1
G469	G538	1
G538	G297	1
G297	G538	1
G538	G158	1
G158	G538	1
G538	G126	1
G126	G538	1
G538	G124	1
G124	G538	1
G538	G160	1
G160	G538	1
G538	G296	1
G296	G538	1
G538	G983	1
G538	G551	1
G551	G538	1
G538	G183	1
G183	G538	1
G538	G273	1
G273	G538	1
G538	G16	1
G16	G538	1
G538	G164	1
G164	G538	1
G538	G280	1
G280	G538	1
G538	G122	1
G122	G538	1
G538	G203	1
G203	G538	1
G538	G237	1
G237	G538	1
G538	G555	1
G555	G538	1
G538	G569	1
G569	G538	1
G538	G228	1
G228	G538	1
G538	G520	1
G520	G538	1
G538	G205	1
G205	G538	1
G538	G252	1
G252	G538	1
G538	G746	1
G538	G59	1
G59	G538	1
G538	G330	1
G330	G538	1
G538	G47	1
G47	G538	1
G538	G1034	1
G538	G579	1
G579	G538	1
G538	G1	1
G1	G538	1
G175	G28	1
G28	G175	1
G175	G488	1
G488	G175	1
G175	G186	1
G186	G175	1
G175	G235	1
G235	G175	1
G175	G549	1
G549	G175	1
G175	G370	1
G370	G175	1
G175	G474	1
G474	G175	1
G175	G62	1
G62	G175	1
G297	G410	1
G410	G297	1
G297	G45	1
G45	G297	1
G297	G251	1
G251	G297	1
G297	G280	1
G280	G297	1
G297	G122	1
G122	G297	1
G297	G203	1
G203	G297	1
G297	G584	1
G584	G297	1
G297	G128	1
G128	G297	1
G297	G279	1
G279	G297	1
G297	G586	1
G586	G297	1
G297	G367	1
G367	G297	1
G297	G341	1
G341	G297	1
G297	G520	1
G520	G297	1
G297	G366	1
G366	G297	1
G297	G238	1
G238	G297	1
G297	G428	1
G428	G297	1
G297	G330	1
G330	G297	1
G297	G551	1
G551	G297	1
G297	G377	1
G377	G297	1
G206	G491	1
G491	G206	1
G206	G762	1
G206	G939	1
G206	G863	1
G206	G508	1
G508	G206	1
G206	G1097	1
G206	G340	1
G340	G206	1
G206	G831	1
G206	G452	1
G452	G206	1
G206	G194	1
G194	G206	1
G491	G684	1
G504	G684	1
G508	G684	1
G295	G251	1
G251	G295	1
G295	G584	1
G584	G295	1
G295	G68	1
G68	G295	1
G295	G218	1
G218	G295	1
G295	G4	1
G4	G295	1
G295	G203	1
G203	G295	1
G295	G1020	1
G142	G200	1
G200	G142	1
G142	G155	1
G155	G142	1
G549	G28	1
G28	G549	1
G549	G488	1
G488	G549	1
G549	G186	1
G186	G549	1
G549	G370	1
G370	G549	1
G549	G474	1
G474	G549	1
G549	G1082	1
G549	G62	1
G62	G549	1
G239	G818	1
G611	G818	1
G615	G886	1
G556	G886	1
G348	G486	1
G486	G348	1
G348	G1093	1
G348	G688	1
G496	G1092	1
G32	G1092	1
G260	G1092	1
G44	G1092	1
G527	G1092	1
G415	G1092	1
G121	G1092	1
G370	G575	1
G575	G370	1
G370	G45	1
G45	G370	1
G370	G1052	1
G370	G28	1
G28	G370	1
G370	G268	1
G268	G370	1
G370	G360	1
G360	G370	1
G370	G186	1
G186	G370	1
G370	G238	1
G238	G370	1
G370	G474	1
G474	G370	1
G370	G1093	1
G370	G1082	1
G370	G267	1
G267	G370	1
G370	G62	1
G62	G370	1
G370	G16	1
G16	G370	1
G370	G10	1
G10	G370	1
G370	G164	1
G164	G370	1
G370	G122	1
G122	G370	1
G370	G488	1
G488	G370	1
G370	G205	1
G205	G370	1
G370	G1020	1
G370	G589	1
G589	G370	1
G370	G688	1
G370	G24	1
G24	G370	1
G370	G184	1
G184	G370	1
G370	G476	1
G476	G370	1
G370	G194	1
G194	G370	1
G337	G984	1
G531	G984	1
G335	G984	1
G186	G287	1
G287	G186	1
G186	G410	1
G410	G186	1
G186	G45	1
G45	G186	1
G186	G28	1
G28	G186	1
G186	G488	1
G488	G186	1
G186	G486	1
G486	G186	1
G186	G474	1
G474	G186	1
G186	G62	1
G62	G186	1
G59	G574	1
G574	G59	1
G59	G569	1
G569	G59	1
G59	G341	1
G341	G59	1
G59	G366	1
G366	G59	1
G59	G144	1
G144	G59	1
G59	G158	1
G158	G59	1
G59	G330	1
G330	G59	1
G59	G551	1
G551	G59	1
G59	G1	1
G1	G59	1
G117	G501	1
G501	G117	1
G537	G999	1
G537	G394	1
G394	G537	1
G537	G514	1
G514	G537	1
G537	G406	1
G406	G537	1
G337	G434	1
G434	G337	1
G16	G434	1
G434	G16	1
G16	G429	1
G429	G16	1
G16	G354	1
G354	G16	1
G16	G575	1
G575	G16	1
G16	G372	1
G372	G16	1
G16	G1052	1
G16	G552	1
G552	G16	1
G16	G96	1
G96	G16	1
G16	G586	1
G586	G16	1
G16	G478	1
G478	G16	1
G16	G138	1
G138	G16	1
G16	G360	1
G360	G16	1
G16	G341	1
G341	G16	1
G16	G333	1
G333	G16	1
G16	G102	1
G102	G16	1
G16	G366	1
G366	G16	1
G16	G229	1
G229	G16	1
G16	G244	1
G244	G16	1
G16	G158	1
G158	G16	1
G16	G126	1
G126	G16	1
G16	G486	1
G486	G16	1
G16	G160	1
G160	G16	1
G16	G510	1
G510	G16	1
G16	G1093	1
G16	G523	1
G523	G16	1
G16	G551	1
G551	G16	1
G16	G364	1
G364	G16	1
G16	G507	1
G507	G16	1
G16	G261	1
G261	G16	1
G16	G113	1
G113	G16	1
G16	G619	1
G619	G16	1
G16	G316	1
G316	G16	1
G16	G274	1
G274	G16	1
G16	G578	1
G578	G16	1
G16	G10	1
G10	G16	1
G16	G164	1
G164	G16	1
G16	G558	1
G558	G16	1
G16	G280	1
G280	G16	1
G16	G122	1
G122	G16	1
G16	G128	1
G128	G16	1
G16	G569	1
G569	G16	1
G16	G520	1
G520	G16	1
G16	G205	1
G205	G16	1
G16	G230	1
G230	G16	1
G16	G589	1
G589	G16	1
G16	G252	1
G252	G16	1
G16	G746	1
G16	G962	1
G16	G27	1
G27	G16	1
G16	G109	1
G109	G16	1
G16	G312	1
G312	G16	1
G16	G531	1
G531	G16	1
G16	G501	1
G501	G16	1
G16	G330	1
G330	G16	1
G16	G309	1
G309	G16	1
G16	G587	1
G587	G16	1
G16	G1034	1
G16	G335	1
G335	G16	1
G16	G194	1
G194	G16	1
G16	G13	1
G13	G16	1
G16	G565	1
G565	G16	1
G16	G1	1
G1	G16	1
G476	G354	1
G354	G476	1
G476	G45	1
G45	G476	1
G476	G338	1
G338	G476	1
G476	G28	1
G28	G476	1
G476	G268	1
G268	G476	1
G476	G360	1
G360	G476	1
G476	G205	1
G205	G476	1
G476	G238	1
G238	G476	1
G476	G422	1
G422	G476	1
G476	G316	1
G316	G476	1
G251	G1020	1
G28	G1020	1
G584	G1020	1
G68	G1020	1
G4	G1020	1
G304	G1020	1
G280	G1020	1
G203	G1020	1
G28	G1082	1
G488	G1082	1
G474	G1082	1
G510	G1082	1
G62	G1082	1
G615	G1100	1
G556	G1100	1
G544	G157	1
G157	G544	1
G544	G486	1
G486	G544	1
G544	G343	1
G343	G544	1
G544	G500	1
G500	G544	1
G544	G603	1
G603	G544	1
G154	G636	1
G523	G429	1
G429	G523	1
G523	G354	1
G354	G523	1
G523	G575	1
G575	G523	1
G523	G1052	1
G523	G10	1
G10	G523	1
G523	G164	1
G164	G523	1
G523	G138	1
G138	G523	1
G523	G569	1
G569	G523	1
G523	G229	1
G229	G523	1
G523	G589	1
G589	G523	1
G523	G746	1
G523	G109	1
G109	G523	1
G523	G312	1
G312	G523	1
G523	G531	1
G531	G523	1
G523	G510	1
G510	G523	1
G523	G501	1
G501	G523	1
G523	G364	1
G364	G523	1
G523	G309	1
G309	G523	1
G523	G113	1
G113	G523	1
G523	G587	1
G587	G523	1
G523	G1034	1
G523	G1	1
G1	G523	1
G578	G575	1
G575	G578	1
G578	G10	1
G10	G578	1
G578	G558	1
G558	G578	1
G578	G138	1
G138	G578	1
G578	G366	1
G366	G578	1
G578	G412	1
G412	G578	1
G578	G486	1
G486	G578	1
G578	G27	1
G27	G578	1
G578	G249	1
G249	G578	1
G578	G99	1
G99	G578	1
G578	G422	1
G422	G578	1
G578	G335	1
G335	G578	1
G113	G429	1
G429	G113	1
G113	G225	1
G225	G113	1
G113	G354	1
G354	G113	1
G113	G575	1
G575	G113	1
G113	G372	1
G372	G113	1
G113	G10	1
G10	G113	1
G113	G272	1
G272	G113	1
G113	G138	1
G138	G113	1
G113	G569	1
G569	G113	1
G113	G229	1
G229	G113	1
G113	G589	1
G589	G113	1
G113	G109	1
G109	G113	1
G113	G312	1
G312	G113	1
G113	G531	1
G531	G113	1
G113	G455	1
G455	G113	1
G113	G510	1
G510	G113	1
G113	G501	1
G501	G113	1
G113	G364	1
G364	G113	1
G113	G309	1
G309	G113	1
G113	G587	1
G587	G113	1
G113	G13	1
G13	G113	1
G113	G565	1
G565	G113	1
G399	G486	1
G486	G399	1
G399	G252	1
G252	G399	1
G81	G940	1
G581	G784	1
G178	G486	1
G486	G178	1
G178	G183	1
G183	G178	1
G178	G540	1
G540	G178	1
G178	G500	1
G500	G178	1
G178	G281	1
G281	G178	1
G178	G593	1
G593	G178	1
G249	G354	1
G354	G249	1
G249	G552	1
G552	G249	1
G249	G341	1
G341	G249	1
G249	G412	1
G412	G249	1
G249	G486	1
G486	G249	1
G249	G396	1
G396	G249	1
G249	G474	1
G474	G249	1
G249	G422	1
G422	G249	1
G249	G267	1
G267	G249	1
G249	G406	1
G406	G249	1
G249	G386	1
G386	G249	1
G249	G10	1
G10	G249	1
G249	G488	1
G488	G249	1
G249	G252	1
G252	G249	1
G249	G24	1
G24	G249	1
G249	G920	1
G249	G184	1
G184	G249	1
G249	G99	1
G99	G249	1
G496	G1114	1
G415	G1114	1
G121	G1114	1
G32	G1114	1
G151	G1114	1
G260	G1114	1
G44	G1114	1
G527	G1114	1
G421	G1114	1
G486	G805	1
G151	G496	1
G496	G151	1
G151	G394	1
G394	G151	1
G151	G172	1
G172	G151	1
G151	G366	1
G366	G151	1
G151	G241	1
G241	G151	1
G151	G157	1
G157	G151	1
G151	G486	1
G486	G151	1
G151	G165	1
G165	G151	1
G151	G415	1
G415	G151	1
G151	G556	1
G556	G151	1
G151	G183	1
G183	G151	1
G151	G386	1
G386	G151	1
G151	G10	1
G10	G151	1
G151	G44	1
G44	G151	1
G151	G738	1
G151	G540	1
G540	G151	1
G151	G500	1
G500	G151	1
G151	G541	1
G541	G151	1
G151	G522	1
G522	G151	1
G151	G315	1
G315	G151	1
G151	G421	1
G421	G151	1
G151	G408	1
G408	G151	1
G151	G593	1
G593	G151	1
G151	G1	1
G1	G151	1
G400	G386	1
G386	G400	1
G307	G236	1
G236	G307	1
G307	G225	1
G225	G307	1
G307	G615	1
G615	G307	1
G307	G95	1
G95	G307	1
G307	G267	1
G267	G307	1
G307	G540	1
G540	G307	1
G307	G281	1
G281	G307	1
G307	G252	1
G252	G307	1
G307	G421	1
G421	G307	1
G193	G686	1
G271	G936	1
G583	G936	1
G315	G936	1
G421	G936	1
G603	G170	1
G170	G603	1
G603	G522	1
G522	G603	1
G603	G425	1
G425	G603	1
G603	G343	1
G343	G603	1
G408	G751	1
G188	G1112	1
G182	G1112	1
G396	G817	1
G125	G817	1
G459	G879	1
G315	G822	1
G315	G421	1
G421	G315	1
G459	G734	1
G569	G429	1
G429	G569	1
G569	G354	1
G354	G569	1
G569	G575	1
G575	G569	1
G569	G1052	1
G569	G552	1
G552	G569	1
G569	G96	1
G96	G569	1
G569	G138	1
G138	G569	1
G569	G341	1
G341	G569	1
G569	G366	1
G366	G569	1
G569	G229	1
G229	G569	1
G569	G572	1
G572	G569	1
G569	G244	1
G244	G569	1
G569	G158	1
G158	G569	1
G569	G126	1
G126	G569	1
G569	G160	1
G160	G569	1
G569	G510	1
G510	G569	1
G569	G551	1
G551	G569	1
G569	G364	1
G364	G569	1
G569	G574	1
G574	G569	1
G569	G150	1
G150	G569	1
G569	G10	1
G10	G569	1
G569	G164	1
G164	G569	1
G569	G411	1
G411	G569	1
G569	G280	1
G280	G569	1
G569	G205	1
G205	G569	1
G569	G110	1
G110	G569	1
G569	G144	1
G144	G569	1
G569	G746	1
G569	G256	1
G256	G569	1
G569	G109	1
G109	G569	1
G569	G312	1
G312	G569	1
G569	G531	1
G531	G569	1
G569	G501	1
G501	G569	1
G569	G330	1
G330	G569	1
G569	G309	1
G309	G569	1
G569	G587	1
G587	G569	1
G569	G1034	1
G569	G13	1
G13	G569	1
G569	G1	1
G1	G569	1
G553	G354	1
G354	G553	1
G553	G10	1
G10	G553	1
G152	G366	1
G366	G152	1
G152	G157	1
G157	G152	1
G152	G486	1
G486	G152	1
G152	G423	1
G423	G152	1
G330	G434	1
G434	G330	1
G330	G15	1
G15	G330	1
G330	G273	1
G273	G330	1
G330	G3	1
G3	G330	1
G330	G410	1
G410	G330	1
G330	G575	1
G575	G330	1
G330	G45	1
G45	G330	1
G330	G1052	1
G330	G251	1
G251	G330	1
G330	G164	1
G164	G330	1
G330	G20	1
G20	G330	1
G330	G280	1
G280	G330	1
G330	G122	1
G122	G330	1
G330	G457	1
G457	G330	1
G330	G203	1
G203	G330	1
G330	G552	1
G552	G330	1
G330	G321	1
G321	G330	1
G330	G237	1
G237	G330	1
G330	G96	1
G96	G330	1
G330	G555	1
G555	G330	1
G330	G279	1
G279	G330	1
G330	G228	1
G228	G330	1
G330	G341	1
G341	G330	1
G330	G520	1
G520	G330	1
G330	G205	1
G205	G330	1
G330	G366	1
G366	G330	1
G330	G244	1
G244	G330	1
G330	G238	1
G238	G330	1
G330	G469	1
G469	G330	1
G330	G158	1
G158	G330	1
G330	G126	1
G126	G330	1
G330	G252	1
G252	G330	1
G330	G746	1
G330	G124	1
G124	G330	1
G330	G160	1
G160	G330	1
G330	G296	1
G296	G330	1
G330	G983	1
G330	G551	1
G551	G330	1
G330	G183	1
G183	G330	1
G330	G47	1
G47	G330	1
G330	G1034	1
G330	G579	1
G579	G330	1
G330	G1	1
G1	G330	1
G607	G338	1
G338	G607	1
G607	G182	1
G182	G607	1
G607	G239	1
G239	G607	1
G607	G366	1
G366	G607	1
G607	G532	1
G532	G607	1
G607	G440	1
G440	G607	1
G607	G183	1
G183	G607	1
G607	G593	1
G593	G607	1
G607	G437	1
G437	G607	1
G250	G486	1
G486	G250	1
G250	G402	1
G402	G250	1
G250	G145	1
G145	G250	1
G250	G161	1
G161	G250	1
G250	G39	1
G39	G250	1
G101	G173	1
G173	G101	1
G101	G334	1
G334	G101	1
G176	G354	1
G354	G176	1
G609	G173	1
G173	G609	1
G609	G561	1
G561	G609	1
G609	G334	1
G334	G609	1
G609	G198	1
G198	G609	1
G609	G417	1
G417	G609	1
G434	G15	1
G15	G434	1
G434	G3	1
G3	G434	1
G434	G321	1
G321	G434	1
G434	G237	1
G237	G434	1
G434	G555	1
G555	G434	1
G434	G228	1
G228	G434	1
G434	G469	1
G469	G434	1
G434	G486	1
G486	G434	1
G434	G466	1
G466	G434	1
G434	G124	1
G124	G434	1
G434	G522	1
G522	G434	1
G434	G220	1
G220	G434	1
G434	G604	1
G604	G434	1
G434	G296	1
G296	G434	1
G434	G983	1
G434	G551	1
G551	G434	1
G434	G47	1
G47	G434	1
G434	G304	1
G304	G434	1
G434	G143	1
G143	G434	1
G434	G579	1
G579	G434	1
G592	G575	1
G575	G592	1
G592	G589	1
G589	G592	1
G189	G225	1
G225	G189	1
G189	G394	1
G394	G189	1
G189	G241	1
G241	G189	1
G189	G486	1
G486	G189	1
G189	G738	1
G182	G338	1
G338	G182	1
G182	G239	1
G239	G182	1
G182	G366	1
G366	G182	1
G182	G147	1
G147	G182	1
G182	G437	1
G437	G182	1
G155	G495	1
G495	G155	1
G155	G403	1
G403	G155	1
G155	G10	1
G10	G155	1
G155	G654	1
G155	G540	1
G540	G155	1
G155	G366	1
G366	G155	1
G155	G486	1
G486	G155	1
G155	G200	1
G200	G155	1
G155	G550	1
G550	G155	1
G155	G369	1
G369	G155	1
G155	G497	1
G497	G155	1
G419	G162	1
G162	G419	1
G558	G486	1
G486	G558	1
G558	G575	1
G575	G558	1
G558	G1052	1
G558	G27	1
G27	G558	1
G558	G10	1
G10	G558	1
G558	G164	1
G164	G558	1
G558	G128	1
G128	G558	1
G558	G586	1
G586	G558	1
G558	G138	1
G138	G558	1
G558	G309	1
G309	G558	1
G558	G619	1
G619	G558	1
G558	G366	1
G366	G558	1
G558	G335	1
G335	G558	1
G225	G822	1
G461	G822	1
G396	G822	1
G453	G822	1
G611	G239	1
G239	G611	1
G123	G225	1
G225	G123	1
G123	G396	1
G396	G123	1
G123	G479	1
G479	G123	1
G123	G120	1
G120	G123	1
G123	G570	1
G570	G123	1
G170	G566	1
G566	G170	1
G170	G425	1
G425	G170	1
G170	G593	1
G593	G170	1
G504	G486	1
G486	G504	1
G47	G15	1
G15	G47	1
G47	G3	1
G3	G47	1
G47	G45	1
G45	G47	1
G47	G321	1
G321	G47	1
G47	G237	1
G237	G47	1
G47	G555	1
G555	G47	1
G47	G228	1
G228	G47	1
G47	G469	1
G469	G47	1
G47	G124	1
G124	G47	1
G47	G296	1
G296	G47	1
G47	G983	1
G47	G551	1
G551	G47	1
G47	G579	1
G579	G47	1
G268	G45	1
G45	G268	1
G268	G28	1
G28	G268	1
G268	G360	1
G360	G268	1
G268	G205	1
G205	G268	1
G268	G238	1
G238	G268	1
G268	G486	1
G486	G268	1
G587	G429	1
G429	G587	1
G587	G354	1
G354	G587	1
G587	G575	1
G575	G587	1
G587	G138	1
G138	G587	1
G587	G229	1
G229	G587	1
G587	G510	1
G510	G587	1
G587	G364	1
G364	G587	1
G587	G10	1
G10	G587	1
G587	G109	1
G109	G587	1
G587	G312	1
G312	G587	1
G587	G531	1
G531	G587	1
G587	G501	1
G501	G587	1
G587	G103	1
G103	G587	1
G587	G309	1
G309	G587	1
G587	G13	1
G13	G587	1
G587	G1	1
G1	G587	1
G439	G245	1
G245	G439	1
G169	G225	1
G225	G169	1
G169	G125	1
G125	G169	1
G169	G507	1
G507	G169	1
G589	G491	1
G491	G589	1
G589	G354	1
G354	G589	1
G589	G575	1
G575	G589	1
G589	G372	1
G372	G589	1
G589	G1052	1
G589	G251	1
G251	G589	1
G589	G584	1
G584	G589	1
G589	G586	1
G586	G589	1
G589	G138	1
G138	G589	1
G589	G68	1
G68	G589	1
G589	G366	1
G366	G589	1
G589	G229	1
G229	G589	1
G589	G412	1
G412	G589	1
G589	G402	1
G402	G589	1
G589	G551	1
G551	G589	1
G589	G10	1
G10	G589	1
G589	G164	1
G164	G589	1
G589	G280	1
G280	G589	1
G589	G203	1
G203	G589	1
G589	G746	1
G589	G99	1
G99	G589	1
G589	G1034	1
G589	G194	1
G194	G589	1
G589	G13	1
G13	G589	1
G589	G565	1
G565	G589	1
G589	G89	1
G89	G589	1
G602	G148	1
G148	G602	1
G602	G217	1
G217	G602	1
G602	G518	1
G518	G602	1
G602	G488	1
G488	G602	1
G602	G172	1
G172	G602	1
G602	G784	1
G602	G486	1
G486	G602	1
G602	G1093	1
G26	G540	1
G540	G26	1
G26	G461	1
G461	G26	1
G26	G377	1
G377	G26	1
G68	G1052	1
G68	G251	1
G251	G68	1
G68	G164	1
G164	G68	1
G68	G280	1
G280	G68	1
G68	G203	1
G203	G68	1
G68	G584	1
G584	G68	1
G68	G586	1
G586	G68	1
G68	G366	1
G366	G68	1
G68	G4	1
G4	G68	1
G68	G551	1
G551	G68	1
G610	G69	1
G69	G610	1
G610	G313	1
G313	G610	1
G610	G252	1
G252	G610	1
G610	G593	1
G593	G610	1
G610	G377	1
G377	G610	1
G510	G429	1
G429	G510	1
G510	G354	1
G354	G510	1
G510	G575	1
G575	G510	1
G510	G138	1
G138	G510	1
G510	G229	1
G229	G510	1
G510	G364	1
G364	G510	1
G510	G10	1
G10	G510	1
G510	G109	1
G109	G510	1
G510	G312	1
G312	G510	1
G510	G531	1
G531	G510	1
G510	G501	1
G501	G510	1
G510	G309	1
G309	G510	1
G92	G1	1
G1	G92	1
G201	G486	1
G486	G201	1
G201	G983	1
G201	G500	1
G500	G201	1
G201	G82	1
G82	G201	1
G218	G584	1
G584	G218	1
G218	G4	1
G4	G218	1
G570	G225	1
G225	G570	1
G570	G615	1
G615	G570	1
G570	G453	1
G453	G570	1
G570	G254	1
G254	G570	1
G570	G386	1
G386	G570	1
G570	G252	1
G252	G570	1
G570	G8	1
G8	G570	1
G570	G13	1
G13	G570	1
G591	G272	1
G272	G591	1
G116	G225	1
G225	G116	1
G116	G552	1
G552	G116	1
G116	G486	1
G486	G116	1
G116	G396	1
G396	G116	1
G116	G406	1
G406	G116	1
G116	G13	1
G13	G116	1
G572	G35	1
G35	G572	1
G572	G366	1
G366	G572	1
G572	G110	1
G110	G572	1
G572	G605	1
G605	G572	1
G572	G256	1
G256	G572	1
G572	G95	1
G95	G572	1
G572	G13	1
G13	G572	1
G572	G1	1
G1	G572	1
G582	G354	1
G354	G582	1
G582	G486	1
G486	G582	1
G461	G632	1
G477	G1043	1
G45	G287	1
G287	G45	1
G45	G410	1
G410	G45	1
G45	G28	1
G28	G45	1
G45	G279	1
G279	G45	1
G45	G360	1
G360	G45	1
G45	G367	1
G367	G45	1
G45	G205	1
G205	G45	1
G45	G238	1
G238	G45	1
G45	G486	1
G486	G45	1
G45	G235	1
G235	G45	1
G45	G474	1
G474	G45	1
G45	G551	1
G551	G45	1
G244	G575	1
G575	G244	1
G244	G1052	1
G244	G457	1
G457	G244	1
G244	G552	1
G552	G244	1
G244	G96	1
G96	G244	1
G244	G341	1
G341	G244	1
G244	G366	1
G366	G244	1
G244	G158	1
G158	G244	1
G244	G126	1
G126	G244	1
G244	G160	1
G160	G244	1
G244	G551	1
G551	G244	1
G244	G164	1
G164	G244	1
G244	G280	1
G280	G244	1
G244	G205	1
G205	G244	1
G244	G746	1
G244	G1034	1
G244	G1	1
G1	G244	1
G488	G28	1
G28	G488	1
G488	G217	1
G217	G488	1
G488	G518	1
G518	G488	1
G488	G172	1
G172	G488	1
G488	G784	1
G488	G366	1
G366	G488	1
G488	G486	1
G486	G488	1
G488	G474	1
G474	G488	1
G488	G422	1
G422	G488	1
G488	G62	1
G62	G488	1
G435	G135	1
G135	G435	1
G496	G962	1
G122	G962	1
G423	G962	1
G520	G962	1
G573	G406	1
G406	G573	1
G573	G346	1
G346	G573	1
G615	G1023	1
G556	G1023	1
G540	G236	1
G236	G540	1
G540	G495	1
G495	G540	1
G540	G141	1
G141	G540	1
G540	G44	1
G44	G540	1
G540	G127	1
G127	G540	1
G540	G366	1
G366	G540	1
G540	G486	1
G486	G540	1
G540	G415	1
G415	G540	1
G540	G531	1
G531	G540	1
G540	G550	1
G550	G540	1
G540	G184	1
G184	G540	1
G540	G267	1
G267	G540	1
G540	G406	1
G406	G540	1
G394	G225	1
G225	G394	1
G394	G616	1
G616	G394	1
G394	G552	1
G552	G394	1
G394	G486	1
G486	G394	1
G394	G183	1
G183	G394	1
G394	G738	1
G394	G421	1
G421	G394	1
G157	G366	1
G366	G157	1
G157	G486	1
G486	G157	1
G157	G1024	1
G157	G1055	1
G157	G183	1
G183	G157	1
G157	G500	1
G500	G157	1
G157	G161	1
G161	G157	1
G157	G644	1
G157	G522	1
G522	G157	1
G157	G421	1
G421	G157	1
G157	G103	1
G103	G157	1
G157	G0	1
G0	G157	1
G157	G593	1
G593	G157	1
G157	G13	1
G13	G157	1
G284	G1	1
G1	G284	1
G341	G575	1
G575	G341	1
G341	G1052	1
G341	G457	1
G457	G341	1
G341	G552	1
G552	G341	1
G341	G96	1
G96	G341	1
G341	G279	1
G279	G341	1
G341	G367	1
G367	G341	1
G341	G366	1
G366	G341	1
G341	G560	1
G560	G341	1
G341	G158	1
G158	G341	1
G341	G126	1
G126	G341	1
G341	G160	1
G160	G341	1
G341	G551	1
G551	G341	1
G341	G183	1
G183	G341	1
G341	G164	1
G164	G341	1
G341	G280	1
G280	G341	1
G341	G203	1
G203	G341	1
G341	G205	1
G205	G341	1
G341	G252	1
G252	G341	1
G341	G746	1
G341	G1034	1
G341	G89	1
G89	G341	1
G341	G1	1
G1	G341	1
G593	G898	1
G593	G239	1
G239	G593	1
G593	G566	1
G566	G593	1
G593	G847	1
G593	G486	1
G486	G593	1
G593	G396	1
G396	G593	1
G593	G1055	1
G593	G183	1
G183	G593	1
G593	G437	1
G437	G593	1
G593	G406	1
G406	G593	1
G593	G864	1
G593	G905	1
G593	G738	1
G593	G128	1
G128	G593	1
G593	G500	1
G500	G593	1
G593	G85	1
G85	G593	1
G593	G421	1
G421	G593	1
G593	G875	1
G593	G0	1
G0	G593	1
G593	G872	1
G593	G446	1
G446	G593	1
G429	G236	1
G236	G429	1
G429	G354	1
G354	G429	1
G429	G575	1
G575	G429	1
G429	G10	1
G10	G429	1
G429	G96	1
G96	G429	1
G429	G138	1
G138	G429	1
G429	G125	1
G125	G429	1
G429	G366	1
G366	G429	1
G429	G229	1
G229	G429	1
G429	G231	1
G231	G429	1
G429	G158	1
G158	G429	1
G429	G428	1
G428	G429	1
G429	G109	1
G109	G429	1
G429	G312	1
G312	G429	1
G429	G531	1
G531	G429	1
G429	G501	1
G501	G429	1
G429	G1055	1
G429	G364	1
G364	G429	1
G429	G309	1
G309	G429	1
G429	G377	1
G377	G429	1
G429	G1	1
G1	G429	1
G551	G15	1
G15	G551	1
G551	G273	1
G273	G551	1
G551	G3	1
G3	G551	1
G551	G410	1
G410	G551	1
G551	G575	1
G575	G551	1
G551	G1052	1
G551	G251	1
G251	G551	1
G551	G164	1
G164	G551	1
G551	G20	1
G20	G551	1
G551	G280	1
G280	G551	1
G551	G122	1
G122	G551	1
G551	G457	1
G457	G551	1
G551	G203	1
G203	G551	1
G551	G552	1
G552	G551	1
G551	G321	1
G321	G551	1
G551	G237	1
G237	G551	1
G551	G96	1
G96	G551	1
G551	G555	1
G555	G551	1
G551	G584	1
G584	G551	1
G551	G128	1
G128	G551	1
G551	G279	1
G279	G551	1
G551	G199	1
G199	G551	1
G551	G586	1
G586	G551	1
G551	G367	1
G367	G551	1
G551	G228	1
G228	G551	1
G551	G520	1
G520	G551	1
G551	G205	1
G205	G551	1
G551	G366	1
G366	G551	1
G551	G238	1
G238	G551	1
G551	G469	1
G469	G551	1
G551	G158	1
G158	G551	1
G551	G126	1
G126	G551	1
G551	G252	1
G252	G551	1
G551	G746	1
G551	G124	1
G124	G551	1
G551	G160	1
G160	G551	1
G551	G296	1
G296	G551	1
G551	G983	1
G551	G183	1
G183	G551	1
G551	G1034	1
G551	G579	1
G579	G551	1
G551	G89	1
G89	G551	1
G551	G1	1
G1	G551	1
G194	G575	1
G575	G194	1
G194	G1052	1
G194	G939	1
G194	G831	1
G194	G164	1
G164	G194	1
G194	G863	1
G615	G652	1
G556	G652	1
G225	G738	1
G241	G738	1
G615	G738	1
G556	G738	1
G183	G738	1
G421	G738	1
G256	G35	1
G35	G256	1
G256	G366	1
G366	G256	1
G256	G110	1
G110	G256	1
G256	G605	1
G605	G256	1
G256	G95	1
G95	G256	1
G256	G1	1
G1	G256	1
G188	G1042	1
G200	G1042	1
G254	G615	1
G615	G254	1
G254	G406	1
G406	G254	1
G482	G868	1
G482	G896	1
G482	G239	1
G239	G482	1
G482	G281	1
G281	G482	1
G482	G522	1
G522	G482	1
G482	G437	1
G437	G482	1
G500	G239	1
G239	G500	1
G500	G451	1
G451	G500	1
G500	G379	1
G379	G500	1
G500	G486	1
G486	G500	1
G500	G1024	1
G500	G406	1
G406	G500	1
G500	G505	1
G505	G500	1
G500	G522	1
G522	G500	1
G500	G421	1
G421	G500	1
G500	G531	1
G531	G500	1
G500	G103	1
G103	G500	1
G500	G0	1
G0	G500	1
G500	G13	1
G13	G500	1
G199	G280	1
G280	G199	1
G199	G89	1
G89	G199	1
G225	G875	1
G583	G875	1
G615	G875	1
G459	G950	1
G579	G950	1
G605	G491	1
G491	G605	1
G605	G508	1
G508	G605	1
G605	G161	1
G161	G605	1
G605	G340	1
G340	G605	1
G605	G402	1
G402	G605	1
G605	G452	1
G452	G605	1
G479	G236	1
G236	G479	1
G479	G1052	1
G479	G654	1
G479	G366	1
G366	G479	1
G479	G369	1
G369	G479	1
G479	G386	1
G386	G479	1
G479	G164	1
G164	G479	1
G479	G562	1
G562	G479	1
G479	G205	1
G205	G479	1
G556	G932	1
G556	G1052	1
G556	G10	1
G10	G556	1
G556	G164	1
G164	G556	1
G556	G657	1
G556	G205	1
G205	G556	1
G556	G440	1
G440	G556	1
G556	G615	1
G615	G556	1
G556	G24	1
G24	G556	1
G556	G857	1
G556	G421	1
G421	G556	1
G556	G184	1
G184	G556	1
G556	G369	1
G369	G556	1
G556	G915	1
G556	G267	1
G267	G556	1
G455	G225	1
G225	G455	1
G455	G272	1
G272	G455	1
G455	G252	1
G252	G455	1
G455	G615	1
G615	G455	1
G459	G724	1
G55	G724	1
G327	G464	1
G464	G327	1
G327	G562	1
G562	G327	1
G491	G939	1
G491	G863	1
G491	G1097	1
G491	G340	1
G340	G491	1
G491	G402	1
G402	G491	1
G491	G452	1
G452	G491	1
G491	G508	1
G508	G491	1
G491	G161	1
G161	G491	1
G491	G787	1
G550	G495	1
G495	G550	1
G550	G200	1
G200	G550	1
G550	G366	1
G366	G550	1
G520	G402	1
G402	G520	1
G520	G122	1
G122	G520	1
G520	G279	1
G279	G520	1
G520	G145	1
G145	G520	1
G520	G161	1
G161	G520	1
G520	G366	1
G366	G520	1
G150	G440	1
G440	G150	1
G150	G183	1
G183	G150	1
G362	G688	1
G362	G1	1
G1	G362	1
G138	G354	1
G354	G138	1
G138	G575	1
G575	G138	1
G138	G372	1
G372	G138	1
G138	G1052	1
G138	G552	1
G552	G138	1
G138	G586	1
G586	G138	1
G138	G366	1
G366	G138	1
G138	G229	1
G229	G138	1
G138	G486	1
G486	G138	1
G138	G364	1
G364	G138	1
G138	G619	1
G619	G138	1
G138	G10	1
G10	G138	1
G138	G164	1
G164	G138	1
G138	G128	1
G128	G138	1
G138	G27	1
G27	G138	1
G138	G109	1
G109	G138	1
G138	G312	1
G312	G138	1
G138	G531	1
G531	G138	1
G138	G501	1
G501	G138	1
G138	G309	1
G309	G138	1
G138	G335	1
G335	G138	1
G138	G13	1
G13	G138	1
G138	G565	1
G565	G138	1
G138	G1	1
G1	G138	1
G141	G184	1
G184	G141	1
G141	G408	1
G408	G141	1
G141	G267	1
G267	G141	1
G332	G486	1
G486	G332	1
G332	G252	1
G252	G332	1
G251	G1052	1
G251	G584	1
G584	G251	1
G251	G586	1
G586	G251	1
G251	G366	1
G366	G251	1
G251	G4	1
G4	G251	1
G251	G164	1
G164	G251	1
G251	G280	1
G280	G251	1
G251	G203	1
G203	G251	1
G251	G128	1
G128	G251	1
G251	G89	1
G89	G251	1
G340	G939	1
G340	G863	1
G340	G1097	1
G340	G402	1
G402	G340	1
G340	G508	1
G508	G340	1
G340	G787	1
G148	G784	1
G217	G784	1
G518	G784	1
G172	G784	1
G486	G784	1
G527	G496	1
G496	G527	1
G527	G1097	1
G527	G566	1
G566	G527	1
G527	G415	1
G415	G527	1
G527	G121	1
G121	G527	1
G527	G32	1
G32	G527	1
G527	G260	1
G260	G527	1
G527	G44	1
G44	G527	1
G60	G354	1
G354	G60	1
G60	G10	1
G10	G60	1
G616	G354	1
G354	G616	1
G616	G1093	1
G616	G10	1
G10	G616	1
G616	G263	1
G263	G616	1
G452	G762	1
G452	G939	1
G452	G863	1
G452	G1097	1
G452	G508	1
G508	G452	1
G386	G847	1
G459	G847	1
G505	G225	1
G225	G505	1
G505	G125	1
G125	G505	1
G243	G733	1
G95	G236	1
G236	G95	1
G95	G35	1
G35	G95	1
G95	G110	1
G110	G95	1
G21	G252	1
G252	G21	1
G220	G237	1
G237	G220	1
G220	G604	1
G604	G220	1
G148	G939	1
G148	G863	1
G148	G217	1
G217	G148	1
G148	G518	1
G518	G148	1
G148	G486	1
G486	G148	1
G466	G124	1
G124	G466	1
G466	G237	1
G237	G466	1
G466	G555	1
G555	G466	1
G366	G236	1
G236	G366	1
G366	G495	1
G495	G366	1
G366	G575	1
G575	G366	1
G366	G1052	1
G366	G197	1
G197	G366	1
G366	G457	1
G457	G366	1
G366	G552	1
G552	G366	1
G366	G239	1
G239	G366	1
G366	G96	1
G96	G366	1
G366	G584	1
G584	G366	1
G366	G279	1
G279	G366	1
G366	G586	1
G586	G366	1
G366	G158	1
G158	G366	1
G366	G126	1
G126	G366	1
G366	G486	1
G486	G366	1
G366	G200	1
G200	G366	1
G366	G160	1
G160	G366	1
G366	G222	1
G222	G366	1
G366	G322	1
G322	G366	1
G366	G86	1
G86	G366	1
G366	G1055	1
G366	G1093	1
G366	G183	1
G183	G366	1
G366	G422	1
G422	G366	1
G366	G405	1
G405	G366	1
G366	G267	1
G267	G366	1
G366	G437	1
G437	G366	1
G366	G406	1
G406	G366	1
G366	G233	1
G233	G366	1
G366	G386	1
G386	G366	1
G366	G574	1
G574	G366	1
G366	G338	1
G338	G366	1
G366	G10	1
G10	G366	1
G366	G164	1
G164	G366	1
G366	G280	1
G280	G366	1
G366	G203	1
G203	G366	1
G366	G205	1
G205	G366	1
G366	G110	1
G110	G366	1
G366	G144	1
G144	G366	1
G366	G252	1
G252	G366	1
G366	G746	1
G366	G24	1
G24	G366	1
G366	G27	1
G27	G366	1
G366	G421	1
G421	G366	1
G366	G531	1
G531	G366	1
G366	G184	1
G184	G366	1
G366	G177	1
G177	G366	1
G366	G423	1
G423	G366	1
G366	G1034	1
G366	G335	1
G335	G366	1
G366	G13	1
G13	G366	1
G366	G1	1
G1	G366	1
G386	G225	1
G225	G386	1
G386	G552	1
G552	G386	1
G386	G615	1
G615	G386	1
G386	G396	1
G396	G386	1
G386	G322	1
G322	G386	1
G386	G507	1
G507	G386	1
G386	G497	1
G497	G386	1
G386	G120	1
G120	G386	1
G386	G233	1
G233	G386	1
G386	G536	1
G536	G386	1
G386	G445	1
G445	G386	1
G386	G252	1
G252	G386	1
G386	G421	1
G421	G386	1
G39	G145	1
G145	G39	1
G300	G354	1
G354	G300	1
G145	G1052	1
G145	G164	1
G164	G145	1
G145	G161	1
G161	G145	1
G145	G486	1
G486	G145	1
G145	G787	1
G145	G402	1
G402	G145	1
G145	G13	1
G13	G145	1
G552	G939	1
G486	G939	1
G508	G939	1
G619	G575	1
G575	G619	1
G619	G1052	1
G619	G10	1
G10	G619	1
G619	G164	1
G164	G619	1
G619	G128	1
G128	G619	1
G619	G586	1
G586	G619	1
G619	G309	1
G309	G619	1
G1	G354	1
G354	G1	1
G1	G575	1
G575	G1	1
G1	G391	1
G391	G1	1
G1	G1052	1
G1	G552	1
G552	G1	1
G1	G96	1
G96	G1	1
G1	G125	1
G125	G1	1
G1	G229	1
G229	G1	1
G1	G379	1
G379	G1	1
G1	G158	1
G158	G1	1
G1	G126	1
G126	G1	1
G1	G486	1
G486	G1	1
G1	G428	1
G428	G1	1
G1	G160	1
G160	G1	1
G1	G364	1
G364	G1	1
G1	G183	1
G183	G1	1
G1	G574	1
G574	G1	1
G1	G10	1
G10	G1	1
G1	G164	1
G164	G1	1
G1	G411	1
G411	G1	1
G1	G280	1
G280	G1	1
G1	G35	1
G35	G1	1
G1	G205	1
G205	G1	1
G1	G110	1
G110	G1	1
G1	G144	1
G144	G1	1
G1	G541	1
G541	G1	1
G1	G252	1
G252	G1	1
G1	G746	1
G1	G109	1
G109	G1	1
G1	G421	1
G421	G1	1
G1	G531	1
G531	G1	1
G1	G1034	1
G1	G13	1
G13	G1	1
G615	G857	1
G377	G86	1
G86	G377	1
G110	G114	1
G114	G110	1
G110	G35	1
G35	G110	1
G85	G486	1
G486	G85	1
G85	G183	1
G183	G85	1
G85	G406	1
G406	G85	1
G85	G82	1
G82	G85	1
G241	G486	1
G486	G241	1
G241	G421	1
G421	G241	1
G96	G575	1
G575	G96	1
G96	G1052	1
G96	G457	1
G457	G96	1
G96	G552	1
G552	G96	1
G96	G158	1
G158	G96	1
G96	G126	1
G126	G96	1
G96	G160	1
G160	G96	1
G96	G164	1
G164	G96	1
G96	G280	1
G280	G96	1
G96	G205	1
G205	G96	1
G96	G252	1
G252	G96	1
G96	G746	1
G96	G1034	1
G96	G335	1
G335	G96	1
G205	G575	1
G575	G205	1
G205	G1052	1
G205	G10	1
G10	G205	1
G205	G164	1
G164	G205	1
G205	G280	1
G280	G205	1
G205	G28	1
G28	G205	1
G205	G457	1
G457	G205	1
G205	G552	1
G552	G205	1
G205	G360	1
G360	G205	1
G205	G238	1
G238	G205	1
G205	G560	1
G560	G205	1
G205	G158	1
G158	G205	1
G205	G126	1
G126	G205	1
G205	G252	1
G252	G205	1
G205	G746	1
G205	G24	1
G24	G205	1
G205	G160	1
G160	G205	1
G205	G184	1
G184	G205	1
G205	G369	1
G369	G205	1
G205	G183	1
G183	G205	1
G205	G1034	1
G205	G267	1
G267	G205	1
G401	G744	1
G615	G744	1
G486	G863	1
G406	G863	1
G164	G863	1
G508	G863	1
G161	G863	1
G346	G863	1
G4	G203	1
G203	G4	1
G4	G584	1
G584	G4	1
G4	G89	1
G89	G4	1
G24	G10	1
G10	G24	1
G24	G562	1
G562	G24	1
G24	G184	1
G184	G24	1
G24	G369	1
G369	G24	1
G24	G474	1
G474	G24	1
G24	G177	1
G177	G24	1
G24	G8	1
G8	G24	1
G24	G267	1
G267	G24	1
G172	G225	1
G225	G172	1
G172	G217	1
G217	G172	1
G172	G518	1
G518	G172	1
G172	G486	1
G486	G172	1
G172	G421	1
G421	G172	1
G103	G486	1
G486	G103	1
G354	G746	1
G575	G746	1
G10	G746	1
G164	G746	1
G280	G746	1
G518	G746	1
G457	G746	1
G552	G746	1
G158	G746	1
G126	G746	1
G252	G746	1
G160	G746	1
G183	G746	1
G478	G274	1
G274	G478	1
G478	G575	1
G575	G478	1
G478	G1052	1
G478	G164	1
G164	G478	1
G478	G552	1
G552	G478	1
G478	G688	1
G478	G126	1
G126	G478	1
G478	G507	1
G507	G478	1
G309	G354	1
G354	G309	1
G309	G575	1
G575	G309	1
G309	G1052	1
G309	G10	1
G10	G309	1
G309	G164	1
G164	G309	1
G309	G128	1
G128	G309	1
G309	G229	1
G229	G309	1
G309	G109	1
G109	G309	1
G309	G312	1
G312	G309	1
G309	G531	1
G531	G309	1
G309	G501	1
G501	G309	1
G309	G364	1
G364	G309	1
G615	G898	1
G615	G225	1
G225	G615	1
G615	G657	1
G615	G915	1
G615	G453	1
G453	G615	1
G615	G932	1
G615	G864	1
G615	G281	1
G281	G615	1
G615	G252	1
G252	G615	1
G615	G421	1
G421	G615	1
G354	G1034	1
G575	G1034	1
G10	G1034	1
G164	G1034	1
G280	G1034	1
G457	G1034	1
G552	G1034	1
G158	G1034	1
G126	G1034	1
G252	G1034	1
G160	G1034	1
G183	G1034	1
G130	G279	1
G279	G130	1
G360	G575	1
G575	G360	1
G360	G1052	1
G360	G164	1
G164	G360	1
G360	G28	1
G28	G360	1
G360	G552	1
G552	G360	1
G360	G1097	1
G360	G258	1
G258	G360	1
G360	G333	1
G333	G360	1
G360	G102	1
G102	G360	1
G360	G230	1
G230	G360	1
G360	G238	1
G238	G360	1
G360	G126	1
G126	G360	1
G360	G430	1
G430	G360	1
G360	G369	1
G369	G360	1
G360	G91	1
G91	G360	1
G360	G0	1
G0	G360	1
G360	G507	1
G507	G360	1
G360	G261	1
G261	G360	1
G360	G316	1
G316	G360	1
G546	G237	1
G237	G546	1
G89	G584	1
G584	G89	1
G89	G280	1
G280	G89	1
G89	G203	1
G203	G89	1
G228	G15	1
G15	G228	1
G228	G3	1
G3	G228	1
G228	G321	1
G321	G228	1
G228	G469	1
G469	G228	1
G228	G486	1
G486	G228	1
G228	G124	1
G124	G228	1
G228	G357	1
G357	G228	1
G228	G296	1
G296	G228	1
G228	G983	1
G228	G237	1
G237	G228	1
G228	G555	1
G555	G228	1
G228	G579	1
G579	G228	1
G120	G225	1
G225	G120	1
G120	G347	1
G347	G120	1
G369	G654	1
G369	G91	1
G91	G369	1
G369	G267	1
G267	G369	1
G369	G10	1
G10	G369	1
G369	G230	1
G230	G369	1
G369	G184	1
G184	G369	1
G200	G495	1
G495	G200	1
G114	G1055	1
G55	G552	1
G552	G55	1
G55	G486	1
G486	G55	1
G55	G263	1
G263	G55	1
G55	G626	1
G55	G531	1
G531	G55	1
G55	G13	1
G13	G55	1
G258	G430	1
G430	G258	1
G263	G354	1
G354	G263	1
G263	G1052	1
G263	G10	1
G10	G263	1
G263	G164	1
G164	G263	1
G18	G985	1
G518	G217	1
G217	G518	1
G518	G688	1
G518	G486	1
G486	G518	1
G518	G1093	1
G272	G225	1
G225	G272	1
G272	G1052	1
G272	G164	1
G164	G272	1
G272	G161	1
G161	G272	1
G272	G252	1
G252	G272	1
G272	G382	1
G382	G272	1
G28	G688	1
G402	G688	1
G373	G688	1
G27	G688	1
G459	G869	1
G574	G158	1
G158	G574	1
G574	G144	1
G144	G574	1
G451	G236	1
G236	G451	1
G451	G385	1
G385	G451	1
G40	G457	1
G457	G40	1
G274	G575	1
G575	G274	1
G274	G1052	1
G274	G164	1
G164	G274	1
G274	G552	1
G552	G274	1
G274	G333	1
G333	G274	1
G274	G126	1
G126	G274	1
G274	G507	1
G507	G274	1
G552	G575	1
G575	G552	1
G552	G1052	1
G552	G333	1
G333	G552	1
G552	G102	1
G102	G552	1
G552	G158	1
G158	G552	1
G552	G126	1
G126	G552	1
G552	G486	1
G486	G552	1
G552	G430	1
G430	G552	1
G552	G160	1
G160	G552	1
G552	G507	1
G507	G552	1
G552	G261	1
G261	G552	1
G552	G316	1
G316	G552	1
G552	G406	1
G406	G552	1
G552	G10	1
G10	G552	1
G552	G164	1
G164	G552	1
G552	G280	1
G280	G552	1
G552	G894	1
G552	G161	1
G161	G552	1
G552	G230	1
G230	G552	1
G552	G252	1
G252	G552	1
G552	G13	1
G13	G552	1
G271	G225	1
G225	G271	1
G271	G125	1
G125	G271	1
G271	G1089	1
G271	G583	1
G583	G271	1
G364	G354	1
G354	G364	1
G364	G575	1
G575	G364	1
G364	G1052	1
G364	G229	1
G229	G364	1
G364	G10	1
G10	G364	1
G364	G164	1
G164	G364	1
G364	G109	1
G109	G364	1
G364	G312	1
G312	G364	1
G364	G531	1
G531	G364	1
G364	G501	1
G501	G364	1
G276	G423	1
G423	G276	1
G335	G575	1
G575	G335	1
G335	G174	1
G174	G335	1
G335	G486	1
G486	G335	1
G335	G10	1
G10	G335	1
G335	G27	1
G27	G335	1
G335	G109	1
G109	G335	1
G44	G496	1
G496	G44	1
G44	G1097	1
G44	G415	1
G415	G44	1
G44	G121	1
G121	G44	1
G44	G32	1
G32	G44	1
G44	G260	1
G260	G44	1
G44	G421	1
G421	G44	1
G421	G632	1
G446	G0	1
G0	G446	1
G267	G236	1
G236	G267	1
G267	G1052	1
G267	G10	1
G10	G267	1
G267	G164	1
G164	G267	1
G267	G654	1
G267	G127	1
G127	G267	1
G267	G347	1
G347	G267	1
G267	G184	1
G184	G267	1
G267	G474	1
G474	G267	1
G280	G575	1
G575	G280	1
G280	G1052	1
G280	G457	1
G457	G280	1
G280	G584	1
G584	G280	1
G280	G586	1
G586	G280	1
G280	G158	1
G158	G280	1
G280	G126	1
G126	G280	1
G280	G160	1
G160	G280	1
G280	G183	1
G183	G280	1
G280	G164	1
G164	G280	1
G280	G203	1
G203	G280	1
G280	G128	1
G128	G280	1
G280	G252	1
G252	G280	1
G69	G225	1
G225	G69	1
G575	G1093	1
G28	G1093	1
G217	G1093	1
G229	G1093	1
G126	G1093	1
G402	G1093	1
G373	G1093	1
G10	G1093	1
G164	G1093	1
G27	G1093	1
G531	G1093	1
G13	G1093	1
G193	G872	1
G144	G158	1
G158	G144	1
G158	G236	1
G236	G158	1
G158	G522	1
G522	G158	1
G158	G160	1
G160	G158	1
G158	G575	1
G575	G158	1
G158	G1052	1
G158	G164	1
G164	G158	1
G158	G197	1
G197	G158	1
G158	G183	1
G183	G158	1
G158	G457	1
G457	G158	1
G158	G125	1
G125	G158	1
G158	G126	1
G126	G158	1
G158	G252	1
G252	G158	1
G411	G354	1
G354	G411	1
G411	G1052	1
G411	G229	1
G229	G411	1
G411	G160	1
G160	G411	1
G411	G10	1
G10	G411	1
G411	G164	1
G164	G411	1
G411	G531	1
G531	G411	1
G496	G1097	1
G415	G1097	1
G121	G1097	1
G261	G1097	1
G32	G1097	1
G260	G1097	1
G508	G1097	1
G230	G1097	1
G109	G354	1
G354	G109	1
G109	G575	1
G575	G109	1
G109	G229	1
G229	G109	1
G109	G10	1
G10	G109	1
G109	G312	1
G312	G109	1
G109	G531	1
G531	G109	1
G109	G501	1
G501	G109	1
G109	G13	1
G13	G109	1
G99	G412	1
G412	G99	1
G99	G422	1
G422	G99	1
G99	G406	1
G406	G99	1
G99	G10	1
G10	G99	1
G99	G920	1
G0	G1052	1
G0	G102	1
G102	G0	1
G0	G486	1
G486	G0	1
G0	G222	1
G222	G0	1
G0	G322	1
G322	G0	1
G0	G91	1
G91	G0	1
G0	G183	1
G183	G0	1
G0	G437	1
G437	G0	1
G0	G233	1
G233	G0	1
G0	G864	1
G0	G164	1
G164	G0	1
G0	G18	1
G18	G0	1
G0	G230	1
G230	G0	1
G0	G522	1
G522	G0	1
G0	G177	1
G177	G0	1
G239	G868	1
G94	G1043	1
G252	G225	1
G225	G252	1
G252	G575	1
G575	G252	1
G252	G1052	1
G252	G213	1
G213	G252	1
G252	G457	1
G457	G252	1
G252	G126	1
G126	G252	1
G252	G396	1
G396	G252	1
G252	G160	1
G160	G252	1
G252	G164	1
G164	G252	1
G565	G575	1
G575	G565	1
G565	G372	1
G372	G565	1
G565	G229	1
G229	G565	1
G565	G10	1
G10	G565	1
G565	G13	1
G13	G565	1
G304	G237	1
G237	G304	1
G304	G604	1
G604	G304	1
G164	G1004	1
G164	G826	1
G217	G1067	1
G217	G943	1
G217	G719	1
G402	G1067	1
G402	G943	1
G402	G719	1
G164	G1067	1
G164	G943	1
G164	G719	1
G415	G496	1
G496	G415	1
G415	G121	1
G121	G415	1
G415	G32	1
G32	G415	1
G415	G260	1
G260	G415	1
G415	G541	1
G541	G415	1
G415	G421	1
G421	G415	1
G406	G225	1
G225	G406	1
G406	G412	1
G412	G406	1
G406	G486	1
G486	G406	1
G406	G396	1
G396	G406	1
G406	G1005	1
G406	G183	1
G183	G406	1
G406	G422	1
G422	G406	1
G406	G864	1
G406	G10	1
G10	G406	1
G406	G522	1
G522	G406	1
G406	G531	1
G531	G406	1
G406	G346	1
G346	G406	1
G236	G1055	1
G379	G1055	1
G486	G1055	1
G522	G1055	1
G440	G522	1
G522	G440	1
G440	G183	1
G183	G440	1
G440	G437	1
G437	G440	1
G583	G1089	1
G586	G575	1
G575	G586	1
G586	G1052	1
G586	G10	1
G10	G586	1
G586	G164	1
G164	G586	1
G586	G203	1
G203	G586	1
G586	G584	1
G584	G586	1
G586	G128	1
G128	G586	1
G586	G13	1
G13	G586	1
G379	G1024	1
G379	G183	1
G183	G379	1
G531	G354	1
G354	G531	1
G531	G575	1
G575	G531	1
G531	G391	1
G391	G531	1
G531	G229	1
G229	G531	1
G531	G322	1
G322	G531	1
G531	G233	1
G233	G531	1
G531	G10	1
G10	G531	1
G531	G161	1
G161	G531	1
G531	G312	1
G312	G531	1
G531	G501	1
G501	G531	1
G531	G13	1
G13	G531	1
G143	G555	1
G555	G143	1
G15	G983	1
G3	G983	1
G321	G983	1
G469	G983	1
G124	G983	1
G296	G983	1
G237	G983	1
G555	G983	1
G579	G983	1
G354	G894	1
G316	G894	1
G428	G345	1
G345	G428	1
G428	G486	1
G486	G428	1
G428	G86	1
G86	G428	1
G428	G312	1
G312	G428	1
G225	G125	1
G125	G225	1
G225	G347	1
G347	G225	1
G225	G486	1
G486	G225	1
G225	G396	1
G396	G225	1
G225	G453	1
G453	G225	1
G225	G10	1
G10	G225	1
G225	G1063	1
G225	G583	1
G583	G225	1
G225	G577	1
G577	G225	1
G225	G281	1
G281	G225	1
G235	G367	1
G367	G235	1
G235	G238	1
G238	G235	1
G164	G236	1
G236	G164	1
G164	G354	1
G354	G164	1
G164	G575	1
G575	G164	1
G164	G1052	1
G164	G10	1
G10	G164	1
G164	G457	1
G457	G164	1
G164	G203	1
G203	G164	1
G164	G584	1
G584	G164	1
G164	G128	1
G128	G164	1
G164	G102	1
G102	G164	1
G164	G161	1
G161	G164	1
G164	G230	1
G230	G164	1
G164	G126	1
G126	G164	1
G164	G787	1
G164	G402	1
G402	G164	1
G164	G522	1
G522	G164	1
G164	G160	1
G160	G164	1
G164	G184	1
G184	G164	1
G164	G91	1
G91	G164	1
G164	G183	1
G183	G164	1
G164	G507	1
G507	G164	1
G164	G437	1
G437	G164	1
G164	G433	1
G433	G164	1
G164	G13	1
G13	G164	1
G239	G896	1
G522	G896	1
G433	G722	1
G474	G410	1
G410	G474	1
G474	G28	1
G28	G474	1
G474	G628	1
G474	G62	1
G62	G474	1
G474	G287	1
G287	G474	1
G474	G10	1
G10	G474	1
G474	G161	1
G161	G474	1
G474	G184	1
G184	G474	1
G430	G261	1
G261	G430	1
G430	G102	1
G102	G430	1
G430	G230	1
G230	G430	1
G405	G236	1
G236	G405	1
G238	G410	1
G410	G238	1
G238	G28	1
G28	G238	1
G238	G279	1
G279	G238	1
G238	G367	1
G367	G238	1
G238	G486	1
G486	G238	1
G238	G287	1
G287	G238	1
G346	G486	1
G486	G346	1
G346	G10	1
G10	G346	1
G203	G1052	1
G203	G584	1
G584	G203	1
G203	G128	1
G128	G203	1
G10	G236	1
G236	G10	1
G10	G354	1
G354	G10	1
G10	G575	1
G575	G10	1
G10	G372	1
G372	G10	1
G10	G1052	1
G10	G654	1
G10	G229	1
G229	G10	1
G10	G126	1
G126	G10	1
G10	G486	1
G486	G10	1
G10	G165	1
G165	G10	1
G10	G183	1
G183	G10	1
G10	G437	1
G437	G10	1
G10	G1063	1
G10	G128	1
G128	G10	1
G10	G27	1
G27	G10	1
G10	G425	1
G425	G10	1
G10	G312	1
G312	G10	1
G10	G421	1
G421	G10	1
G10	G184	1
G184	G10	1
G10	G501	1
G501	G10	1
G10	G13	1
G13	G10	1
G575	G354	1
G354	G575	1
G575	G372	1
G372	G575	1
G575	G1052	1
G575	G333	1
G333	G575	1
G575	G102	1
G102	G575	1
G575	G229	1
G229	G575	1
G575	G126	1
G126	G575	1
G575	G486	1
G486	G575	1
G575	G160	1
G160	G575	1
G575	G507	1
G507	G575	1
G575	G261	1
G261	G575	1
G575	G316	1
G316	G575	1
G575	G128	1
G128	G575	1
G575	G230	1
G230	G575	1
G575	G27	1
G27	G575	1
G575	G312	1
G312	G575	1
G575	G501	1
G501	G575	1
G575	G13	1
G13	G575	1
G154	G496	1
G496	G154	1
G154	G349	1
G349	G154	1
G469	G15	1
G15	G469	1
G469	G3	1
G3	G469	1
G469	G321	1
G321	G469	1
G469	G124	1
G124	G469	1
G469	G296	1
G296	G469	1
G469	G237	1
G237	G469	1
G469	G555	1
G555	G469	1
G469	G579	1
G579	G469	1
G338	G239	1
G239	G338	1
G338	G437	1
G437	G338	1
G347	G236	1
G236	G347	1
G347	G486	1
G486	G347	1
G347	G184	1
G184	G347	1
G236	G1052	1
G236	G345	1
G345	G236	1
G236	G222	1
G222	G236	1
G236	G183	1
G183	G236	1
G236	G437	1
G437	G236	1
G236	G562	1
G562	G236	1
G416	G486	1
G486	G416	1
G416	G261	1
G261	G416	1
G412	G422	1
G422	G412	1
G198	G173	1
G173	G198	1
G198	G561	1
G561	G198	1
G198	G334	1
G334	G198	1
G198	G417	1
G417	G198	1
G13	G372	1
G372	G13	1
G13	G391	1
G391	G13	1
G13	G1052	1
G13	G333	1
G333	G13	1
G13	G229	1
G229	G13	1
G13	G486	1
G486	G13	1
G13	G183	1
G183	G13	1
G13	G161	1
G161	G13	1
G13	G522	1
G522	G13	1
G281	G292	1
G292	G281	1
G501	G354	1
G354	G501	1
G501	G229	1
G229	G501	1
G501	G312	1
G312	G501	1
G486	G1005	1
G579	G15	1
G15	G579	1
G579	G3	1
G3	G579	1
G579	G321	1
G321	G579	1
G579	G237	1
G237	G579	1
G579	G555	1
G555	G579	1
G579	G124	1
G124	G579	1
G579	G296	1
G296	G579	1
G91	G1052	1
G91	G102	1
G102	G91	1
G91	G230	1
G230	G91	1
G183	G1052	1
G183	G239	1
G239	G183	1
G183	G443	1
G443	G183	1
G183	G486	1
G486	G183	1
G183	G160	1
G160	G183	1
G183	G437	1
G437	G183	1
G183	G864	1
G183	G522	1
G522	G183	1
G229	G354	1
G354	G229	1
G229	G372	1
G372	G229	1
G229	G322	1
G322	G229	1
G229	G233	1
G233	G229	1
G229	G312	1
G312	G229	1
G126	G1052	1
G126	G333	1
G333	G126	1
G126	G102	1
G102	G126	1
G126	G230	1
G230	G126	1
G126	G160	1
G160	G126	1
G126	G507	1
G507	G126	1
G126	G261	1
G261	G126	1
G126	G316	1
G316	G126	1
G333	G102	1
G102	G333	1
G333	G507	1
G507	G333	1
G333	G261	1
G261	G333	1
G333	G316	1
G316	G333	1
G333	G230	1
G230	G333	1
G333	G385	1
G385	G333	1
G86	G707	1
G86	G135	1
G135	G86	1
G396	G125	1
G125	G396	1
G396	G486	1
G486	G396	1
G396	G583	1
G583	G396	1
G396	G177	1
G177	G396	1
G533	G496	1
G496	G533	1
G28	G62	1
G62	G28	1
G391	G657	1
G486	G354	1
G354	G486	1
G486	G410	1
G410	G486	1
G486	G174	1
G174	G486	1
G486	G197	1
G197	G486	1
G486	G217	1
G217	G486	1
G486	G367	1
G367	G486	1
G486	G402	1
G402	G486	1
G486	G422	1
G422	G486	1
G486	G433	1
G433	G486	1
G486	G932	1
G486	G864	1
G486	G161	1
G161	G486	1
G486	G541	1
G541	G486	1
G486	G135	1
G135	G486	1
G486	G522	1
G522	G486	1
G486	G27	1
G27	G486	1
G486	G425	1
G425	G486	1
G486	G421	1
G421	G486	1
G532	G437	1
G437	G532	1
G173	G561	1
G561	G173	1
G173	G334	1
G334	G173	1
G173	G417	1
G417	G173	1
G465	G321	1
G321	G465	1
G445	G522	1
G522	G445	1
G445	G322	1
G322	G445	1
G445	G497	1
G497	G445	1
G445	G233	1
G233	G445	1
G239	G522	1
G522	G239	1
G239	G312	1
G312	G239	1
G239	G437	1
G437	G239	1
G261	G102	1
G102	G261	1
G261	G230	1
G230	G261	1
G261	G316	1
G316	G261	1
G102	G1052	1
G102	G230	1
G230	G102	1
G102	G316	1
G316	G102	1
G385	G219	1
G219	G385	1
G160	G354	1
G354	G160	1
G160	G1052	1
G160	G457	1
G457	G160	1
G316	G230	1
G230	G316	1
G3	G15	1
G15	G3	1
G3	G321	1
G321	G3	1
G3	G124	1
G124	G3	1
G3	G296	1
G296	G3	1
G3	G237	1
G237	G3	1
G3	G555	1
G555	G3	1
G125	G453	1
G453	G125	1
G125	G583	1
G583	G125	1
G354	G1052	1
G457	G1052	1
G584	G1052	1
G128	G1052	1
G161	G1052	1
G230	G1052	1
G402	G1052	1
G522	G1052	1
G184	G1052	1
G507	G1052	1
G437	G1052	1
G433	G1052	1
G122	G496	1
G496	G122	1
G402	G161	1
G161	G402	1
G402	G787	1
G184	G654	1
G184	G127	1
G127	G184	1
G184	G562	1
G562	G184	1
G184	G177	1
G177	G184	1
G259	G312	1
G312	G259	1
G343	G443	1
G443	G343	1
G522	G174	1
G174	G522	1
G522	G497	1
G497	G522	1
G522	G437	1
G437	G522	1
G522	G433	1
G433	G522	1
G522	G864	1
G522	G18	1
G18	G522	1
G522	G161	1
G161	G522	1
G522	G421	1
G421	G522	1
G437	G161	1
G161	G437	1
G508	G787	1
G161	G787	1
G408	G624	1
G27	G628	1
G15	G1021	1
G237	G1021	1
G312	G354	1
G354	G312	1
G583	G647	1
G555	G15	1
G15	G555	1
G555	G321	1
G321	G555	1
G555	G237	1
G237	G555	1
G555	G124	1
G124	G555	1
G555	G296	1
G296	G555	1
G127	G408	1
G408	G127	1
G177	G222	1
G222	G177	1
G177	G322	1
G322	G177	1
G177	G233	1
G233	G177	1
G177	G562	1
G562	G177	1
G124	G15	1
G15	G124	1
G124	G296	1
G296	G124	1
G124	G321	1
G321	G124	1
G124	G237	1
G237	G124	1
G260	G496	1
G496	G260	1
G260	G121	1
G121	G260	1
G260	G32	1
G32	G260	1
G260	G562	1
G562	G260	1
G408	G421	1
G421	G408	1
G541	G421	1
G421	G541	1
G161	G433	1
G433	G161	1
G464	G562	1
G562	G464	1
G367	G410	1
G410	G367	1
G367	G287	1
G287	G367	1
G296	G15	1
G15	G296	1
G296	G321	1
G321	G296	1
G296	G237	1
G237	G296	1
G237	G15	1
G15	G237	1
G237	G321	1
G321	G237	1
G237	G604	1
G604	G237	1
G334	G561	1
G561	G334	1
G334	G417	1
G417	G334	1
G322	G222	1
G222	G322	1
G322	G233	1
G233	G322	1
G410	G287	1
G287	G410	1
G410	G279	1
G279	G410	1
G562	G222	1
G222	G562	1
G15	G321	1
G321	G15	1
G417	G561	1
G561	G417	1
G584	G128	1
G128	G584	1
G32	G496	1
G496	G32	1
G32	G121	1
G121	G32	1
G121	G496	1
G496	G121	1
G507	G920	1
G497	G233	1
G233	G497	1
G294	G654	1
G421	G496	1
G496	G421	1
G421	G165	1
G165	G421	1
G354	G1063	1
G233	G222	1
G222	G233	1
